Date,SP500_Close,SP500_Volume,VIX_Close,Gold_Close,Gold_Volume,IEF_Close,IEF_Volume,JPY_Close,SP500_Return,VIX_Return,Gold_Return,IEF_Return,JPY_Return,SP500_MA7,SP500_MA30,VIX_MA7,VIX_MA30,Gold_MA7,Gold_MA30,IEF_MA7,IEF_MA30,JPY_MA7,JPY_MA30,SP500_Vol30,VIX_Vol30,Gold_Vol30,IEF_Vol30,JPY_Vol30,SP500_Drawdown,Gold_Drawdown,IEF_Drawdown,is_stress
2023-02-15,4147.60009765625,4075980000.0,18.229999542236328,1845.300048828125,169531.0,84.66178131103516,4964700.0,132.99099731445312,0.002773175690496066,-0.03595982605303094,-0.010775155635720068,-0.0029974436106032787,-0.004941865626914677,4124.977120535715,4027.01201171875,19.572856903076172,19.750999959309897,1871.8142961774554,1898.0933390299479,85.28243691580636,86.3079345703125,131.92142813546317,130.65250040690105,0.16205521954745547,0.7439440836740847,0.13123452471995142,0.09770155355857682,0.13197189849139052,-0.007694142671365028,-0.05018529830633415,-0.03352748794325043,0
2023-02-16,4090.409912109375,4143660000.0,20.170000076293945,1851.800048828125,168509.0,84.38094329833984,27126400.0,133.9029998779297,-0.013788741489130674,0.10641802428809233,0.003522462379019542,-0.0033171758064427515,-0.006857626319773713,4114.464250837053,4034.9266764322915,19.788571221487864,19.6896666208903,1867.1000104631696,1897.853340657552,85.11066545758929,86.28095728556315,132.10428510393416,130.74100036621093,0.16826052778904063,0.8056296535796873,0.13001412338541887,0.09543652158697799,0.13297578517130743,-0.02137679161621972,-0.04683961175257854,-0.036733447177837025,0
2023-02-17,4079.090087890625,4045480000.0,20.020000457763672,1850.199951171875,165081.0,84.6178970336914,4540500.0,134.07400512695312,-0.002767405825327751,-0.007436768367024893,-0.0008640769057450814,0.002808142764104682,-0.001277083031592463,4108.925711495535,4043.959676106771,19.844285692487443,19.608333333333334,1861.3142961774554,1898.17333984375,84.92760140555245,86.26596450805664,132.5374276297433,130.80193379720052,0.16389207865365588,0.8030306430537356,0.1266902209289207,0.09578952133186552,0.13137677206234025,-0.024085039183901962,-0.04766321563153415,-0.034028457177625385,0
2023-02-21,3997.340087890625,4121590000.0,22.8700008392334,1842.5,210165.0,83.69635009765625,11382100.0,134.33599853515625,-0.020041234255327334,0.14235765815702117,-0.0041616859664265204,-0.010890685875450612,-0.001954095485959817,4096.902866908482,4047.368343098958,20.15285737173898,19.666333389282226,1856.1714390345983,1897.2666748046875,84.66805921282086,86.18376210530599,132.9587140764509,130.83623352050782,0.16441644385821402,0.8875744329514579,0.11825514202089352,0.09240095904886989,0.12951755811907226,-0.04364357952689603,-0.051626542262352144,-0.04454854981512824,1
2023-02-22,3991.050048828125,4079320000.0,22.290000915527344,1841.5,141500.0,83.84551239013672,30136400.0,134.9759979248047,-0.0015735561458868341,-0.025360730320178493,-0.0005427408412482793,0.0017821839579197363,-0.0047641689243924645,4082.7014508928573,4050.6670084635416,20.404285975864955,19.677000109354655,1851.4571533203125,1896.0566731770834,84.48875863211495,86.09923299153645,133.45257132393974,130.94003346761068,0.1645047280188871,0.8849240391086456,0.11737876334620434,0.09217756312769543,0.12570698764752739,-0.04514846004998979,-0.05214126327062223,-0.04284575956803771,0
2023-02-23,4012.320068359375,3952940000.0,21.13999938964844,1826.800048828125,179972.0,84.17029571533203,7059800.0,134.9320068359375,0.005329429416074394,-0.05159270877722599,-0.00798259634638876,0.0038735922285748625,0.00032591786349822627,4064.8485979352677,4053.7693440755206,20.518571581159318,19.6956667582194,1846.2143031529017,1894.400008138021,84.32701328822544,86.0436299641927,133.9355730329241,131.0468002319336,0.16404316478045075,0.8780661586039047,0.11930170298378369,0.09179449388890287,0.12563678333915773,-0.040059646164996215,-0.05970763695933088,-0.039138134340752966,0
2023-02-24,3970.0400390625,3877700000.0,21.670000076293945,1817.0999755859373,169473.0,83.66122436523438,10757200.0,134.6280059814453,-0.010537551485558128,0.025070988739244182,-0.0053098713504032835,-0.00604811169749675,0.002252992908212015,4041.1214773995534,4053.7836751302084,20.91285732814244,19.715000089009603,1839.3142961774554,1892.3400065104167,84.14771488734654,85.95266571044922,134.26285879952567,131.13103383382162,0.16315937677342243,0.8781308557235177,0.11979919856473906,0.09056311159899416,0.12579865545230087,-0.05017506706659745,-0.06470046843884351,-0.04494953423012517,0
2023-02-27,3982.239990234375,3836950000.0,20.950000762939453,1824.9000244140625,130427.0,83.91575622558594,3693200.0,136.39500427246094,0.0030730045671669703,-0.03322562578770549,0.0042925809988028085,0.0030424113713705125,-0.013125042431803902,4017.498604910714,4053.752677408854,21.301428931100027,19.785666783650715,1836.4000069754463,1889.8766723632812,84.0411398751395,85.8444953918457,134.7491455078125,131.28080088297526,0.1631010087918179,0.8223789421137994,0.11578760942049948,0.08644558446347897,0.13066039427270257,-0.04725625070968399,-0.06068561944147493,-0.04204387783283427,0
2023-02-28,3970.14990234375,5043400000.0,20.700000762939453,1836.699951171875,184507.0,84.04741668701172,4690000.0,136.31700134277344,-0.0030360018281855305,-0.011933173789771434,0.006466067510520812,0.0015689599587453973,0.0005718899317725956,4000.318603515625,4052.7880045572915,21.37714331490653,19.864000129699708,1834.2428501674108,1887.043339029948,83.99349321637835,85.7561866760254,135.09400285993303,131.5189676920573,0.16289314859266935,0.8189677746691767,0.111225373307092,0.08592865289949136,0.11328318701510677,-0.0501487824743217,-0.05461194924318042,-0.040540883034919,0
2023-03-01,3951.389892578125,4249480000.0,20.57999992370605,1845.4000244140625,182583.0,83.37545776367188,8328600.0,136.34800720214844,-0.004725264845680033,-0.0057971417782866075,0.004736796141708632,-0.007994997940771742,-0.0002274540891420429,3982.0757184709823,4051.4686686197915,21.457143238612584,19.90466677347819,1833.5571463448662,1884.8933390299478,83.81600189208984,85.65452880859375,135.41886029924666,131.78653462727866,0.16334417087079556,0.8057174008291685,0.1117339406515446,0.08809606623453628,0.11057692762373353,-0.054637081041122186,-0.05013383877193801,-0.0482117566993095,0
2023-03-02,3981.35009765625,4244900000.0,19.59000015258789,1840.5,139755.0,83.03247833251953,12952800.0,136.19400024414062,0.0075821940867943916,-0.0481049453249891,-0.002655264088672782,-0.00411367373987348,0.0011295138166521612,3979.791434151786,4053.2183349609377,20.98857171194894,19.87966677347819,1833.2714320591517,1882.6766723632813,83.72116306849888,85.5023198445638,135.68428911481584,132.05030110677083,0.15822188589170313,0.8060841219502183,0.11181768746504071,0.07649600679567227,0.11075384050194427,-0.04746915590711749,-0.05265598427889233,-0.052127103001695825,0
2023-03-03,4045.639892578125,4084730000.0,18.489999771118164,1854.5999755859373,158961.0,83.70088958740234,5696900.0,136.7050018310547,0.0161477371607488,-0.05615111653403504,0.007660948430283865,0.008049997643163609,-0.003752012467495236,3987.5899832589284,4058.111328125,20.44571440560477,19.81200008392334,1835.142857142857,1880.3666707356772,83.70050266810826,85.37793604532878,135.93128967285156,132.32250111897787,0.16256184375189608,0.8217153850133052,0.11093303607021024,0.08161540899414578,0.11086741549593143,-0.03208793819919936,-0.045398430628714986,-0.04449672841484085,0
2023-03-06,4048.419921875,4000870000.0,18.61000061035156,1854.5999755859373,136224.0,83.5513687133789,3766400.0,135.86000061035156,0.0006871667698291617,0.006490040060511015,0.0,-0.0017863713845872597,0.006181201926666935,3992.7471051897323,4060.638321940104,20.084286008562362,19.770666758219402,1839.1142752511162,1877.9133382161458,83.6120845249721,85.26783803304036,136.06386021205358,132.57216796875,0.15372290024149093,0.816932009894039,0.11052031907181879,0.08014324170284054,0.11303764763209619,-0.031422821194212996,-0.045398430628714986,-0.046203612117080135,0
2023-03-07,3986.3701171875,3922500000.0,19.59000015258789,1820.0,248226.0,83.56016540527344,5053300.0,135.99899291992188,-0.015326919115337678,0.05265983396535834,-0.01865630111151373,0.00010528483291172286,-0.0010230554169430306,3995.0799734933034,4059.5236572265626,19.78714316231864,19.76333344777425,1839.528564453125,1874.293339029948,83.59764753069196,85.16737467447916,136.2597154889788,132.79366760253907,0.15668576524946476,0.8315251316958507,0.12131997605009796,0.080021401667009,0.11173390614780357,-0.0462681252707313,-0.06320776494842925,-0.046103191823750105,1
2023-03-08,3992.010009765625,3535570000.0,19.11000061035156,1818.5999755859373,208292.0,83.53378295898438,5163500.0,137.39100646972656,0.0014147940136839399,-0.024502273532291063,-0.0007692441835509545,-0.00031572994334205795,-0.010235469542221765,3996.4756905691966,4058.6923258463544,19.524285997663224,19.760333442687987,1838.6285574776787,1870.4000040690105,83.54307992117745,85.04939142862956,136.4020015171596,133.02013448079427,0.1567503143137342,0.8296384435454905,0.12028450152667348,0.07733801688025418,0.11213336326532368,-0.04491879112370487,-0.06392838692643836,-0.04640436560894979,0
2023-03-09,3918.320068359375,4445260000.0,22.61000061035156,1834.5999755859373,228473.0,84.05267333984375,12498800.0,137.2259979248047,-0.01845935787384867,0.18315017730057592,0.00879797658352266,0.006211742871912618,0.0012010141650591333,3989.0714285714284,4055.428995768229,19.797143118722097,19.87800013224284,1838.3285609654017,1866.8000040690104,83.54383087158203,84.94549280802408,136.53185817173548,133.25303446451824,0.16548001129529546,0.9825206514922808,0.12326271000248502,0.0801243055502999,0.11168933330100501,-0.06254897695694046,-0.055692850794116865,-0.0404808747243341,1
2023-03-10,3861.590087890625,5518190000.0,24.799999237060547,1867.199951171875,345814.0,85.60059356689453,11041300.0,136.39500427246094,-0.01447813845705137,0.09685973319727981,0.017769527973271693,0.018416073701691626,0.006055657564240202,3976.2428850446427,4048.8010009765626,20.400000163487025,20.080333455403647,1841.442836216518,1864.706669108073,83.86170741489956,84.90370229085286,136.53857203892298,133.49163462320965,0.16620207308623966,1.012525087164086,0.13487813760533118,0.09783895484590553,0.1105791029771753,-0.07612152266526233,-0.038912958490942555,-0.02281029979507467,0
2023-03-13,3855.760009765625,6558020000.0,26.520000457763672,1916.5,452332.0,86.63837432861328,23930600.0,134.97999572753906,-0.001509761003189447,0.06935489006518969,0.02640319736361585,0.012123522962580235,0.01037434290551631,3958.301443917411,4041.6409993489583,21.390000207083567,20.347333463033042,1852.2999790736608,1864.2766682942708,84.37683541434151,84.90088348388672,136.36514282226562,133.66430104573567,0.16574532451204807,1.0237197092482724,0.15664520428758463,0.10433798676266627,0.11576537138297838,-0.07751635836202832,-0.0135371876503652,-0.010963318025843289,1
2023-03-14,3919.2900390625,5665870000.0,23.729999542236328,1910.9000244140625,261275.0,85.82044219970703,47886700.0,133.11399841308594,0.016476655480623936,-0.10520365261572151,-0.002921980477922026,-0.009440760347186217,0.013824250803946447,3940.25146484375,4038.358333333333,22.13857160295759,20.473666763305665,1860.3428431919642,1863.8766682942708,84.67962864467076,84.87985000610351,135.85214233398438,133.77296752929686,0.17033750527789632,1.0616086451039097,0.15657139082190388,0.10753105600377262,0.1238200936970214,-0.0623169132122482,-0.01641961273024686,-0.02030057631493755,0
2023-03-15,3891.929931640625,6594010000.0,26.13999938964844,1931.300048828125,385454.0,87.06053161621094,25157400.0,134.39700317382812,-0.00698088356543769,0.10155920328285828,0.010675610525630486,0.01444981387555866,-0.009638390973432331,3917.895751953125,4032.2026611328124,23.214285714285715,20.698333422342937,1871.2999965122767,1863.936669921875,85.18093763078961,84.88555577596028,135.6431427001953,133.9035675048828,0.16477262131834275,1.0898663849993733,0.159397994099394,0.114739025741908,0.12593184155310266,-0.06886276966239369,-0.005919291595106079,-0.006144101988696316,1
2023-03-16,3960.280029296875,5695790000.0,22.989999771118164,1923.0,248084.0,86.2778091430664,13961000.0,132.9290008544922,0.017562006217166637,-0.12050496144149458,-0.004297648536363496,-0.00899055471651622,0.010922879860923884,3914.1685965401784,4026.904996744792,23.699999945504324,20.869000053405763,1886.0142822265625,1863.2766682942708,85.56917245047433,84.84434026082357,135.20457240513392,133.9975341796875,0.1704419896916137,1.1261730582592082,0.15853895895345188,0.11561844053312821,0.1301928436923525,-0.05251013183416922,-0.010191501096609589,-0.015079417820099266,0
2023-03-17,3916.639892578125,9354280000.0,25.51000022888184,1973.5,351092.0,87.29798126220703,12293700.0,133.3679962158203,-0.011019457310067593,0.10961289616581449,0.026261050442017764,0.011824270102280598,-0.003302479959272908,3903.401436941964,4018.1343343098956,24.614285605294363,21.095000076293946,1908.142857142857,1864.7,86.10691506522042,84.83830134073894,134.6298566545759,134.15573425292968,0.16575742167177465,1.1575441308139742,0.17508947364647615,0.12096770049914453,0.12511628055338456,-0.06295095598814412,0.0,-0.003433450827108741,1
2023-03-20,3951.570068359375,5347140000.0,24.14999961853028,1982.800048828125,338016.0,86.9461898803711,7982400.0,132.28399658203125,0.008918403718310097,-0.05331244994705242,0.00471246456960972,-0.0040297768258730216,0.008127884234197413,3908.151436941964,4011.970670572917,24.834285463605607,21.28900006612142,1929.3142961774554,1868.2400024414062,86.52027457101005,84.85183995564779,133.9238564627511,134.27366739908854,0.16683796054696315,1.1693949663275403,0.1524516952288077,0.11732265564796981,0.12803051743470617,-0.05459397430978997,0.0,-0.007449391612405886,0
2023-03-21,4002.8701171875,4920240000.0,21.3799991607666,1941.0999755859373,248934.0,86.18984985351562,9851600.0,131.39199829101562,0.012982193897784988,-0.11469981372746108,-0.021030901863671736,-0.008698943885823152,0.006743055199897041,3928.334298270089,4008.363671875,24.345714024135045,21.354000027974447,1939.8714425223213,1870.2933349609375,86.60445404052734,84.86503473917644,133.20914132254464,134.2531005859375,0.1713311121465562,1.2155068571073706,0.16629656751937896,0.11737395917980747,0.10690452809770001,-0.04232052997214534,-0.021030901863671687,-0.01608353365860915,0
2023-03-22,3936.969970703125,4533010000.0,22.26000022888184,1949.5999755859373,245031.0,87.32437896728516,10705200.0,132.34800720214844,-0.01646322377571363,0.041160014156131686,0.0043789604383639436,0.01316314062152002,-0.00727600556782293,3939.935721261161,4000.796004231771,23.73714256286621,21.474000040690104,1944.6000104631696,1872.4533325195312,86.70245470319476,84.92306925455729,132.83314296177454,134.24393412272136,0.1720349519648384,1.2117216768376802,0.16649564028506694,0.12292451453021215,0.10818848884714968,-0.05808702139262078,-0.016744034912551897,-0.0031321028523282573,1
2023-03-23,3948.719970703125,4991600000.0,22.61000061035156,1995.9000244140625,262247.0,87.8257064819336,7118800.0,131.1790008544922,0.0029845287333754023,0.01572328741558593,0.0237484865654094,0.005740980017003627,0.008832821682541181,3944.1399972098216,3995.1580078125,23.5771427154541,21.573333422342937,1956.7428676060267,1875.9600016276042,86.98892102922711,84.9872812906901,132.5567147391183,134.24850056966145,0.17026947726308664,1.204993700915227,0.1788587525667306,0.12349986110508425,0.10558204665468275,-0.05527585504362775,0.0,0.0,0
2023-03-24,3970.989990234375,4583970000.0,21.739999771118164,1983.800048828125,285442.0,87.85206604003906,9135800.0,130.86500549316406,0.005639807253104534,-0.038478585393539544,-0.006062415671090338,0.0003001348826141559,0.0023936404400306532,3955.4342912946427,3991.4743408203126,22.948571341378347,21.607666778564454,1964.2428676060267,1879.4700032552084,87.10199737548828,85.0652453104655,132.05214364188058,134.2311009724935,0.1699037453878387,1.2033870812032734,0.17870453330884561,0.12250148272201197,0.10552120273631578,-0.04994779295871987,-0.006062415671090388,0.0,0
2023-03-27,3977.530029296875,4233540000.0,20.600000381469727,1953.800048828125,206630.0,86.77030181884766,8284400.0,130.8459930419922,0.0016469543057482383,-0.052437874960925224,-0.015122491814495986,-0.012313475026283216,0.00014528292800830567,3957.8985770089284,3987.710009765625,22.607142857142858,21.61000010172526,1968.6428745814733,1882.1133382161458,87.17235347202846,85.12090148925782,131.75457109723772,134.2086675008138,0.16982550591206452,1.2141317939075402,0.1850916216328594,0.1273834270766031,0.10546813965730287,-0.04838310038564754,-0.021093228654224208,-0.012313475026283232,0
2023-03-28,3971.27001953125,4014600000.0,19.96999931335449,1973.5,183582.0,86.71753692626953,13324800.0,131.23300170898438,-0.0015738434957162095,-0.030582575555772373,0.010082890101108744,-0.0006080985253259508,-0.0029577418306419023,3965.702880859375,3982.1760091145834,21.815714154924667,21.59766674041748,1968.6428745814733,1885.7800048828126,87.08943285260882,85.1680689493815,131.44957188197546,134.19806772867838,0.16575758869739352,1.2175515792980796,0.18538642192340482,0.1273319902664821,0.10584875334909417,-0.04988079645351926,-0.011223019259513505,-0.012914085745604018,0
2023-03-29,4027.81005859375,4145250000.0,19.1200008392334,1966.9000244140625,88563.0,86.56802368164062,13404700.0,131.04600524902344,0.014237268879836451,-0.042563770823600966,-0.003344299764853065,-0.0017241408131325464,0.0014249194754808459,3976.594308035714,3978.5653483072915,21.097142900739396,21.60466677347819,1966.3714425223213,1889.1633382161458,87.03540910993304,85.22312596638997,131.27271597726005,134.15503438313803,0.17177347883516889,1.2058022139003526,0.18601309104077407,0.1266121590459049,0.10434515483761173,-0.0363536938847319,-0.014529785883696026,-0.014615960856438232,0
2023-03-30,4050.830078125,3930860000.0,19.020000457763672,1980.300048828125,10119.0,86.699951171875,4157500.0,132.5760040283203,0.005715269388667954,-0.005230145244791484,0.006812763357433083,0.001523974842252862,-0.011675279810242634,3983.445731026786,3975.3396809895835,20.760000228881836,21.631000137329103,1971.9714529854912,1893.6633382161458,87.10828072684151,85.2910649617513,131.44185965401786,134.14120127360027,0.17251941230469484,1.2004326600195223,0.1826066050455505,0.12615046891854362,0.10900850269990019,-0.030846195649888296,-0.007816010519122667,-0.013114260370825881,0
2023-03-31,4109.31005859375,4525120000.0,18.700000762939453,1969.0,162212.0,87.17485046386719,6330100.0,133.2010040283203,0.014436542471763847,-0.01682437892337696,-0.005706230646619459,0.00547750356918586,-0.004714276950650076,4008.065743582589,3975.969685872396,20.251428876604354,21.582000160217284,1974.742885044643,1897.5700032552083,87.08691951206752,85.3841952006022,131.563716343471,134.1178014119466,0.17334619201005735,1.1616768803418551,0.1840754444264158,0.1262170061779001,0.10799520977794642,-0.016854965591716405,-0.013477641206983578,-0.007708590209628425,0
2023-04-03,4124.509765625,4234700000.0,18.549999237060547,2000.4000244140625,187986.0,87.58551788330078,7226600.0,133.3470001220703,0.0036988464765423945,-0.008021471644866773,0.015947193709529017,0.004710847420424491,-0.0010960585080797003,4033.1785714285716,3977.483675130208,19.671428680419922,21.53300011952718,1975.3857421875,1902.5766723632812,87.05260685511998,85.4831158955892,131.87343052455358,134.09356791178385,0.17339369588747228,1.161710650540189,0.1881173552182919,0.12655856033041415,0.10797565465978849,-0.013218463045265106,0.0,-0.0030340567815081375,0
2023-04-04,4100.60009765625,4227800000.0,19.0,2038.199951171875,233301.0,88.14950561523438,6763200.0,132.2989959716797,-0.005796972083329965,0.02425880223436394,0.018896183911457642,0.006439280666069136,0.007859225550115423,4051.6943010602677,3980.925675455729,19.280000141688756,21.404000091552735,1983.1571568080358,1909.1000040690103,87.09509822300502,85.6315544128418,132.07828630719865,134.02566782633463,0.1634096757754736,1.083746902201205,0.1926534742390384,0.12208295104085352,0.11003322735005112,-0.018938808067337155,0.0,0.0,0
2023-04-05,4090.3798828125,3968020000.0,19.07999992370605,2035.5999755859373,197371.0,88.51960754394531,6257100.0,131.48500061035156,-0.002492370531228194,0.004210522300318376,-0.001275623416850169,0.0041985706684097845,0.006152694926742863,4067.8157087053573,3984.236669921875,19.062857219151088,21.297000058492024,1994.8428606305802,1915.5700032552083,87.34499904087612,85.78735758463542,132.16957310267858,133.9093012491862,0.1635522541274277,1.0820588777257714,0.19279683178960352,0.12228781950006619,0.1100559395535084,-0.021383976071441754,-0.001275623416850175,0.0,0
2023-04-06,4105.02001953125,3486690000.0,18.39999961853028,2026.4000244140625,0.0,88.54605865478516,4264700.0,130.9340057373047,0.0035791630944272956,-0.035639429134949885,-0.004519528041960541,0.0002988164043395969,0.004190553070610115,4086.9228515625,3987.326668294271,18.838571548461914,21.205666732788085,2002.4000069754463,1922.2233357747396,87.60621643066406,85.93321634928385,132.1268593924386,133.77603454589843,0.16321598382241248,1.0768044782678796,0.19127276190850923,0.12220974222932447,0.11046527307793629,-0.017881349714981565,-0.005789386243007249,0.0,0
2023-04-10,4109.10986328125,3423650000.0,18.96999931335449,2003.800048828125,136231.0,87.67362976074219,6025100.0,132.0970001220703,0.0009963029974375814,0.030978244926166854,-0.011152771078589141,-0.009852825832082579,-0.008882294391106882,4098.537109375,3991.9623291015623,18.817142759050643,21.11566670735677,2007.6714390345983,1928.446671549479,87.76416015625,86.06696319580078,132.2770015171596,133.69166768391926,0.15962998733258443,1.0782509287478643,0.19434487590245061,0.12478152473435188,0.11400667850938728,-0.016902861959863312,-0.016877589622142603,-0.009852825832082605,0
2023-04-11,4108.93994140625,3665830000.0,19.100000381469727,2019.0,126376.0,87.63836669921875,5459000.0,133.468994140625,-4.1352477946232646e-05,0.0068529822256619966,0.007585562831363468,-0.00040220829934456415,-0.010386261741650804,4106.838518415178,3996.1856608072917,18.828571319580078,21.054000027974446,2013.2000034877233,1934.9166707356771,87.89821951729911,86.19105021158855,132.40457153320312,133.59413401285806,0.15956716089616918,1.0744929779080417,0.19471946858732553,0.12483309318780741,0.11138620583468462,-0.016943515462583124,-0.009420052807299831,-0.010251071243105559,0
2023-04-12,4091.949951171875,3633120000.0,19.09000015258789,2024.9000244140625,228494.0,87.89395904541016,5857200.0,133.593994140625,-0.004134884052006904,-0.000523572182309362,0.002922250824201278,0.0029164435146151746,-0.0009365471044779916,4104.358503069197,4000.2456624348956,18.884285518101283,21.00033334096273,2021.1857212611608,1941.1900065104167,88.00094931466239,86.31926829020182,132.46071297781808,133.50336710611978,0.15984581610779694,1.0739840121335975,0.19451283997660082,0.12490272219643991,0.11148689217023243,-0.021008340042718888,-0.006525329740178646,-0.007364524398735162,0
2023-04-13,4146.22021484375,3596590000.0,17.799999237060547,2055.300048828125,198461.0,87.60315704345703,39858200.0,133.0850067138672,0.01326268999363811,-0.06757469383008197,0.015013098941938807,-0.0033085550487363946,0.003809957401393671,4107.459995814732,4006.7400065104166,18.777142660958425,20.907666651407876,2029.0285818917412,1948.1866739908853,88.00346919468471,86.46019159952799,132.42328534807478,133.39460042317708,0.16266859218713117,1.0914036529538083,0.19741754698245043,0.12251527912451317,0.11182480969218127,-0.008024277150348334,0.0,-0.010648713513090616,0
2023-04-14,4137.64013671875,3575690000.0,17.06999969482422,2015.800048828125,262825.0,87.17132568359375,4968500.0,132.48699951171875,-0.0020693734728036706,-0.04101121199580893,-0.01921860509978668,-0.00492940408128284,0.004493422789797474,4112.751429966518,4011.949674479167,18.5014283316476,20.82366663614909,2025.8285958426338,1954.030008951823,87.86372920445034,86.59815317789713,132.45014299665178,133.27103373209636,0.16201719680065882,1.0890236333631875,0.2076041418434444,0.12287270909375009,0.11233919009790176,-0.010077045396878653,-0.01921860509978667,-0.015525625782521644,0
2023-04-17,4151.31982421875,3611180000.0,16.950000762939453,2007.0,183425.0,86.61615753173828,5681000.0,133.9709930419922,0.00330615690296554,-0.007029814530175482,-0.004365536568590178,-0.0063687014910219775,-0.011201050184113992,4121.457135881697,4015.4723388671873,18.19714273725237,20.772333335876464,2021.742885044643,1959.110009765625,87.59180777413505,86.69532877604166,132.80528477260046,133.17990010579427,0.15597702989139217,1.0771759616336132,0.20824323133220263,0.12345327326535631,0.11699496714655633,-0.006804204787113494,-0.023500242145016417,-0.02179544919747346,0
2023-04-18,4154.8701171875,3536640000.0,16.829999923706055,2019.699951171875,164975.0,86.75715637207031,5061300.0,134.4250030517578,0.0008552202959737354,-0.007079695211328563,0.0063278281872820585,0.001627858408292493,-0.0033888679889333417,4128.578578404018,4019.0206787109373,17.972857066563197,20.71299997965495,2020.7857317243304,1964.6133422851562,87.33625030517578,86.80218836466472,133.30399867466517,133.13206685384114,0.15597573585989824,1.0771058630070907,0.20833289988793413,0.12313872693409933,0.1163472383335587,-0.005954803585171658,-0.01732111945238759,-0.02020307069441954,0
2023-04-19,4154.52001953125,3572560000.0,16.459999084472656,2007.300048828125,218808.0,86.5721206665039,4648100.0,134.04400634765625,-8.42619976980652e-05,-0.02198460136130065,-0.006139477468697918,-0.002132800489366593,0.0028342696332680495,4135.06574358259,4024.6256754557294,17.614285605294363,20.608666610717773,2021.2857317243304,1970.8566772460938,87.17889186314174,86.9025868733724,133.58214242117745,133.06690063476563,0.14825052389164822,1.0663674687854785,0.20005735448267323,0.12349535280394387,0.11649504877212562,-0.0060385638192236865,-0.023354254298474944,-0.022292782064722374,0
2023-04-20,4129.7900390625,3772080000.0,17.170000076293945,2019.0999755859373,162840.0,87.07443237304688,4608000.0,134.70399475097656,-0.00595254815297297,0.043134935073663616,0.005878506685984108,0.0058022340526691085,-0.004923669631363925,4138.044328962053,4029.2183430989585,17.338571275983536,20.543999926249185,2021.300013950893,1977.5400105794272,87.09832981654576,87.0206085205078,133.7585710797991,132.97733357747396,0.14978269402607955,1.0728725994735746,0.1997964115098308,0.12410987174417457,0.11323016434099158,-0.011955167130287934,-0.017613035752530638,-0.016619895951277924,0
2023-04-21,4133.52001953125,3611750000.0,16.770000457763672,1990.5,210502.0,86.8628921508789,5948100.0,133.99600219726562,0.0009031888869577287,-0.023296424971048224,-0.014164714938217804,-0.00242941833099386,0.005255913568263382,4143.98291015625,4036.3916748046877,17.007142748151505,20.349333254496255,2016.3857247488838,1982.736678059896,86.95103454589844,87.11428248087564,133.81600080217635,132.86966705322266,0.1377572723616572,0.9202913052116707,0.20557445942433983,0.1237335752925056,0.11401391840506267,-0.011062776017423998,-0.03152826706011718,-0.019008937602388577,0
2023-04-24,4137.0400390625,3290940000.0,16.889999389648438,1999.800048828125,139878.0,87.28591918945312,5143700.0,133.96099853515625,0.0008515791660903549,0.0071555711752655515,0.004672217446935356,0.0048700547276210315,0.00026122915262682955,4142.671456473215,4045.57333984375,16.877142769949778,20.085666592915853,2008.4571533203125,1987.1566813151042,86.9057148524693,87.1704600016276,133.94114249093192,132.78853352864584,0.1288754542758714,0.866384770278955,0.20073639821192032,0.1130528422705282,0.11291056821801941,-0.010220617680909256,-0.027003356532611655,-0.014231457441205166,0
2023-04-25,4071.6298828125,3978640000.0,18.76000022888184,2004.5,222551.0,88.14950561523438,13076800.0,134.08399963378906,-0.015810858882773227,0.11071645392595397,0.0023502105496142622,0.009893765613063543,-0.0009181858897575612,4133.241420200893,4052.769002278646,17.118571417672293,19.82699991861979,2006.8428606305804,1990.0900146484375,87.04545484270368,87.22083104451498,134.1692853655134,132.7586669921875,0.13885780296875996,0.9071640940545499,0.18736856673683544,0.11126115016959894,0.10907293481849967,-0.02586987981983489,-0.02471660955639532,-0.004478494532397247,1
2023-04-26,4055.989990234375,3837030000.0,18.84000015258789,1996.0,241399.0,87.80582427978516,5903000.0,133.71099853515625,-0.003841187197329843,0.004264388205224456,-0.004240458967323502,-0.0038988458647670754,0.002781846451862635,4119.62287248884,4057.3256673177084,17.388571330479213,19.663999938964842,2005.2714320591517,1992.9266805013021,87.2154072352818,87.28701044718424,134.13214329310827,132.7785669962565,0.13261174908689016,0.8615507745123637,0.18768162593095106,0.10802746452009886,0.101520315667362,-0.029611695966004326,-0.02885225875508359,-0.008359879437276304,0
2023-04-27,4135.35009765625,3750550000.0,17.030000686645508,1999.0,203898.0,87.23301696777344,5065800.0,133.46499633789062,0.01956614972249704,-0.09607215771140842,0.0015030060120240218,-0.006523568529879342,0.0018398052513305396,4116.83429827009,4065.4396728515626,17.417142868041992,19.360333315531413,2002.3142961774554,1995.1833455403646,87.28338732038226,87.29275995890299,133.9949994768415,132.74750010172525,0.1405057390569958,0.836722360253479,0.18566567552445112,0.10190232109216299,0.09759131967387645,-0.010624933120315209,-0.027392617861428905,-0.01482891172074501,0
2023-04-28,4169.47998046875,4087800000.0,15.779999732971191,1999.0999755859373,172445.0,87.88516235351562,8525900.0,133.802001953125,0.008253202753460531,-0.07339993560038638,5.001279936833747e-05,0.007475900850512973,-0.0025250486980210596,4118.971435546875,4072.4130045572915,17.320000103541783,19.119999980926515,2001.142857142857,1997.7200113932292,87.47096470424107,87.34633839925131,133.9604274204799,132.77660013834637,0.13402300252343208,0.7940980872127008,0.184970224819053,0.10032067556601493,0.09241359449879802,-0.0024594200941385593,-0.027343975043561862,-0.007463870343977366,0
2023-05-01,4167.8701171875,3321370000.0,16.079999923706055,1992.199951171875,173016.0,86.8507308959961,17442000.0,136.38600158691406,-0.0003861064902076494,0.01901141925294425,-0.003451565453618688,-0.01177026280452853,-0.019312114886698817,4124.41144670759,4080.787345377604,17.164285796029226,18.805666637420654,1997.2999965122767,1998.3433430989583,87.43900735037667,87.33143005371093,134.20071411132812,132.8772003173828,0.12865384081194184,0.7135995966654999,0.16962106775085437,0.10075814519224176,0.107456344638263,-0.002844576986285751,-0.030701160977555528,-0.019146281433018303,0
2023-05-02,4119.580078125,4486130000.0,17.780000686645508,2023.300048828125,245637.0,87.98143768310547,8540700.0,137.52099609375,-0.011586262936400304,0.10572144098292036,0.015610931843440756,0.01301896685778492,-0.008321928157067005,4122.420026506697,4086.3876790364584,17.308571543012345,18.593333339691164,2001.9857177734375,1999.6933430989584,87.59879956926618,87.36593831380209,134.70428466796875,133.05176696777343,0.13287568501137278,0.7834436657463796,0.17490457056056682,0.10697987546734614,0.10619132407045016,-0.014397881905780134,-0.015569502865649962,-0.006376579378659612,0
2023-05-03,4090.75,4246510000.0,18.34000015258789,2037.0,229674.0,88.55559539794922,9534800.0,136.46600341796875,-0.006998305064656485,0.031496031738794894,0.006771092196538042,0.006525896029475842,0.007671502575956057,4115.807163783482,4089.3170084635417,17.515714509146555,18.49200003941854,2007.2999965122767,2002.890010579427,87.78018188476562,87.44479649861654,135.06214250837053,133.2209004720052,0.13036642606209684,0.7243592252379167,0.16299876697785148,0.10478471907157189,0.10683579133854901,-0.02129542620057504,-0.008903833208469577,0.0,0
2023-05-04,4061.219970703125,4920090000.0,20.09000015258789,2055.699951171875,311003.0,88.53791046142578,12014100.0,134.54400634765625,-0.007218732334382416,0.09541984653435587,0.009180142941519476,-0.00019970433764193718,0.014084072385602164,4114.320033482143,4093.458675130208,17.70571449824742,18.419666703542074,2014.6142752511162,2006.4266764322917,87.8356682913644,87.48524754842123,135.1278577532087,133.29410044352213,0.12225657407893373,0.7694863094745584,0.16428371090116303,0.09817037699347116,0.11411676086111326,-0.02836043255326894,0.0,-0.00019970433764196735,0
2023-05-05,4136.25,4186270000.0,17.190000534057617,2024.800048828125,283299.0,88.06092071533203,11254400.0,134.1790008544922,0.018474751389515376,-0.14435040301165503,-0.01503132902549087,-0.005387406858913479,0.002712907866151304,4125.785749162947,4099.7096761067705,17.47000026702881,18.239000034332275,2018.7285679408483,2007.390010579427,87.87211063929966,87.49308802286784,135.19471522739954,133.39410044352215,0.13220823507558027,0.8701867653722466,0.15761459664102911,0.09828495013197809,0.11107104355145819,-0.010409633104474361,-0.015031329025490885,-0.005586035308037049,0
2023-05-08,4138.1201171875,3641640000.0,16.979999542236328,2033.199951171875,182213.0,87.52207946777344,7022400.0,135.19900512695312,0.0004521286642489297,-0.01221646220459538,0.004148509552146518,-0.006118959956147418,-0.007601817467451921,4126.18146623884,4105.280680338542,17.462857246398926,18.080333360036214,2023.6142752511162,2009.0366739908854,87.9134052821568,87.48208847045899,135.4424307686942,133.53856709798177,0.13167824941738598,0.8654122367463504,0.15668065294901296,0.0999228853174962,0.1123615768654091,-0.009962210933736192,-0.010945177085388176,-0.011670814537821012,0
2023-05-09,4119.169921875,3810140000.0,17.709999084472656,2042.9000244140625,199701.0,87.41607666015625,7317200.0,135.072998046875,-0.004579421277258522,0.042991729205911655,0.004770840780611296,-0.0012111550395259574,0.000932011888399642,4118.99431501116,4110.002010091146,17.738571439470565,17.983999983469644,2029.8714250837054,2012.0066731770833,87.84639304024833,87.5036142985026,135.6240016392299,133.6794672648112,0.13281183442128053,0.865834099288812,0.14948205360827238,0.0930837924132126,0.11246109123566914,-0.014496011050276234,-0.006226554001966949,-0.012867834411504141,0
2023-05-10,4137.64013671875,4057160000.0,16.940000534057617,2037.0999755859373,260807.0,88.06977081298828,9930800.0,135.28799438476562,0.004483965263404999,-0.0434781812659798,-0.0028391251450441413,0.00747796261062339,-0.0015917047892577418,4114.675746372768,4115.547680664063,17.861428669520787,17.88300002415975,2036.2857142857142,2014.1266723632812,88.02054159981864,87.54868876139322,135.46714346749442,133.81463368733725,0.13287260696730432,0.8701257893585221,0.14773906136425524,0.09534827176455693,0.11233299217234505,-0.010077045396878653,-0.009048001180977117,-0.005486096985489731,0
2023-05-11,4130.6201171875,3752900000.0,16.93000030517578,2020.5,296976.0,88.39659881591797,5979600.0,134.08700561523438,-0.0016966239932159066,-0.0005903322648502796,-0.008148827148830806,0.003711012302094918,0.008877275289598696,4116.252894810268,4118.974682617188,17.74000004359654,17.81000000635783,2035.885707310268,2015.9133382161458,88.07985033307757,87.60964126586914,134.97657339913505,133.91600036621094,0.127411286463431,0.8624318548224651,0.1496389085326494,0.09553112998203485,0.11577711064863178,-0.011756572433093446,-0.01712309773214173,-0.0017954436567983604,0
2023-05-12,4124.080078125,3533740000.0,17.030000686645508,2019.800048828125,220500.0,87.86658477783203,5107300.0,134.4980010986328,-0.0015833068345566526,0.005906696967935332,-0.0003464247324300729,-0.005995864605488621,-0.003065140290907875,4121.01433454241,4121.416349283854,17.55285726274763,17.74366668065389,2033.4285714285713,2017.2300048828124,87.9814202444894,87.64852905273438,134.6954302106585,133.98006693522134,0.1267544750999937,0.8627410949139155,0.1486323688930779,0.09744440000851541,0.1113476825940584,-0.013321265006165782,-0.017463590600021592,-0.007780543025214008,0
2023-05-15,4136.27978515625,3562170000.0,17.1200008392334,2022.699951171875,163251.0,87.67224884033203,4459100.0,135.82200622558594,0.0029581644391338813,0.005284800291198266,0.001435737337184717,-0.002211716069212999,-0.00984405058913973,4131.737165178572,4122.315340169271,17.12857164655413,17.691000016530356,2028.7142857142858,2019.0200032552084,87.85775429861886,87.66510899861653,134.8780016217913,134.06743367513022,0.12007854609842698,0.8618708813120532,0.14739326765081542,0.09655082586551135,0.11399446482441211,-0.010402507059457384,-0.016052926391902658,-0.009975050742390967,0
2023-05-16,4109.89990234375,3654200000.0,17.989999771118164,1993.0,229938.0,87.38958740234375,7194000.0,136.0449981689453,-0.006377683373153031,0.050817692128321434,-0.014683320259471944,-0.00322406966545441,-0.0016417953876266544,4127.972865513393,4121.828344726562,17.242857251848495,17.67233336766561,2024.171421595982,2018.7733357747395,87.76184953962054,87.65857798258463,135.14457266671317,134.15736694335936,0.1211074959747302,0.8747738230088568,0.1470253792021638,0.09607252013710987,0.1140229673861641,-0.016713846536298205,-0.030500536392060615,-0.013166960149335423,0
2023-05-17,4158.77001953125,4039080000.0,16.8700008392334,1984.9000244140625,206552.0,87.10689544677734,5542600.0,136.42999267578125,0.011890829058788244,-0.062256750757876844,-0.004064212536847744,-0.0032348471250343014,-0.0028299056342948603,4130.9228515625,4123.767342122396,17.227143151419504,17.601333395640054,2017.2714320591517,2016.996671549479,87.7025375366211,87.62382431030274,135.32042803083147,134.2950668334961,0.12466266369421161,0.8901281253754881,0.13591093045277133,0.09446620746859483,0.11123081474094783,-0.005021758969587909,-0.03444078826652314,-0.016359214171185216,0
2023-05-18,4198.0498046875,3980500000.0,16.049999237060547,1959.800048828125,227733.0,86.56806945800781,9448900.0,137.61399841308594,0.009445048649426635,-0.04860708721874096,-0.012645460868159875,-0.00618580177844541,-0.008678485676667957,4142.19140625,4127.356339518229,16.990000316074916,17.50033337275187,2005.4000069754463,2014.4700073242188,87.58139365059989,87.55877304077148,135.68342808314733,134.4993667602539,0.12695323414198756,0.8998205305166854,0.1401509745671019,0.09488663652591205,0.11119212255449981,0.0,-0.046650729494390065,-0.02244382109351651,0
2023-05-19,4191.97998046875,4041900000.0,16.809999465942383,1981.5999755859373,234604.0,86.24122619628906,12923500.0,138.6199951171875,-0.0014458676054706077,0.0473520414335562,0.011123546389769645,-0.003775563712637653,-0.007310278864812725,4149.954241071428,4130.2550048828125,16.971428734915598,17.44733336766561,1997.471435546875,2012.9766723632813,87.32017299107143,87.48194529215495,136.159428187779,134.75556640625,0.12686613500604943,0.9067280073750454,0.14423082127141798,0.09523855124903968,0.11103446413826812,-0.001445867605470639,-0.036046104658267956,-0.026134646729660548,0
2023-05-22,4192.6298828125,3728520000.0,17.209999084472656,1977.199951171875,165768.0,86.08222198486328,7034700.0,137.69200134277344,0.0001550346964389604,0.02379533796777844,-0.0022204402847558757,-0.0018437146413465832,0.00669451599409987,4158.812779017857,4133.039005533854,17.011428560529435,17.388666693369547,1991.2857142857142,2012.0900024414063,86.98954772949219,87.42889836629232,136.67442757742745,134.94206644694012,0.12687420553982678,0.9047351203884567,0.1408930076344332,0.0914202546573219,0.1117311969769163,-0.0012910570686770248,-0.03818650672013208,-0.02793017654018524,0
2023-05-23,4145.580078125,4155320000.0,18.530000686645508,1974.5,214358.0,86.22355651855469,8264200.0,138.6719970703125,-0.011222026747550129,0.07669969043541625,-0.0013655428072789633,0.0016418550826471368,-0.0071173032418887505,4161.884207589285,4134.260343424479,17.22571427481515,17.369666703542073,1984.8142787388392,2010.606669108073,86.75482940673828,87.38173802693684,137.27071271623885,135.1154998779297,0.13149719889454364,0.9326570916238099,0.13885416932350444,0.09164926545624538,0.10983408323228024,-0.012498595539269885,-0.039499904217824226,-0.02633417875984985,0
2023-05-24,4115.240234375,0.0,20.030000686645508,1964.5999755859373,229885.0,86.00271606445312,7415400.0,138.59800720214844,-0.007318600335353365,0.0809498081174409,-0.005013939941282741,-0.002561254290804338,0.0005335602697532638,4158.878557477678,4135.036686197916,17.641428538731166,17.40100005467733,1976.5142822265625,2008.5966674804686,86.51632472446987,87.31869659423828,137.6672842843192,135.2823003133138,0.13275408692055513,0.9612015306693664,0.13895743757204146,0.09123534834335838,0.10995877089158278,-0.01972572364911814,-0.044315794011672356,-0.028827984522310758,0
2023-05-25,4151.27978515625,4147760000.0,19.13999938964844,1943.699951171875,253875.0,85.46389770507812,11647700.0,139.2830047607422,0.008757581265902425,-0.0444334132045463,-0.010638310431531406,-0.006265131893871678,-0.0049423333886371434,4164.789969308035,4135.205338541667,17.805714198521205,17.445666726430257,1969.4714181082588,2004.8766642252601,86.24122619628906,87.24738794962565,138.1298566545759,135.48890024820963,0.12951129149558102,0.9486122790450668,0.1330824949260033,0.09236285181231418,0.10938365798753684,-0.011140892011101695,-0.05448265926948781,-0.03491250529091572,0
2023-05-26,4205.4501953125,3715460000.0,17.950000762939453,1944.300048828125,166036.0,85.62290954589844,7408900.0,140.01699829101562,0.01304908677799732,-0.06217338895802571,0.0003087398628003335,0.001860573237240315,-0.005269799653836227,4171.458565848215,4137.465673828125,17.959999901907786,17.47500009536743,1963.671421595982,2002.493330891927,86.02922821044922,87.19577407836914,138.6422860281808,135.73990020751953,0.1346488424409352,0.9592922962563902,0.12252007732666365,0.09182457918947613,0.10835821855542499,0.0,-0.05419074037543525,-0.03311688932666469,0
2023-05-30,4205.52001953125,4228510000.0,17.459999084472656,1958.0,37838.0,86.29421997070312,7883000.0,140.4409942626953,1.660326849850513e-05,-0.027298142486906207,0.0070462124300887385,0.007840313163439472,-0.0030281749848575235,4172.525739397322,4139.272347005209,18.161428451538086,17.49200003941854,1963.414271763393,2000.8599975585935,85.99010685511998,87.18504282633464,139.046142578125,135.9555669148763,0.1344067099220153,0.9630092985829757,0.12438714262038356,0.09326559495472406,0.10477005652854299,0.0,-0.047526367413775555,-0.02553622294654532,0
2023-05-31,4179.830078125,5980670000.0,17.940000534057617,1963.9000244140625,207753.0,86.62106323242188,10817900.0,139.79200744628906,-0.006108624209833935,0.02749149339943724,0.0030132913248530624,0.003787545235703016,0.004621063955103533,4170.7900390625,4140.104345703125,18.32285717555455,17.52900005976359,1960.885707310268,1998.9999999999998,86.04436928885323,87.18050638834636,139.2135729108538,136.13446706136068,0.13574071124894896,0.9651428684525114,0.12310241662553338,0.09382315255999221,0.10614092678473143,-0.0061086242098339644,-0.0446562868795521,-0.02184539731040128,0
2023-06-01,4221.02001953125,4391860000.0,15.649999618530272,1995.5,176911.0,86.86190032958984,18161600.0,139.1269989013672,0.009854453563032717,-0.1276477618370171,0.01609041967162539,0.0027803525860881084,0.004757128515930242,4174.845772879465,4142.321012369792,18.10000010899135,17.502000077565512,1963.5,1998.6066650390624,86.15575190952846,87.19016571044922,139.41857256208147,136.30390014648438,0.1385646016414252,1.0358001390692946,0.13146358363541533,0.09394927727519015,0.10693936896235262,0.0,-0.029284405604795262,-0.019125782631219234,0
2023-06-02,4282.3701171875,4454200000.0,14.600000381469728,1969.5999755859373,209694.0,86.1712646484375,7585400.0,138.7480010986328,0.014534424705965554,-0.06709260464244993,-0.012979215441775382,-0.007950962142570961,0.0027241139802279823,4194.38720703125,4147.407014973958,17.538571493966238,17.41633342107137,1962.7999965122767,1996.9566650390623,86.14828164236886,87.16006011962891,139.42943028041296,136.4387003580729,0.14284527137469222,1.0455148448161489,0.1352394481907683,0.09517952257657539,0.10696177327195215,0.0,-0.04188353243714165,-0.026924676400142362,0
2023-06-05,4273.7900390625,3813290000.0,14.729999542236328,1974.300048828125,179985.0,86.14468383789062,6243100.0,140.20700073242188,-0.0020035816359177394,0.008904051874655705,0.0023863085400321893,-0.0003084649001650064,-0.010515464166953148,4217.037179129465,4152.082682291667,16.781428473336355,17.348333390553794,1964.1857212611608,1996.4166666666665,86.16856275285993,87.1361198425293,139.65928649902344,136.64573364257814,0.14315453091893557,1.0443174321013782,0.12939920765378268,0.09497129762443908,0.10868851434988985,-0.0020035816359177923,-0.03959717092825101,-0.027224835982689648,0
2023-06-06,4283.85009765625,3996560000.0,13.960000038146973,1981.5,135995.0,86.19780731201172,3986200.0,139.38299560546875,0.0023538963079141606,-0.05227423815469123,0.003646837356940047,0.0006166773357838551,0.005877061221255975,4235.975795200893,4156.976350911458,16.041428565979004,17.250666745503743,1969.585728236607,1995.8066650390622,86.27340698242188,87.09984944661458,139.67357090541296,136.82646687825522,0.14319332854890438,1.053857885659984,0.12909471303455924,0.09376746606668306,0.11069476027905777,0.0,-0.03609473801348124,-0.02662494758622674,0
2023-06-07,4267.52001953125,4537800000.0,13.9399995803833,1958.4000244140625,189529.0,85.56916046142578,8226600.0,139.52699279785156,-0.0038120096998572883,-0.0014326975436259604,-0.011657822652504368,-0.007293072413204316,-0.001033104445469224,4244.842912946428,4163.506022135417,15.468571254185267,17.090000057220458,1971.6000104631696,1994.2699991861978,86.26572854178292,87.01383794148764,139.60357012067522,137.00789998372395,0.1347810076962926,0.9961659760831499,0.13294649621175494,0.09054572525997615,0.11069139387550242,-0.0038120096998572376,-0.04733177461153588,-0.03372384232868698,0
2023-06-08,4293.93017578125,3826740000.0,13.649999618530272,1978.5999755859373,191843.0,86.14468383789062,5841900.0,139.8990020751953,0.0061886426142414575,-0.020803441218256835,0.01031451742241396,0.00672582707790248,-0.0026662172665237183,4257.472935267857,4171.437361653646,14.9242856161935,16.91700003941854,1974.5428641183037,1993.6899983723956,86.24436623709542,86.95846659342448,139.52614266531808,137.21416676839192,0.13439526813146876,0.9961538383549478,0.13626873697907957,0.09277230364026934,0.11004827233469806,0.0,-0.03750546160298638,-0.027224835982689648,0
2023-06-09,4298.85986328125,3786510000.0,13.829999923706056,1977.199951171875,130408.0,85.83480072021484,6421900.0,138.86300659179688,0.001148059539441082,0.013186835912539552,-0.0007075833575949098,-0.0035972401762937034,0.0074053100310292885,4274.477190290178,4176.887687174479,14.337142671857562,16.810333347320558,1976.4428536551338,1992.9633300781247,86.13204302106585,86.91185938517252,139.3934282575335,137.39410044352215,0.12356563559204391,0.9626903772327353,0.1361713321322479,0.09153354255637142,0.11268087090674309,0.0,-0.03818650672013208,-0.03072414188519344,0
2023-06-12,4338.93017578125,3945670000.0,15.010000228881836,1969.699951171875,122542.0,85.97645568847656,5261700.0,139.37100219726562,0.009321148810237156,0.08532178681744873,-0.003793243063532792,0.001650320931290583,-0.003658250083566683,4291.321498325893,4182.536027018229,14.24571418762207,16.784666697184246,1972.7571323939733,1991.9833292643227,86.00555092947823,86.84823582967122,139.42828587123327,137.5797337849935,0.12412364506639802,0.9746739249743153,0.13653326177272293,0.08862097894466082,0.11283160075849605,0.0,-0.04183489908192814,-0.02912452564835202,0
2023-06-13,4369.009765625,4275400000.0,14.609999656677246,1958.5999755859373,198397.0,85.3655014038086,9173500.0,139.4600067138672,0.006932489951473775,-0.02664893844804339,-0.00563536369046147,-0.007106065024146568,-0.0006386157464490783,4303.698590959822,4189.2406819661455,14.247142655508858,16.735666688283285,1971.1857038225446,1990.8633300781248,85.89044189453125,86.79872817993164,139.5300009591239,137.68220062255858,0.12503892955100235,0.975995076449476,0.13709488114951013,0.08450089675025177,0.09920674144898872,0.0,-0.0472345079011092,-0.03602362989944396,0
2023-06-14,4372.58984375,4252110000.0,13.880000114440918,1968.9000244140625,199710.0,85.4805908203125,7704400.0,140.177001953125,0.0008194255259321714,-0.0499657467070983,0.005258883363890465,0.0013481958708294606,-0.0051412247579256665,4317.812848772322,4197.674340820313,14.1257141658238,16.6056666692098,1970.414271763393,1989.0499959309893,85.79557146344867,86.71536661783854,139.52571541922433,137.77073415120444,0.11867622095683025,0.9308657462160193,0.12958053427102634,0.07436457825316403,0.09751443691695545,0.0,-0.042224025305021395,-0.034724000937697154,0
2023-06-15,4425.83984375,4176690000.0,14.5,1970.699951171875,266353.0,86.14468383789062,5959100.0,139.9770050048828,0.01217813742034668,0.044668579282937326,0.0009141788488464808,0.007768933405878142,0.001426745796069051,4338.097098214285,4208.844002278646,14.20285701751709,16.477666664123536,1968.8714076450892,1986.839994303385,85.78798239571708,86.63500289916992,139.6105739048549,137.88776753743488,0.11903318986003175,0.9363076252306684,0.12767493743166938,0.07552864142882373,0.09451374762644683,0.0,-0.041348446767022,-0.027224835982689648,0
2023-06-16,4409.58984375,6848600000.0,13.539999961853027,1971.199951171875,160514.0,85.77281951904297,6538100.0,140.26800537109375,-0.0036716195284263176,-0.06620689918254985,0.0002537169596532607,-0.004316741350487097,-0.002078915506163126,4358.392787388393,4220.456331380208,14.145714214869908,16.259333324432372,1970.6999686104912,1984.0233276367185,85.81707654680524,86.54283320109049,139.71643284388952,138.0785675048828,0.11690130333858968,0.9005500133273284,0.12401567659476855,0.07613294341088922,0.08323623986877508,-0.003671619528426367,-0.04110522060956893,-0.031424054757929996,0
2023-06-20,4388.7099609375,4055790000.0,13.880000114440918,1947.699951171875,250140.0,86.02957916259766,5477300.0,141.8990020751953,-0.0047351076976228645,0.025110794205745357,-0.01192167237323094,0.0029934849407355912,-0.01162771723877154,4371.932756696428,4228.871663411458,14.178571428571429,16.148999977111817,1966.285679408482,1981.4533243815101,85.80063302176339,86.47512181599934,140.0021471296038,138.33590087890624,0.10889168126489802,0.8129366292623379,0.12133726648224093,0.07585436265144647,0.08734955902236059,-0.008389341712157385,-0.052536850009863245,-0.028524637251889116,0
2023-06-21,4365.68994140625,3709330000.0,13.199999809265137,1944.9000244140625,182021.0,86.1092758178711,5119600.0,141.3350067138672,-0.005245281583003636,-0.048991376049651536,-0.0014375554900680765,0.0009263866689712685,0.003974625283335365,4381.479910714285,4236.45732421875,14.088571412222725,16.022999986012778,1961.6714041573662,1978.5099934895832,85.83984375,86.4280283610026,140.35529000418526,138.54043426513672,0.11082996575315524,0.8223826637986339,0.12024681599833138,0.07426622507861881,0.08720492405293638,-0.013590618835584701,-0.05389888086276878,-0.027624675426605252,0
2023-06-22,4381.89013671875,3511000000.0,12.90999984741211,1923.699951171875,171779.0,85.62227630615234,4102100.0,141.68800354003906,0.003710798414438443,-0.02196969439722829,-0.01090034087925651,-0.005655598738849021,-0.0024975894817518274,4387.617047991072,4245.214664713541,13.78857135772705,15.863000011444091,1955.0999755859375,1974.5366577148436,85.78924669538226,86.36823501586915,140.68629019601005,138.76093444824218,0.10927066705759572,0.8094861378939024,0.121768754143908,0.07572236750740916,0.08694153795765944,-0.009930252467972621,-0.06421170556761063,-0.03312404008595041,0
2023-06-23,4348.330078125,6053620000.0,13.4399995803833,1929.5999755859373,186861.0,85.97645568847656,4112100.0,143.02999877929688,-0.007658808766684566,0.041053426741707755,0.003067019059010745,0.004136533126704256,-0.009471481040937757,4384.662806919643,4252.237662760416,13.621428489685059,15.74633331298828,1950.9571184430802,1970.9533243815101,85.87652587890625,86.29845784505208,141.1962890625,139.01900126139324,0.11257248939753647,0.8154454833153656,0.12260421865869096,0.07317051028489056,0.08987746601977759,-0.017513007330000045,-0.0613416250333873,-0.02912452564835202,0
2023-06-26,4328.81982421875,3415030000.0,14.25,1933.800048828125,147769.0,86.18897247314453,2976600.0,143.54100036621094,-0.004486838293256468,0.06026789024599055,0.0021766549001496216,0.0024718021110103905,-0.003572688186221473,4378.409946986607,4258.844319661458,13.6742856161935,15.656999969482422,1945.942836216518,1968.0633260091142,85.97772325788226,86.22487030029296,141.67686026436942,139.33413441975912,0.11358590215046337,0.8379749631613821,0.12158898740362725,0.07259379472621653,0.08398869189818538,-0.021921267591338157,-0.059298489681949736,-0.026724713601321393,0
2023-06-27,4378.41015625,3573500000.0,13.739999771118164,1923.800048828125,180436.0,85.88793182373047,4752500.0,143.4600067138672,0.011455854954693034,-0.03578948974609375,-0.005171165450150839,-0.003492797753307242,0.0005642544787699544,4371.63427734375,4267.321988932292,13.565714154924665,15.547333272298177,1939.2428501674108,1964.8633260091144,85.94104439871651,86.15891520182292,142.17443193708147,139.63286794026692,0.11666719414084602,0.8422361022268365,0.12201783342676328,0.07139941715436475,0.08435446889621456,-0.010716539498594458,-0.06416301283101114,-0.0301241673350042,0
2023-06-28,4376.85986328125,3739330000.0,13.43000030517578,1922.199951171875,162493.0,86.23324584960938,5257300.0,143.8820037841797,-0.00035407668843834283,-0.022561824680231157,-0.0008317380266336105,0.004020518582140253,-0.0029415659456517584,4366.958565848215,4275.341324869792,13.549999918256487,15.424333254496256,1932.2428501674108,1961.5133260091143,86.00681958879743,86.11094843546549,142.69071742466517,139.9015345255534,0.11683126992192253,0.8429305604917761,0.12170527469879507,0.07256531372136499,0.08120865936846709,-0.011066821710215663,-0.06494138403996985,-0.0262247635274058,0
2023-06-29,4396.43994140625,3696660000.0,13.539999961853027,1917.9000244140625,205252.0,85.34779357910156,8268700.0,144.38900756835938,0.004473544672805918,0.008190592269372798,-0.002236982034668711,-0.010268107871667542,-0.003523747034689606,4368.062848772322,4284.892659505208,13.501428467886788,15.275999927520752,1927.9857177734375,1959.0099934895832,85.909421648298,86.04288864135742,143.0464324951172,140.1796681722005,0.1143470224359928,0.8265567203782036,0.11531822463117529,0.07753021182344084,0.08133247612742774,-0.0066427849587163456,-0.0670330933652346,-0.036223592698264924,0
2023-06-30,4450.3798828125,3923450000.0,13.59000015258789,1929.4000244140625,180688.0,85.53376007080078,7450600.0,144.77999877929688,0.012269004495714109,0.00369277628328879,0.005996141536894539,0.0021789255925739326,-0.0027079015052609012,4380.161411830357,4294.61298828125,13.557142802647181,15.166666571299235,1925.7714320591517,1957.159993489583,85.82720511300224,85.99045079549154,143.53857421875,140.45800170898437,0.11462830464508661,0.8109651480173896,0.11686368693524327,0.07762603070426284,0.08132241086165212,0.0,-0.06143889174381397,-0.03412359561887625,0
2023-07-03,4455.58984375,2034280000.0,13.56999969482422,1929.5,152959.0,85.16273498535156,4687100.0,144.3979949951172,0.0011706778016009611,-0.001471704013179198,5.181692996392151e-05,-0.004337761898250525,0.00263851213842059,4390.68994140625,4303.19765625,13.651428495134626,15.083999919891358,1926.6000104631696,1956.1499918619788,85.76155635288784,85.94360631306967,143.92571585518974,140.68413492838542,0.11262932131914212,0.8008421141631294,0.11146131632574836,0.07664821678067091,0.0798410403177364,0.0,-0.06139025838860058,-0.03831333748421987,0
2023-07-05,4446.81982421875,3482620000.0,14.18000030517578,1927.0999755859373,245932.0,84.75442504882812,10181200.0,144.406005859375,-0.0019683184132291975,0.0449521462100122,-0.0012438582088949435,-0.0047944671644666315,-5.547766960400935e-05,4404.759905133928,4311.692317708334,13.757142884390694,14.996333281199137,1926.2428676060267,1954.3333251953125,85.58698054722377,85.89404627482097,144.1222882952009,140.877001953125,0.11277873711445961,0.7995252621943256,0.10588239758324808,0.0770783257907933,0.07809570134450601,-0.001968318413229169,-0.06255775582065265,-0.04292411261015723,0
2023-07-06,4411.58984375,3682020000.0,15.4399995803833,1915.4000244140625,231513.0,84.06211853027344,9285100.0,144.48899841308594,-0.007922511336500904,0.08885749281314292,-0.0060712735821177866,-0.008168381983074569,-0.0005747167731497971,4416.584193638393,4318.990983072917,13.927142824445452,14.937333297729491,1923.614292689732,1952.2733276367187,85.28314426967076,85.8267094930013,144.2577165876116,141.10356852213542,0.11629788990398462,0.8406532955705435,0.10688078446833711,0.08010800945338299,0.07431867781821677,-0.00987523572478742,-0.06824922415249995,-0.05074187404514748,0
2023-07-07,4398.9501953125,3630480000.0,14.829999923706056,1932.5,214272.0,83.95562744140625,6577600.0,143.9510040283203,-0.0028651005386203243,-0.03950775085850755,0.008927626275440081,-0.00126681424081454,0.003723428016488395,4419.518484933035,4327.436653645834,14.082857131958008,14.813999938964844,1924.857142857143,1950.8733276367188,85.00710078648159,85.75111185709635,144.3278590611049,141.27953542073567,0.11059637907637009,0.8128293620981843,0.11070018215308314,0.079787142091418,0.07398886692991087,-0.012712042720213637,-0.059930901443882155,-0.05194440775731598,0
2023-07-10,4409.52978515625,3429600000.0,15.06999969482422,1931.0,208085.0,84.39054107666016,6622700.0,142.20899963378906,0.002405026057131332,0.01618339665224955,-0.0007761966364812078,0.005180279732379223,0.012101370228640662,4424.185616629465,4337.246305338542,14.317142759050643,14.6486665725708,1926.114292689732,1949.753328450521,84.74385724748883,85.69737269083659,144.08885846819197,141.3999018351237,0.10700724676607064,0.7732533590949188,0.10994154205104224,0.08150249805752721,0.08341639332793978,-0.010337589457063678,-0.06066057991624137,-0.047033214587652326,0
2023-07-11,4439.259765625,3624220000.0,14.84000015258789,1937.0999755859373,189372.0,84.56806182861328,6327100.0,141.2969970703125,0.0067422110558885695,-0.015262080085862495,0.003158972338652033,0.002103562196524633,0.006413114260174213,4430.302734375,4346.845638020834,14.502857072012768,14.505333264668783,1928.857142857143,1949.533329264323,84.63246699741909,85.66751149495443,143.6471426827567,141.46703491210937,0.10611046065320939,0.7659893599623331,0.1061487624060287,0.08005995309713823,0.08507628738125189,-0.003665076611103854,-0.05769323267159124,-0.04502858968331527,0
2023-07-12,4472.16015625,3920290000.0,13.539999961853027,1961.699951171875,270869.0,85.39349365234375,8255100.0,140.1179962158203,0.007411233485312474,-0.0876010901191373,0.012699383560983657,0.009760562154106145,0.008344132422754114,4433.414202008928,4355.735970052084,14.495714187622072,14.358333237965901,1933.4714181082588,1950.1133260091146,84.6124289376395,85.6598642985026,142.98114231654577,141.47040150960285,0.10231941849325138,0.7851223502537051,0.11244304542601524,0.08506359283436292,0.0875472335719513,0.0,-0.04572651760117727,-0.035707531877524894,0
2023-07-13,4510.0400390625,3839530000.0,13.609999656677246,1963.800048828125,241215.0,86.10356903076172,9742600.0,138.31500244140625,0.008470153458069118,0.005169844536294876,0.0010705498845506867,0.008315333499632205,0.012867681690487132,4441.192801339285,4365.886637369792,14.501428467886788,14.229999923706055,1938.3714250837054,1950.306660970052,84.74683380126953,85.65350926717123,142.11214338030135,141.3995351155599,0.10376707868773907,0.7838814331318402,0.11065706051012447,0.08545794160670615,0.09466337817339975,0.0,-0.0447049202347655,-0.027689118413903004,0
2023-07-14,4505.419921875,3647450000.0,13.34000015258789,1964.4000244140625,209306.0,85.67752838134766,7491100.0,138.0749969482422,-0.0010244071333035398,-0.019838318214570272,0.00030551765506658946,-0.004948002204901103,0.001735209405543281,4449.564243861607,4376.739632161459,14.38142844608852,14.076666577657063,1943.7000034877233,1950.3233276367187,84.87870570591518,85.62205810546875,141.2077135358538,141.34230143229166,0.10117815362408653,0.7777249255628457,0.11032006078530338,0.08579032903214952,0.09393603274300145,-0.0010244071333034954,-0.04441306072209903,-0.03250011479984034,0
2023-07-17,4522.7900390625,3538240000.0,13.479999542236328,1956.4000244140625,165833.0,85.81954956054688,3182400.0,138.6820068359375,0.0038553825145495324,0.010494706750155292,-0.004072490277221563,0.0016576246056851929,-0.004396233214640999,4465.449986049107,4386.7986328125,14.101428440638953,14.004333241780598,1949.5571463448662,1949.0199951171876,85.12976728166852,85.58731307983399,140.37814331054688,141.327468363444,0.09886837284948691,0.6924336121950821,0.09979109103467777,0.08549544609908173,0.0939884568353254,0.0,-0.04830467924134816,-0.030896363184134894,0
2023-07-18,4554.97998046875,4090010000.0,13.300000190734863,1980.800048828125,264086.0,85.91716766357422,3626500.0,138.72900390625,0.007117275205842377,-0.013353068072256224,0.01247189946308147,0.001137480953083747,-0.0003388836907163295,4487.739955357143,4395.885628255209,13.882857050214495,13.960999902089437,1956.4571533203125,1949.393330891927,85.4099873134068,85.57884318033854,139.63214329310827,141.32683512369792,0.0930750835045949,0.6669630524849494,0.09970780524338387,0.08251535131676183,0.09366113235571953,0.0,-0.036435230881361094,-0.029794026255692715,0
2023-07-19,4565.72021484375,4115670000.0,13.760000228881836,1980.800048828125,159409.0,86.21003723144531,5059300.0,139.02699279785156,0.002357910335732072,0.03458646853760361,0.0,0.003408743279549098,-0.0021479927283478695,4510.052873883928,4405.616634114584,13.695714269365583,13.928666591644287,1963.5714460100446,1949.6099975585937,85.66991533551898,85.58102162679036,139.17757088797433,141.2875015258789,0.09226885622339162,0.6748041309455004,0.09949444241304382,0.0831290490024819,0.08850507108766115,0.0,-0.036435230881361094,-0.02648684316291351,0
2023-07-20,4534.8701171875,3761770000.0,13.989999771118164,1970.9000244140625,189926.0,85.52664184570312,9486600.0,139.59800720214844,-0.006756896218903741,0.016715082733324893,-0.004997992816043961,-0.007927097675500372,-0.004107219704645004,4523.711495535715,4413.983968098958,13.574285643441337,13.929666582743327,1968.4000244140625,1949.2566650390625,85.80685533796039,85.55864944458008,138.93485804966517,141.29466857910157,0.09586339194153506,0.6590453419305741,0.09999154963362052,0.08624245468911722,0.08773248320070916,-0.006756896218903716,-0.04125112067520911,-0.03420397704554577,0
2023-07-21,4536.33984375,3570190000.0,13.600000381469728,1966.5999755859373,156540.0,85.59764862060547,4560100.0,139.86399841308594,0.0003240945218980773,-0.02787701186768954,-0.0021817691282456364,0.0008302298952698184,-0.001905408366985606,4532.880022321428,4422.94462890625,13.582857131958008,13.918333276112874,1969.1000279017858,1949.5299967447916,85.83602033342633,85.55959904988607,138.89857264927454,141.30590209960937,0.09445441783743633,0.6642948882794703,0.09412217697586121,0.08364932247501754,0.08785237061821956,-0.006434991570055167,-0.043342889381860074,-0.033402144314556216,0
2023-07-24,4554.64013671875,3856250000.0,13.90999984741211,1962.199951171875,197213.0,85.39349365234375,7451100.0,141.75,0.004034153877153557,0.022794077738759633,-0.002237376420566317,-0.0023850534629356046,-0.013484539326151568,4539.25146484375,4431.6349609375,13.625714302062988,13.926999950408936,1968.8714425223213,1948.983329264323,85.73458099365234,85.53455937703451,139.3892865862165,141.3676020304362,0.09383957211564241,0.6644366383795424,0.08925496111790655,0.08144561045956641,0.09583591594344862,-0.002426797439093448,-0.0454832914437242,-0.035707531877524894,0
2023-07-25,4567.4599609375,3812470000.0,13.859999656677246,1963.699951171875,188848.0,85.23372650146484,4079300.0,141.52200317382812,0.002814673351556163,-0.003594550056315482,0.0007644480875172999,-0.0018709522710167459,0.0016084432181436847,4548.114327566965,4440.588297526042,13.699999945504326,13.927999941507975,1968.7714320591517,1948.533329264323,85.67118072509766,85.51452356974283,139.88171604701452,141.45623524983725,0.09383494245221391,0.6636455305303551,0.08929308009614971,0.08098686584225777,0.09313869091084342,0.0,-0.04475361297136499,-0.03751167706068298,0
2023-07-26,4566.75,3990290000.0,13.1899995803833,1970.0999755859373,208106.0,85.52664184570312,4880100.0,140.91299438476562,-0.00015543889679858758,-0.04834055504259438,0.0032591661522642923,0.003436613137327127,0.004303279881605948,4554.394321986607,4448.182291666667,13.658571379525322,13.867333253224691,1970.7285679408483,1948.5466634114584,85.62933676583427,85.49952977498373,140.20042855398995,141.50763498942058,0.09143326964801032,0.6280292346368812,0.08917529631914786,0.08150944331237693,0.09375975914144742,-0.00015543889679862154,-0.04164030627968858,-0.03420397704554577,0
2023-07-27,4537.41015625,4553210000.0,14.40999984741211,1945.699951171875,194253.0,84.59468078613281,8522800.0,140.36700439453125,-0.006424666064487883,0.09249433706148413,-0.012385170659578004,-0.010896733923584256,0.0038746603364593346,4551.884347098215,4453.795638020833,13.817142759050641,13.860666592915853,1965.7142682756696,1948.1166625976562,85.44041006905692,85.47383575439453,140.43442862374442,141.5378682454427,0.09300244568215217,0.6825047032461982,0.09486087535233403,0.08498208122832873,0.09456216430146867,-0.006579106318281133,-0.05350975463967553,-0.044727999332136316,0
2023-07-28,4582.22998046875,3981010000.0,13.329999923706056,1960.4000244140625,23155.0,84.86985778808594,5794100.0,138.86399841308594,0.009877842794752345,-0.07494794830966012,0.007555159382788501,0.0032528877631066155,0.010707687236957697,4554.242885044643,4460.783642578125,13.75571414402553,13.842333253224691,1962.7999790736608,1947.8333292643229,85.24895586286273,85.45347798665365,140.41114371163505,141.49410146077474,0.09626276937514212,0.7020937959327906,0.09623330265162133,0.08547867857374603,0.09848917353501242,0.0,-0.046358869981723595,-0.04162060673072541,0
2023-07-31,4588.9599609375,4503600000.0,13.630000114440918,1970.5,139955.0,84.97634887695312,6347000.0,140.75799560546875,0.0014687129405193122,0.022505640844104002,0.005151997276145792,0.001254757479776769,-0.013639224089951885,4561.970005580357,4466.220979817708,13.704285621643066,13.813333257039387,1962.7428327287946,1947.8266642252604,85.17034258161273,85.41453348795572,140.5768563406808,141.52013448079427,0.09087009386161873,0.6926047446307364,0.09740814800338359,0.08220736688163179,0.10635062578051721,0.0,-0.04144571347744879,-0.04041807301855691,0
2023-08-01,4576.72998046875,4042370000.0,13.93000030517578,1978.800048828125,167756.0,84.47982025146484,7714000.0,142.322998046875,-0.002665087639215691,0.022010285268964314,0.004212153680855035,-0.005843139085762061,-0.01111839107025081,4567.740025111607,4471.792317708333,13.751428467886788,13.826333268483479,1964.4857003348213,1948.0800008138021,85.01065281459263,85.37143351236979,140.92814200265067,141.58863423665363,0.09044480973930999,0.6673208615709822,0.09816518683680989,0.08294822429939762,0.1108642835708263,-0.002665087639215636,-0.03740813551117338,-0.04602504368209309,0
2023-08-02,4513.39013671875,4270710000.0,16.09000015258789,1975.0,169658.0,84.31073760986328,8009200.0,142.97000122070312,-0.013839541336347905,0.15506100503167608,-0.0019203803994120028,-0.002001455982011624,-0.004546019847158078,4561.84716796875,4475.948323567708,14.0628570829119,13.899999936421713,1966.3142787388392,1948.9900024414062,84.85597337995257,85.31413879394532,141.10242789132255,141.62433420817058,0.09911909847110838,0.7998853865544397,0.09153654437933521,0.0823852447740585,0.10650658502097707,-0.016467745385015626,-0.039256678060371156,-0.04793438256510486,0
2023-08-03,4501.89013671875,4149120000.0,15.920000076293944,1968.800048828125,141345.0,83.68785858154297,11057900.0,143.343994140625,-0.0025479738404268204,-0.010565573317698473,-0.0031392157832278444,-0.007387896796759219,-0.002615883868844149,4552.480050223215,4480.488330078125,14.357142857142858,13.990666611989338,1967.0428641183037,1949.786669921875,84.63513510567802,85.23342488606771,141.36271231515067,141.69130045572916,0.09795482710219913,0.7844796094602111,0.0919781263737366,0.0844916983222745,0.10593419911445631,-0.01897375984099066,-0.042272658660234795,-0.05496814509045667,0
2023-08-04,4478.02978515625,4143310000.0,17.100000381469727,1976.0999755859373,156416.0,84.57769012451172,10189900.0,142.59800720214844,-0.005300074155050516,0.07412062182919787,0.0037078050471186508,0.010632743602845718,0.005204172961336129,4539.805733816965,4483.692985026041,14.915714400155204,14.130333296457927,1967.9000069754463,1951.5333374023437,84.49957057407924,85.19860534667968,141.60342843191964,141.7216339111328,0.0992945249551645,0.8024350970911495,0.08589323562623999,0.08961919901411024,0.10701346640832964,-0.024173271661883832,-0.03872159239025173,-0.0449198636806819,0
2023-08-07,4518.43994140625,3493920000.0,15.770000457763672,1970.0,104407.0,84.37303924560547,4007400.0,141.87600708007812,0.00902409277936278,-0.07777777158106369,-0.0030868759988362804,-0.002419679215700632,0.005063185217215493,4537.095703125,4489.363313802083,15.110000201633998,14.207999992370606,1971.3714425223213,1952.8800048828125,84.46790749686105,85.14515813191731,141.81900024414062,141.68316752115885,0.09879980724134056,0.8364537751308482,0.08640083031919475,0.08874955469216575,0.10437133243138982,-0.015367320728778626,-0.04168893963490186,-0.04723085123586228,0
2023-08-08,4499.3798828125,3884910000.0,15.989999771118164,1959.9000244140625,142336.0,84.80015563964844,5401400.0,142.5240020751953,-0.004218283044793103,0.013950495051900047,-0.005126891160374347,0.00506223786486637,-0.004567333183766786,4525.259974888393,4495.048649088541,15.490000179835729,14.26599998474121,1971.300013950893,1953.7500040690104,84.45795004708427,85.09886423746745,142.34185791015625,141.649267578125,0.0986661283148197,0.8212903524286765,0.08789997294522262,0.08984259908527098,0.10472702521898297,-0.01952078006509764,-0.046602096139176666,-0.042407707174511866,0
2023-08-09,4467.7099609375,3803100000.0,15.960000038146973,1950.5999755859373,139259.0,84.85353088378906,5317200.0,143.2779998779297,-0.007038730380597102,-0.0018761559349974588,-0.004745164912636546,0.0006294238936004337,-0.005290321572197776,4507.938546316965,4498.025309244792,15.822857311793737,14.339999993642172,1968.4571533203125,1954.6433349609374,84.4404046194894,85.06438420613607,142.7018585205078,141.64320068359376,0.09667654332306458,0.8124489088716808,0.08767112198744832,0.08945320564644448,0.10592558511623729,-0.026422108937997634,-0.05112612642035833,-0.04180497570507994,0
2023-08-10,4468.830078125,4504370000.0,15.850000381469728,1948.9000244140625,168264.0,84.20397186279297,8462100.0,143.7270050048828,0.00025071394456976925,-0.006892209048516729,-0.0008715016882762106,-0.0076550617779912455,-0.003133803705632987,4492.524274553572,4501.090983072917,16.097143036978586,14.42066666285197,1964.1857212611608,1955.5333374023437,84.40099770682198,84.99674173990886,142.90243094308036,141.63803405761718,0.09663560504318353,0.8088832974856416,0.0876763515845083,0.09084226372050799,0.10597375691351352,-0.026178019384583626,-0.05195307160314422,-0.04914001781142138,0
2023-08-11,4464.0498046875,3753290000.0,14.84000015258789,1946.5999755859373,122320.0,83.7590560913086,5915000.0,144.85400390625,-0.0010696923700230787,-0.0637224103831967,-0.0011801779461810824,-0.005283786045263361,-0.007841246683800929,4485.475655691965,4503.344645182292,15.918571608407158,14.464000002543132,1960.1285749162946,1956.4900024414062,84.32218606131417,84.94378382364908,143.17157418387276,141.65353393554688,0.09609426295211661,0.8342348095247305,0.08744553036480054,0.08740079500051734,0.10794676836991159,-0.02721970932700871,-0.0530719356799829,-0.05416415851630877,0
2023-08-14,4489.72021484375,3896410000.0,14.81999969482422,1944.0,120983.0,83.62560272216797,6218400.0,144.81700134277344,0.005750475751703066,-0.0013477397276294711,-0.0013356496550631647,-0.0015933007768753615,0.00025544729506066233,4483.737095424107,4504.655989583333,15.761428696768624,14.504999987284343,1956.5857107979912,1956.976668294271,84.31329236711774,84.88017857869467,143.3820037841797,141.65476735432944,0.09088872121841277,0.8343980174632396,0.08601858049274722,0.08703730229057578,0.10767302332540914,-0.021625759853759075,-0.05433669982246153,-0.055671159497341256,0
2023-08-15,4437.85986328125,3832250000.0,16.459999084472656,1935.199951171875,167153.0,83.4654312133789,9602600.0,145.43699645996094,-0.011550909428841738,0.11066122965044278,-0.00452677408854163,-0.0019153405604884766,-0.004281231564241539,4477.99853515625,4504.064990234375,15.669999940054756,14.601333300272623,1950.7428501674108,1957.1666666666667,84.15439823695591,84.82360178629557,143.7875736781529,141.68940073649088,0.097106916696874,0.889264960044215,0.08713375698284877,0.08644768412854328,0.10804947927506017,-0.03292687208920016,-0.05861750394619001,-0.057479870827995036,0
2023-08-16,4404.330078125,3753910000.0,16.780000686645508,1928.300048828125,128612.0,83.14508819580078,7199600.0,145.60800170898438,-0.007555395210577687,0.019441167677507476,-0.0035654725701970147,-0.003838032259836699,-0.001175802946883131,4461.697126116072,4502.648665364583,15.814285687037877,14.687999979654949,1944.7857142857142,1957.206669108073,83.97897665841239,84.769957224528,144.32071576799666,141.7294672648112,0.09935763526998784,0.8830894467100717,0.08770580261735812,0.08609357660984918,0.10807970934267448,-0.04023349176809577,-0.06197397741393351,-0.061097293489302595,0
2023-08-17,4370.35986328125,3943700000.0,17.889999389648438,1915.199951171875,152329.0,83.03832244873047,9858300.0,146.33299255371094,-0.007712913029036983,0.06615009878315026,-0.0067935991933471,-0.0012840896484334063,-0.004979059091653193,4443.265694754465,4501.274332682292,16.085714203970774,14.769666639963786,1938.3999895368304,1957.2,83.72728620256696,84.73583068847657,144.86485726492745,141.79093373616536,0.09921968615615685,0.8671260084533472,0.0881666136822648,0.08311221332181279,0.1089279238154275,-0.047636087374271004,-0.06834655024431284,-0.062302928735619115,0
2023-08-18,4369.7099609375,3940400000.0,17.299999237060547,1916.5,114737.0,83.28748321533203,7510500.0,145.71400451660156,-0.00014870682600087726,-0.03297932770916012,0.0006788057964024485,0.0030005515436009045,0.004229996436942773,4429.265694754465,4500.299658203125,16.277142660958425,14.851999950408935,1933.528564453125,1956.6666666666667,83.5035651070731,84.71355921427408,145.21285792759485,141.84970041910807,0.0989199201681901,0.8643292462728324,0.08406362829412145,0.0836418562149562,0.10910614600587853,-0.04777771038891531,-0.06771413848238042,-0.05948932034100679,0
2023-08-21,4399.77001953125,3726850000.0,17.1299991607666,1923.0,138109.0,82.77136993408203,10864000.0,145.30499267578125,0.006879188518795987,-0.009826594438788527,0.0033915992695017216,-0.006196768845993739,0.0028069494224469693,4419.399972098215,4499.974332682292,16.459999629429408,14.920666599273682,1929.8285609654017,1956.4,83.29890768868583,84.65958684285482,145.43828473772322,141.9529001871745,0.10077765467340528,0.8650960074181046,0.08470817001772668,0.08371952410708497,0.1029845126105201,-0.041227193746881045,-0.0645521984354905,-0.06531744762004207,0
2023-08-22,4387.5498046875,3522760000.0,16.969999313354492,1926.0,131088.0,82.80696105957031,6330500.0,146.23800659179688,-0.002777466728829614,-0.009340330137234454,0.0015600624024960652,0.0004299931910831667,-0.006421072661263905,4408.471400669643,4498.250667317709,16.764285223824636,14.991666571299236,1926.885707310268,1956.0300008138022,83.16289411272321,84.60088348388672,145.63599940708704,142.1176005045573,0.09895917821813191,0.8640199966654953,0.0842953382949498,0.08338415354105072,0.1019522792556641,-0.04389015331675567,-0.06309284149077207,-0.06491554048669446,0
2023-08-23,4436.009765625,3837270000.0,15.979999542236328,1948.0999755859373,170040.0,83.7056655883789,8550500.0,145.76300048828125,0.011044879965972587,-0.058338232832990555,0.011474545994775376,0.01085300700942371,0.0032481713515252197,4400.798479352678,4497.045654296875,16.929999487740652,15.072999890645345,1927.4714181082586,1955.5766682942708,83.17433166503906,84.54462254842123,145.7711421421596,142.30576731363934,0.10195744325049794,0.840347672760868,0.08272961207314262,0.08462455855168614,0.09884392327244351,-0.03333003482585477,-0.052342257207623685,-0.054767062293193364,0
2023-08-24,4376.31005859375,3723470000.0,17.200000762939453,1947.0999755859373,137393.0,83.39424133300781,5735800.0,144.67300415039062,-0.013457974663146133,0.07634551036616566,-0.000513320677856477,-0.0037204680612961116,0.007477867046090769,4392.005650111607,4492.58798828125,17.03571401323591,15.192666594187418,1929.171421595982,1955.019999186198,83.1641616821289,84.45431162516276,145.66200038364954,142.5177007039388,0.10540861030145894,0.8640940588808597,0.08264242891784461,0.08063819267131073,0.09318610577443194,-0.046339454724792756,-0.052828709522529826,-0.058283771248416605,0
2023-08-25,4405.7099609375,3296180000.0,15.68000030517578,1939.9000244140625,166988.0,83.36756896972656,7895700.0,146.06700134277344,0.006717966037625089,-0.0883721157175058,-0.0036977819640248155,-0.000319834593551116,-0.009635503185748018,4392.202776227678,4489.264322916667,16.878571101597377,15.270666599273682,1930.8285609654017,1954.2033325195312,83.19594464983258,84.37731297810872,145.72757175990515,142.7841008504232,0.10774383076115909,0.9059400228440695,0.08321203795974451,0.0798068183947825,0.09553669329457083,-0.03993279557021086,-0.05633114243729949,-0.0585849646756799,0
2023-08-28,4433.31005859375,2957230000.0,15.079999923706056,1946.800048828125,115553.0,83.5988998413086,3301700.0,146.531005859375,0.006264619755036449,-0.03826532970612695,0.003556896915936081,0.0027748304819352754,-0.003176655318011923,4401.195661272322,4486.281656901042,16.477142606462753,15.323999945322672,1935.3428606305804,1953.8833333333334,83.27602713448661,84.30329132080078,145.755859375,143.0457341512044,0.10885406942735047,0.915251750382779,0.08322800719012372,0.08018255064712539,0.09532437079179741,-0.03391833959517737,-0.0529746095881699,-0.05597269753950988,0
2023-08-29,4497.6298828125,3354820000.0,14.449999809265137,1965.0999755859373,174220.0,84.1950912475586,7064200.0,146.46400451660156,0.01450830719454621,-0.04177719612919539,0.009400003235477516,0.00713157000130038,0.0004572502753290575,4419.469935825893,4484.369986979166,16.069999831063406,15.362333265940348,1942.2857142857142,1953.3599975585937,83.40568542480469,84.24588877360026,145.86300223214286,143.3035675048828,0.11534689896861645,0.9239554913862746,0.07957562868957163,0.08330217252024688,0.09546217061604931,-0.019902130091006887,-0.044072567854219286,-0.04924030074887403,0
2023-08-30,4514.8701171875,3064110000.0,13.880000114440918,1973.0,142380.0,84.18617248535156,6346700.0,145.98800659179688,0.003833182103508026,-0.03944634618325349,0.004020164119999725,-0.00010592971721834488,0.003249931110211657,4435.912806919643,4482.674983723959,15.605714253016881,15.366333262125652,1949.4285714285713,1953.0999959309895,83.60780007498605,84.17842661539713,145.9605756487165,143.5356012980143,0.11573165540941309,0.9278204325108763,0.08053397671333927,0.08242817146803096,0.09658017373513751,-0.016145236476385348,-0.04022958269018344,-0.04934101445495836,0
2023-08-31,4507.66015625,3946360000.0,13.56999969482422,1965.9000244140625,133712.0,84.35525512695312,6167300.0,146.0989990234375,-0.0015969365120942491,-0.02233432399573032,-0.003598568467277019,0.0020084372125479533,-0.0007602845893428523,4453.071428571428,4481.767985026042,15.12000002179827,15.352333259582519,1955.1285749162946,1952.933329264323,83.82898494175502,84.1393803914388,145.94071742466517,143.75230102539064,0.11420464371617352,0.929303184481611,0.07989688109456351,0.07993275112606588,0.09632634077877174,-0.017716390070854068,-0.04368338224973982,-0.04743167557194659,0
2023-09-01,4515.77001953125,3246260000.0,13.09000015258789,1967.0999755859373,160725.0,83.83961486816406,7746600.0,145.47300720214844,0.0017991292600010311,-0.03537211149823449,0.0006103826018479808,-0.006112722414424954,0.004284709857516833,4464.465750558035,4481.08232421875,14.707142966134208,15.335333251953125,1957.8428606305804,1952.9499959309896,83.8481205531529,84.08077926635742,145.89928981236048,143.93926798502605,0.11434065557809987,0.9315499549397475,0.07966581336424995,0.0814862364512282,0.09777989318145668,-0.015949134886611146,-0.043099663224407,-0.05325446131994918,0
2023-09-05,4496.830078125,3526250000.0,14.010000228881836,1952.5999755859373,192789.0,83.33110809326172,4993400.0,146.54299926757812,-0.004194177587506065,0.07028266352709411,-0.007371257272107301,-0.0060652327148921215,-0.007355261886783149,4481.682896205357,4479.155322265625,14.251428604125977,15.338666598002115,1958.6285749162946,1952.6299967447917,83.83910151890346,84.01203308105468,146.1664319719587,144.09903462727866,0.11422583491719764,0.951448631063464,0.0822770093772906,0.08284265762267007,0.09263760927759042,-0.02007641897003572,-0.05015322179054605,-0.05899669333382958,0
2023-09-06,4465.47998046875,3418850000.0,14.449999809265137,1944.199951171875,148775.0,83.11698913574219,7344100.0,147.4709930419922,-0.006971599351452862,0.03140610800820931,-0.004301968923021038,-0.002569496103182689,-0.006332569819453404,4490.221470424107,4475.755989583334,14.075714247567314,15.358333269755045,1959.2428501674108,1951.9799967447916,83.80330439976284,83.94147516886393,146.36700221470423,144.29733428955078,0.11534798259486871,0.9550833704335193,0.08309369140209062,0.08294569819755034,0.09345649672314263,-0.02690805357201759,-0.05423943311203474,-0.06141459766339032,0
2023-09-07,4451.14013671875,3763760000.0,14.399999618530272,1942.5,117168.0,83.4024658203125,7137500.0,147.70899963378906,-0.0032112659361860363,-0.003460220857775087,-0.0008743705455039885,0.003434636980221839,-0.001613921401675933,4492.768624441965,4471.902327473958,13.978571346827916,15.398666604359944,1958.6285574776787,1951.0599975585938,83.77524239676339,83.87066930135092,146.53528703962053,144.52386779785155,0.11555625756752266,0.9428590763919353,0.08240758602045198,0.08294481617100179,0.09188431498801615,-0.03003291059235874,-0.05506637829482074,-0.05819089753142866,0
2023-09-08,4457.490234375,3259290000.0,13.84000015258789,1942.699951171875,138694.0,83.42032623291016,4648500.0,147.33099365234375,0.0014266227216406246,-0.038888852831757026,0.00010293496621627263,0.0002141472967494007,0.0025591262711309737,4487.034388950893,4469.238330078125,13.891428538731166,15.379666614532471,1955.4285539899554,1950.9599975585938,83.66456168038505,83.83152414957682,146.65914263044084,144.756000773112,0.11448792074072467,0.9128365319659503,0.07424432729013468,0.07727839947343423,0.09128189278543467,-0.028649133503366075,-0.05496911158439395,-0.05798921165808102,0
2023-09-11,4487.4599609375,3369920000.0,13.800000190734863,1947.199951171875,131076.0,83.27758026123047,4321700.0,147.11300659179688,0.006723453106275201,-0.0028901706222559387,0.0023163638817644827,-0.0017111653493315782,0.0014795736806151316,4483.11865234375,4466.079329427083,13.87999997820173,15.395333290100098,1951.7428327287946,1950.5199951171876,83.53476279122489,83.77844823201498,146.81985691615515,145.03096771240234,0.11233194421139105,0.8847374300503517,0.07107154007077213,0.07654479064245688,0.08407619256773353,-0.022118301502736165,-0.052780076167316316,-0.05960114787778818,0
2023-09-12,4461.89990234375,3435740000.0,14.229999542236328,1935.0999755859373,161993.0,83.39353942871094,4998400.0,146.67799377441406,-0.005695885604828921,0.031159372866542467,-0.006214038562734947,0.001392441604531669,0.002956997667717176,4476.581473214285,4461.843994140625,13.974285670689174,15.415333271026611,1947.3428257533483,1949.3399943033853,83.39737483433315,83.72568791707357,146.90257045200892,145.22830098470052,0.11306226234466246,0.8867811359545744,0.0712465333725729,0.07657512651926253,0.07750950718440947,-0.02768820379243237,-0.05866613730140352,-0.05829169739123932,0
2023-09-13,4467.43994140625,3529430000.0,13.479999542236328,1932.5,161003.0,83.49168395996094,6675400.0,147.1580047607422,0.0012416323054647016,-0.052705553346921175,-0.0013435872144796912,0.0011768841078378944,-0.003272549439600203,4469.677176339285,4458.200992838541,14.02999986921038,15.400333245595297,1942.3999720982142,1947.7966593424478,83.34767041887555,83.6927500406901,147.1432843889509,145.38946787516275,0.11310253794736685,0.8991459990235986,0.0697943466710367,0.07509924594710875,0.07209507748420356,-0.026480950055276602,-0.059930901443882155,-0.057183415855680104,0
2023-09-14,4505.10009765625,3648720000.0,12.81999969482422,1932.800048828125,201744.0,83.30435180664062,6421000.0,147.3459930419922,0.00842991886716793,-0.04896141467543502,0.0001552645941138575,-0.00224372230185399,-0.001277458752961813,4470.858607700893,4457.924658203125,13.859999792916435,15.291333230336507,1939.5714111328125,1946.3899943033855,83.3438480922154,83.65920384724934,147.25799778529577,145.53533426920572,0.10910490487041567,0.780877597030276,0.06975878233691013,0.07514792912962545,0.07136569393664997,-0.018274263448600208,-0.05978494199685588,-0.05929883445208255,0
2023-09-15,4450.31982421875,6932230000.0,13.789999961853027,1946.199951171875,199773.0,83.04564666748047,9367700.0,147.48199462890625,-0.012159612938677844,0.07566304915127442,0.0069328963189310144,-0.003105541710001436,-0.0009230083839151249,4468.69287109375,4456.205647786458,13.76571410042899,15.22033322652181,1939.8571254185267,1945.6366577148438,83.33365631103516,83.63779678344727,147.2595694405692,145.67326761881512,0.11445130370204745,0.8160671691272172,0.0727549811938974,0.0726663298302305,0.07120422780671837,-0.0302116684170037,-0.05326652848222246,-0.06222022115833857,0
2023-09-18,4453.52978515625,3161230000.0,14.0,1953.4000244140625,138031.0,83.12593078613281,4622200.0,147.8679962158203,0.0007212876971294246,0.015228429204342975,0.00369955473375283,0.0009667468660194967,-0.0026172794033965108,4469.034249441965,4455.388981119791,13.708571297781807,15.11699988047282,1941.414271763393,1944.8799926757813,83.29415130615234,83.5894048055013,147.28228323800224,145.84893391927082,0.11351904229595086,0.7846277270525125,0.07275096218980408,0.0650969267869571,0.0688924708261027,-0.02951217202461325,-0.04976403618606658,-0.061313625496127004,0
2023-09-19,4443.9501953125,3614880000.0,14.109999656677246,1953.699951171875,131097.0,82.82261657714844,7536800.0,147.60499572753906,-0.002151010615372817,0.007857118334088975,0.0001535408795247939,-0.0036488518819084437,0.001778616705520153,4467.099958147322,4452.905989583333,13.747142655508858,15.061666520436605,1942.9857003348213,1944.3366577148438,83.2087642124721,83.53772404988607,147.32142639160156,146.03990020751954,0.11023727884692018,0.754742371703281,0.0723061394940065,0.06549686289571895,0.06691903189552315,-0.03159970164467839,-0.0496181361204264,-0.06473875304025731,0
2023-09-20,4402.2001953125,3308450000.0,15.140000343322754,1967.0999755859373,220980.0,82.76016998291016,10751800.0,147.74200439453125,-0.0093947947580596,0.07299792428826057,0.0068587934426802555,-0.0007539799733339292,-0.0009282115846884764,4454.919991629465,4449.666666666667,13.9385712487357,15.033333206176758,1945.8285609654017,1944.5766560872396,83.13484845842633,83.46972452799479,147.4112832205636,146.21383361816407,0.1127346542358435,0.7848120399389518,0.07363792428810913,0.06325073869230441,0.06621623237209492,-0.04069762369137036,-0.043099663224407,-0.06544392129030023,0
2023-09-21,4330.0,3662340000.0,17.540000915527344,1939.5999755859373,225908.0,82.14460754394531,8702500.0,148.3209991455078,-0.01640093410321941,0.15852050976095722,-0.013979970688479448,-0.007437906895212509,-0.00391895827695965,4436.0771484375,4445.076334635417,14.411428587777275,15.085999902089437,1946.4714181082588,1944.2099894205728,82.95642961774554,83.37942708333334,147.64599827357702,146.38193359375,0.12031715044208482,0.9102906928075255,0.08319716005191462,0.06592734084657148,0.06559789575086236,-0.05643107875027,-0.056477101884325885,-0.07239506239209784,1
2023-09-22,4320.06005859375,3349570000.0,17.200000762939453,1945.5999755859373,139926.0,82.46577453613281,8637800.0,147.6439971923828,-0.002295598477193961,-0.019384272225830057,0.003093421362921678,0.003909775721013586,0.0045644376522897545,4415.022879464285,4440.117333984375,14.942857333592006,15.130999914805095,1948.342843191964,1944.0999877929687,82.80987112862724,83.32148717244466,147.7154257638114,146.5125,0.12031066596101832,0.9123898221322972,0.08370089985285996,0.06439622922576567,0.06735785928226244,-0.05859713412901846,-0.05355838799488904,-0.06876833512834622,0
2023-09-25,4337.43994140625,3195650000.0,16.899999618530273,1936.5999755859373,164259.0,81.85916900634766,11712000.0,148.4340057373047,0.0040230650909416354,-0.017441926226863136,-0.004625822426467474,-0.007355845903313174,-0.00535076643781518,4391.071428571428,4435.897005208333,15.525714465550013,15.19966656366984,1948.8856898716515,1943.7666544596354,82.6034164428711,83.25815760294596,147.87085614885603,146.6318333943685,0.12122382254889362,0.8920503207523993,0.08469748686706115,0.06594293077862899,0.06549028652810192,-0.054809809122820456,-0.05793645882904431,-0.07561833175542784,0
2023-09-26,4273.52978515625,3472340000.0,18.940000534057617,1919.800048828125,212263.0,81.8323745727539,8281800.0,148.81100463867188,-0.014734533990868215,0.12071011606950299,-0.008674959707530405,-0.0003273235474900993,-0.002539841860997649,4365.815708705357,4428.690657552083,16.261428833007812,15.33699992497762,1945.1142752511157,1942.9599894205728,82.43009185791016,83.19838333129883,148.0607147216797,146.7649668375651,0.12586368268524134,0.9516798444137798,0.08818366600043233,0.06590534478697713,0.06559155875401021,-0.06873674611813552,-0.0661088220906357,-0.07592090364231248,0
2023-09-27,4274.509765625,3875880000.0,18.21999931335449,1890.9000244140625,238525.0,81.46662139892578,10586100.0,149.0449981689453,0.00022931406074522265,-0.038014846906072375,-0.015053663756131042,-0.004469541251096776,-0.0015724208760070635,4340.241420200893,4423.245654296875,16.86428587777274,15.395666599273682,1936.1857038225444,1941.4833251953125,82.19304765973773,83.13175633748372,148.2288578578404,146.8852335611979,0.12236339261904469,0.9115844274711519,0.09727146010135765,0.06672064537723071,0.06484936953443897,-0.06852319435976502,-0.0801673058677004,-0.08005111328275938,0
2023-09-28,4299.7001953125,3846230000.0,17.34000015258789,1878.5999755859373,231419.0,81.68966674804688,11654600.0,149.4980010986328,0.005893173970516585,-0.04829852875579399,-0.006504864704275803,0.0027378740555459302,-0.0030393702254536414,4319.63427734375,4419.757991536459,17.32571452004569,15.414333248138428,1925.457135881696,1939.8266560872396,82.03119768415179,83.08324228922525,148.49928719656808,147.01490020751953,0.12252114948227694,0.9232821260781886,0.09837664780925319,0.06683995824573442,0.06516108521356259,-0.0630338394946261,-0.08615069309360049,-0.07753240909338797,0
2023-09-29,4288.0498046875,3865960000.0,17.520000457763672,1866.0999755859373,245131.0,81.7074966430664,13488300.0,149.33700561523438,-0.002709582086142026,0.010380640345549086,-0.0066538912820443,0.00021826377471367842,0.0010769072644136735,4303.327078683035,4417.014322916667,17.665714536394393,15.401999950408936,1911.0285644531248,1938.189990234375,81.88081577845982,83.03888142903646,148.7271445138114,147.115033976237,0.12090571112072901,0.9039096756008905,0.09830412509627179,0.06684424829579848,0.06421361736583303,-0.0655726262184527,-0.09223134702992726,-0.07733106783494566,0
2023-10-02,4288.39013671875,3938660000.0,17.610000610351562,1847.199951171875,202147.0,81.04472351074219,21010000.0,149.5399932861328,7.936755559079245e-05,0.0051369948765045415,-0.010128087809511799,-0.00811153394185482,-0.0013592590132778248,4297.3828125,4414.303662109375,17.67571449279785,15.412333329518637,1897.8285609654017,1935.879988606771,81.72368948800224,82.9641227722168,148.90128653390067,147.24256693522136,0.12091500515020494,0.8982594468907297,0.1017752511719246,0.06945201277232087,0.06251660184653463,-0.06549846300191846,-0.10142530765793044,-0.0848153281952974,0
2023-10-03,4229.4501953125,3953830000.0,19.780000686645508,1841.5,216784.0,80.37386322021484,21364700.0,149.8509979248047,-0.013744071674259506,0.1232254401523627,-0.003085725055513855,-0.008277655366896619,-0.002079742227062864,4284.438546316965,4408.626334635416,18.044285910470144,15.5006667137146,1882.9571358816963,1933.1633219401042,81.42484501429966,82.88420588175455,149.21657235281808,147.39410044352215,0.12455200631210825,0.9633423947052908,0.10096019021502874,0.07107390799442388,0.06161565947780494,-0.07834231910612575,-0.10419806210034101,-0.09239091150556307,0
2023-10-04,4263.75,3777600000.0,18.57999992370605,1834.800048828125,195048.0,80.88371276855469,14054000.0,149.19200134277344,0.008109754957160709,-0.06066737721347193,-0.0036383117957506927,0.006343474456900422,0.00439767896882437,4273.911411830357,4404.499674479167,18.284285954066686,15.554333400726318,1868.4142892020088,1930.1233235677084,81.28549412318638,82.82009760538737,149.3248574393136,147.49256693522136,0.12738341548962803,0.9819911447918375,0.1007494943458855,0.07408833907295168,0.061375149350703755,-0.07086790115969138,-0.10745726885765772,-0.08663351643584791,0
2023-10-05,4258.18994140625,3581470000.0,18.489999771118164,1831.800048828125,172464.0,81.03575134277344,11315900.0,148.96600341796875,-0.001304030159777203,-0.004843926423974687,-0.0016350555483776175,0.0018797180422935877,0.0015148126090583913,4271.720005580357,4398.572347005208,18.22000013078962,15.63800007502238,1855.8428606305804,1926.2466593424479,81.17169080461774,82.7311004638672,149.3470001220703,147.59933369954427,0.12222573780623242,0.9641763332895797,0.09282304954865042,0.06597316245893689,0.06061345944591744,-0.07207951743899624,-0.10891662580237614,-0.08491664497746607,0
2023-10-06,4308.5,3902030000.0,17.450000762939453,1845.199951171875,231024.0,80.56169128417969,12257100.0,148.46299743652344,0.011814893014644445,-0.05624656684978524,0.0073151555773363075,-0.005850011269575628,0.0033766495032694355,4276.575753348215,4396.31201171875,18.110000337873185,15.646333408355712,1849.3142787388392,1922.849991861979,81.04241507393974,82.63668212890624,149.26385716029577,147.72566680908204,0.12238964708520797,0.9573811532932752,0.09663174113497025,0.06699691356789085,0.056834159131813194,-0.061116236211440716,-0.10239821228774272,-0.09026989291694892,0
2023-10-09,4335.66015625,3174630000.0,17.700000762939453,1864.300048828125,187802.0,81.59030151367188,5816700.0,149.16000366210938,0.00630385429964031,0.01432664693808805,0.010351234642142604,0.012767982065617023,-0.0046948144495326805,4281.712890625,4393.977018229167,18.161428996494838,15.713666756947836,1847.2714320591517,1920.3299926757813,81.02822004045758,82.57743988037109,149.215571812221,147.82876688639323,0.12218338290277235,0.9184581478229482,0.10259382251220414,0.07819571899469974,0.05179177111885147,-0.055197649760219784,-0.09310692556792655,-0.07865447522516061,0
2023-10-10,4358.240234375,3520240000.0,17.030000686645508,1875.300048828125,157340.0,81.4293212890625,11508300.0,148.32699584960938,0.005207990781392224,-0.03785311002340763,0.005900337773908415,-0.0019730313728819615,0.0055846593728101634,4291.740094866072,4391.474690755208,18.091429029192245,15.778666782379151,1848.585728236607,1917.946659342448,80.98848070417132,82.50512059529622,149.071284702846,147.88863321940104,0.12171210268438516,0.9182878449376921,0.10377664045654514,0.07756725503314446,0.05431992832656971,-0.05027712782993321,-0.087755950103959,-0.08047231885080579,0
2023-10-11,4376.9501953125,3601660000.0,16.09000015258789,1887.300048828125,169964.0,81.87651824951172,14815800.0,148.6280059814453,0.00429300817103373,-0.05519674081955506,0.006398975997200518,0.005491841923399132,-0.0020293684916341537,4304.391531808035,4387.452034505209,17.874286106654576,15.833333460489909,1854.3143136160713,1915.3533284505208,81.10730852399554,82.42783482869466,148.94100080217635,147.9607666015625,0.11409944611438669,0.9251038291305627,0.10144479101653699,0.07623250644586095,0.05445215278857175,-0.04619995977948946,-0.0819185223250853,-0.07542241818174455,0
2023-10-12,4349.60986328125,3713140000.0,16.690000534057617,1883.0,163475.0,81.0894546508789,12855900.0,149.03599548339844,-0.00624643434611849,0.03729026574143468,-0.002278412926866036,-0.009612812262415726,-0.002745037849757992,4321.557198660715,4381.943359375,17.432857513427734,15.927000141143798,1860.242885044643,1912.3533284505208,81.20953587123326,82.32461090087891,148.82457188197546,148.06236623128254,0.11422027644125737,0.9196674833990385,0.10019526623657073,0.08022603008613856,0.05363564908309267,-0.05215780911005204,-0.08401029103173614,-0.08431020889780177,0
2023-10-13,4327.77978515625,3566560000.0,19.31999969482422,1941.5,312994.0,81.60823059082031,9872500.0,149.7899932861328,-0.005018858888767519,0.15757933352966802,0.031067445565586826,0.0063975758891823276,-0.00505916574240195,4330.704310825893,4375.947347005208,17.538571766444615,16.118666807810467,1875.4857352120537,1911.5399943033854,81.3130384172712,82.23304341634115,148.90999930245536,148.1853993733724,0.11474850295836954,1.0117862841162566,0.13744409610014316,0.08273774777961213,0.0551083526288559,-0.05691489531494894,-0.055552830609726885,-0.07845201396827596,0
2023-10-16,4373.6298828125,3409960000.0,17.209999084472656,1934.300048828125,182823.0,81.12519836425781,7248000.0,149.5659942626953,0.01059436938392988,-0.10921328383441054,-0.003708447680594862,-0.005918915568509209,0.0014954204785202485,4347.195731026785,4371.209342447916,17.355714525495255,16.256000105539957,1890.1285923549108,1910.4466634114583,81.32581656319755,82.14256286621094,148.99571228027344,148.32183227539062,0.11956378283854885,1.0641947019920102,0.13774325092320333,0.08263735341739856,0.05342250374274264,-0.046923503355433334,-0.059055263524496665,-0.08390657868992749,0
2023-10-17,4373.2001953125,3794850000.0,17.8799991607666,1935.699951171875,165063.0,80.32916259765625,11191600.0,149.5780029296875,-9.824505308242415e-05,0.03893086065869911,0.0007237255381336016,-0.00981243537953902,-8.02900890097824e-05,4356.438616071428,4367.088346354167,17.417142868041992,16.385000069936115,1903.057163783482,1909.8833292643228,81.29259817940849,82.04249801635743,149.15499877929688,148.4229990641276,0.11921305672664473,1.0529032850903954,0.13623643902911017,0.08527202711078861,0.049862469586653226,-0.047017138406437835,-0.05837427778873694,-0.09289568618815336,0
2023-10-18,4314.60009765625,3686030000.0,19.21999931335449,1968.300048828125,270045.0,79.9535140991211,13794200.0,149.75900268554688,-0.013399820506516447,0.07494408364001481,0.016841503579371198,-0.0046763651753306545,-0.0012100693438490406,4353.430036272322,4362.059016927084,17.634285518101283,16.54400005340576,1917.914306640625,1910.6866658528645,81.05877140590123,81.93704884847006,149.24057006835938,148.4992660522461,0.12343823764001231,1.0679724147494427,0.144319908889881,0.08578139385338622,0.04694889069377578,-0.05978693769757794,-0.042515884817687866,-0.09713763721165532,0
2023-10-19,4278.0,3969730000.0,21.39999961853028,1980.5,264821.0,79.55995178222656,27116700.0,149.74200439453125,-0.008482848196321058,0.11342353709976871,0.006198217176867082,-0.004922389232405955,0.00011350430165002479,4341.967145647322,4356.287679036458,18.258571079799108,16.777333386739095,1932.94287109375,1911.9533325195312,80.79171861921039,81.80896504720052,149.44271414620536,148.56703287760416,0.1251495637039012,1.1066182815782253,0.14520874803939915,0.08520896832986626,0.04686522601227019,-0.06776262237728754,-0.03658119032838738,-0.10158187718458928,0
2023-10-20,4224.16015625,4004030000.0,21.709999084472656,1994.4000244140625,289109.0,80.0250473022461,12587100.0,149.802001953125,-0.012585283719027562,0.014485956610669648,0.007018442016694104,0.00584584969700086,-0.000400672869555585,4320.139997209822,4348.510009765625,19.06142807006836,17.03966668446859,1948.2428676060267,1913.676668294271,80.52722276960101,81.69578908284505,149.6104278564453,148.64939982096354,0.12903375009478318,1.0945445749429856,0.14634619667498977,0.08775159272439505,0.04598517739536155,-0.07949509426815163,-0.029819491274914796,-0.09632985987354872,0
2023-10-23,4217.0400390625,3776100000.0,20.3700008392334,1987.800048828125,212290.0,80.40070343017578,12365000.0,149.8800048828125,-0.0016855698941634634,-0.06172263020488311,-0.0033092536628285263,0.004694231876063437,-0.0005207068575219242,4301.201450892857,4339.496012369792,19.587142399379186,17.258666706085204,1963.2143031529017,1915.0300048828126,80.42882973807198,81.59989318847656,149.73100062779017,148.74163309733072,0.12650731720286038,1.1170430305450314,0.1467862442859467,0.08948148184533385,0.045578402051004094,-0.08104666962468306,-0.033030064677018106,-0.09208782269632043,0
2023-10-24,4247.68017578125,3821820000.0,18.96999931335449,1986.0999755859373,200943.0,80.54383087158203,10906000.0,149.7689971923828,0.007265792222727274,-0.06872859441333223,-0.0008552536474631944,0.0017801764822935606,0.0007406437604301486,4289.758649553572,4332.355354817709,19.53714234488351,17.41666669845581,1969.585728236607,1916.7300048828124,80.27677263532367,81.50490290323893,149.7280011858259,148.84466654459635,0.1288081587536125,1.1420153597600848,0.1453987209944231,0.08958443054776674,0.04450469152546855,-0.0743697456637927,-0.03385706924119032,-0.09047157879029658,0
2023-10-25,4186.77001953125,3869370000.0,20.190000534057617,1994.9000244140625,240655.0,79.8372573852539,15170200.0,149.85400390625,-0.014339628627712542,0.06431213836914962,0.004430818657821689,-0.00877253389467747,-0.0005675855181028755,4263.064383370535,4322.999690755209,19.96285683768136,17.640333398183188,1978.2428676060267,1918.8100056966146,80.09278106689453,81.38308868408203,149.76914542061942,148.93453318277994,0.13363954453779264,1.1346956530626477,0.14558482047863738,0.09195525004989641,0.04383097309201968,-0.08764293975754905,-0.029576265117461725,-0.0984504476935312,0
2023-10-26,4137.22998046875,4277640000.0,20.68000030517578,1997.4000244140625,214053.0,80.44544982910156,15901300.0,150.09800720214844,-0.011832519778109618,0.024269428338627552,0.0012531956335677386,0.007617902515273389,-0.0016282734497443663,4229.354352678572,4310.737353515625,20.362857001168386,17.90233341852824,1987.057163783482,1920.9633382161458,80.10939352852958,81.2877919514974,149.8434317452567,149.0262669881185,0.1326310255131429,1.118021052324187,0.14555766607100804,0.09560782887178901,0.043889217289285576,-0.09843842271756582,-0.028360134330196372,-0.09158253109137214,0
2023-10-27,4117.3701171875,4019500000.0,21.270000457763672,1998.5,213757.0,80.57067108154297,11628200.0,150.36599731445312,-0.004800280229768528,0.02852998761514658,0.0005507037010576976,0.0015565983247955995,-0.0017854341793077655,4201.178641183035,4299.639029947916,20.655714307512557,18.151666768391927,1991.3714425223213,1922.7066731770833,80.1975588117327,81.20529276529948,149.93014526367188,149.12240041097004,0.12980384399407824,1.1053128223503068,0.14452093213844347,0.09573218543153579,0.04401183913659546,-0.10276617093291368,-0.02782504866007684,-0.09016848998105394,0
2023-10-30,4166.81982421875,3911140000.0,19.75,2005.5999755859373,181339.0,80.3023452758789,11022500.0,149.73300170898438,0.012010022325859904,-0.07146217325109949,0.0035526522821802686,-0.00333031613193957,0.0042096991126591154,4185.295758928572,4290.08203125,20.420000076293945,18.343333435058593,1994.9571533203125,1924.446671549479,80.30361502511161,81.11117324829101,149.9288591657366,149.1845672607422,0.1362443476856061,1.1345657263898519,0.14449704224909868,0.09577887412511732,0.04577191805551326,-0.09199037261430126,-0.024371249100520565,-0.093198516536217,0
2023-10-31,4193.7998046875,4249470000.0,18.13999938964844,1994.300048828125,214776.0,80.13239288330078,11574700.0,149.11099243164062,0.006474957307233353,-0.08151901824564856,-0.005634187722061035,-0.002116406338996124,0.004154122806892424,4180.958565848215,4281.743684895833,19.910000119890487,18.477666759490965,1994.94287109375,1925.8000081380208,80.31895010811942,81.02149912516276,149.83014351981026,149.2347671508789,0.13853478581406534,1.1678054683511587,0.14573192303956434,0.09553184191929777,0.04725798823040354,-0.08611104904242199,-0.029868124630128192,-0.09511767694403084,0
2023-11-01,4237.85986328125,4224900000.0,16.8700008392334,1987.5,197629.0,81.05533599853516,22448900.0,151.29400634765625,0.010505999486313922,-0.07001094780299522,-0.003409742095789814,0.011517728124985416,-0.01464019439758224,4183.932826450893,4276.265673828125,19.410000119890487,18.53533344268799,1994.9000069754463,1926.4800089518228,80.41246904645648,80.9646713256836,150.03214372907365,149.35316721598306,0.14115190232438454,1.1753069715142812,0.1450141586755295,0.10228105150699048,0.0628665192557742,-0.07650973219311379,-0.03317602412404439,-0.08469548836196696,0
2023-11-02,4317.77978515625,4669780000.0,15.65999984741211,1993.5,158650.0,81.55760955810547,14046200.0,150.5749969482422,0.01885855702012762,-0.07172501076628712,0.0030188679245282124,0.006196674819525683,0.004752398437793071,4193.947056361607,4275.858333333334,18.937143053327286,18.47266674041748,1995.9571533203125,1928.2766764322917,80.55729457310268,80.9451047261556,150.14728655133928,149.4283004760742,0.1451548045397036,1.1032099171988152,0.13861043367059928,0.1020789183830039,0.06413851251846994,-0.05909403832014462,-0.030257310234607544,-0.07902364394250135,0
2023-11-03,4358.33984375,4570960000.0,14.90999984741211,1999.199951171875,222189.0,82.18544006347656,23133700.0,150.4969940185547,0.009393730253031363,-0.047892720773170416,0.0028592682076122866,0.007698000330966126,0.0005180337457639794,4218.45703125,4277.134326171875,18.182857240949357,18.39633337656657,1996.5714285714287,1930.0633422851563,80.8927492414202,80.93576024373372,150.23914228166853,149.52340037027994,0.14752038597644637,1.1102988486496177,0.13858063707530946,0.10398307207831144,0.0624049692171648,-0.05025542152265489,-0.027484555792196975,-0.07193396764875884,0
2023-11-06,4365.97998046875,3656340000.0,14.890000343322754,1988.5999755859373,146279.0,81.71006774902344,11246700.0,149.44900512695312,0.0017529924220356374,-0.0013413483765277734,-0.005302108765921298,-0.005784142715375973,0.006963520424018266,4251.135602678572,4278.085660807292,17.355714389256068,18.32933340072632,1995.3142787388392,1931.7966756184896,81.07340894426618,80.93079020182292,150.14642769949776,149.55723368326824,0.14717364964163412,1.1093890743930483,0.13883041941152413,0.10312534959028284,0.06450738696936284,-0.04859052647371462,-0.03264093845392497,-0.07730203402917113,0
2023-11-07,4378.3798828125,3791230000.0,14.8100004196167,1973.5,218948.0,82.17648315429688,13189400.0,149.98899841308594,0.0028401189192852616,-0.005372728130387805,-0.007593269521934953,0.00570817548097069,-0.0036132277071641017,4288.422712053572,4281.5806640625,16.432857240949357,18.191666730244954,1991.7428501674108,1933.5866739908854,81.30281066894531,80.94226048787435,150.09257071358817,149.59650014241535,0.14026637310131043,1.0467075252378193,0.13821480564475985,0.10445443372022319,0.06491436382649979,-0.04588841042796538,-0.03998635653273037,-0.07203511212347483,0
2023-11-08,4382.77978515625,3729510000.0,14.449999809265137,1957.800048828125,189359.0,82.50836181640625,11117600.0,150.39599609375,0.0010049156221052513,-0.02430794059092134,-0.007955384429630064,0.004038608728074156,-0.0027135168910399354,4319.274135044643,4285.189664713542,15.675714356558663,18.066000080108644,1984.9142892020088,1935.8166748046874,81.61795588902065,80.97698516845703,150.1872841971261,149.64153340657552,0.14025475255613945,1.0438267870272164,0.13248217131700055,0.10408709906388934,0.06519680167320012,-0.04492960878637269,-0.04762363412420235,-0.06828742502795042,0
2023-11-09,4347.35009765625,3900780000.0,15.289999961853027,1969.800048828125,214077.0,81.69215393066406,17067900.0,150.86399841308594,-0.008083839306732843,0.058131499216304006,0.006129328685624769,-0.00989242626775666,-0.0031118003902457225,4341.209891183035,4286.777994791667,15.26857158115932,17.99766674041748,1981.4142892020088,1938.8566772460938,81.84077889578683,80.97706807454428,150.43771362304688,149.68706665039062,0.1417486020081409,1.0515902759847904,0.13115685497429835,0.10803101269870581,0.06522349288417721,-0.05265024435556208,-0.04178620634532865,-0.07750432297860312,0
2023-11-10,4415.240234375,3665080000.0,14.170000076293944,1937.699951171875,229637.0,81.78181457519531,10674700.0,151.3489990234375,0.015616441094852496,-0.07325048321473959,-0.01629611983985224,0.0010975429122281888,-0.003214820072735769,4366.549944196428,4291.01767578125,14.882857186453682,17.886000061035155,1974.2999965122767,1941.2433430989583,81.94456154959542,80.97954533894857,150.44556971958704,149.75413309733074,0.1480589836713608,1.070722391002869,0.13917111674550592,0.10807484381035937,0.06561459564035829,-0.037856012700317826,-0.05740137315892466,-0.0764918443867272,0
2023-11-13,4411.5498046875,3326240000.0,14.760000228881836,1950.199951171875,183702.0,81.73696899414062,8930200.0,151.468994140625,-0.0008358389332403515,0.04163727236494141,0.006450947161577014,-0.0005483563954606918,-0.0007928372038252807,4379.945661272322,4295.122998046875,14.75428581237793,17.7910000483195,1968.1142752511162,1944.6766764322917,81.97018432617188,81.00262018839518,150.57328360421317,149.8184331258138,0.14813308103626746,1.0788881204071885,0.1355978198018641,0.10529736675997067,0.06556724020097765,-0.03866021010428604,-0.05132071922259789,-0.07699825599011782,0
2023-11-14,4495.7001953125,4700350000.0,14.15999984741211,1966.5,180741.0,82.9657974243164,14313600.0,151.64599609375,0.019075017703661823,-0.04065043171853533,0.0083581423629564,0.015033936850091356,-0.0011685688818972029,4399.568568638393,4303.997998046875,14.647142955235072,17.603666687011717,1963.4428536551338,1948.8433430989583,82.08166394914899,81.08901799519857,150.7374267578125,149.87826639811198,0.15029689945352548,1.0139840395860593,0.13603724610635046,0.11034154073544085,0.06542171061771514,-0.020322636592790738,-0.043391522737073356,-0.06312190605814912,0
2023-11-15,4502.8798828125,4347170000.0,14.18000030517578,1964.300048828125,142924.0,82.31999969482422,12969400.0,150.48500061035156,0.0015970120755575135,0.0014124617216946245,-0.0011187140462115552,-0.007783903120816782,0.007655958701874965,4419.125697544643,4311.968994140625,14.545714378356934,17.45700003306071,1959.971435546875,1953.160009765625,82.16879708426339,81.13689422607422,150.8854261125837,149.9213663736979,0.14920789488491004,1.0024676050779953,0.13528722367169838,0.1120709538180572,0.06812596718805161,-0.018758080013279152,-0.04446169407731243,-0.07041447437740794,0
2023-11-16,4508.240234375,3964520000.0,14.31999969482422,1987.300048828125,186810.0,82.93885040283203,10375600.0,151.21499633789062,0.0011904273935798848,0.00987301739319002,0.011709005461625566,0.007517622817079905,-0.004850953414481607,4437.677176339285,4320.30400390625,14.47571427481515,17.318000030517577,1961.94287109375,1958.3433430989583,82.27770669119698,81.20033086140951,151.0605686732701,149.99633280436197,0.14892265467649465,1.0036581590911509,0.1374164916675276,0.11380342003374605,0.0691458090916082,-0.017589982751997992,-0.03327329083447118,-0.06342620101956042,0
2023-11-17,4514.02001953125,3777240000.0,13.800000190734863,1984.699951171875,133120.0,82.9926986694336,8462000.0,150.7050018310547,0.0012820490603360213,-0.03631281530524788,-0.0013083568622580533,0.0006492526281716149,0.003372645036450961,4456.42578125,4327.154671223959,14.382857186453682,17.196333344777425,1965.7857142857142,1962.9933430989583,82.34689767020089,81.28136444091797,151.1047123500279,150.0710662841797,0.1459568103156469,0.9967249563309899,0.13720280424993167,0.11204921970798433,0.06914385471773285,-0.01633048491252039,-0.03453811435833602,-0.0628181280190958,0
2023-11-20,4547.3798828125,3644790000.0,13.40999984741211,1980.300048828125,177887.0,83.10931396484375,7481200.0,149.94200134277344,0.007390278097329839,-0.028260894053073637,-0.0022169105920277765,0.0014051271651576158,0.005062874350624358,4485.00146484375,4334.211995442708,14.114285741533552,17.05333331425985,1967.2857142857142,1966.860009765625,82.54934910365513,81.33199818929036,150.9729984828404,150.09713287353514,0.1462949394906575,0.9968525031846964,0.1357556036118104,0.10638952064139913,0.06979112204740581,-0.009060893640158371,-0.036678457038814165,-0.061501268312082226,0
2023-11-21,4538.18994140625,3511080000.0,13.350000381469728,2001.5999755859373,230024.0,83.21690368652344,9153300.0,148.36199951171875,-0.0020209310950652926,-0.004474233156233742,0.01075590881816968,0.0012945567295286065,0.01053741991506929,4502.565708705357,4340.210319010416,13.997142927987236,16.930666637420654,1976.4142892020088,1971.0700073242188,82.75436183384487,81.39158426920572,150.54628426688058,150.09829966227213,0.14625949885798903,0.9926576494025054,0.13766848836952333,0.10611414626895194,0.0746549429690193,-0.011063513293517156,-0.02631705836014513,-0.060286328463321645,0
2023-11-22,4556.6201171875,3042810000.0,12.850000381469728,1992.800048828125,199370.0,83.19000244140625,7255100.0,148.15199279785156,0.00406112922094648,-0.03745318245039286,-0.004396446275553245,-0.0003232665951923286,0.0014155020460653311,4523.2900390625,4346.19931640625,13.724285806928362,16.82266664505005,1982.5000174386162,1974.5866739908854,82.9619380405971,81.43536707560222,150.07242693219865,150.08243255615236,0.14622105159178742,0.9863625317093312,0.13836845373183507,0.10518841563721505,0.07451615493865318,-0.007047314429693377,-0.030597803102487404,-0.06059010650237496,0
2023-11-24,4559.33984375,1639500000.0,12.460000038146973,2003.0,214880.0,82.75948333740234,4125800.0,149.63499450683594,0.0005968736678840791,-0.030350220369265823,0.005118401707122189,-0.005175130320583143,-0.010010001762229992,4532.381417410715,4353.190315755209,13.481428691319056,16.681666628519693,1987.7143031529017,1978.5866739908854,82.93246459960938,81.49103469848633,149.78514099121094,150.10239919026694,0.14445281734027712,0.9802495376153842,0.1381106471080616,0.1022060995738038,0.0797167021009539,-0.0064546471182217,-0.025636013242999203,-0.06545167512567028,0
2023-11-27,4550.43017578125,3403990000.0,12.6899995803833,2012.4000244140625,251250.0,83.38734436035156,9539800.0,149.5709991455078,-0.001954157460090089,0.018459032225695893,0.004692972747909474,0.007586574947423097,0.00042767643718000237,4539.17431640625,4360.611995442709,13.26857144492013,16.460666624704995,1994.585728236607,1980.9500081380208,83.08494240897042,81.55033849080404,149.6545693533761,150.09509938557943,0.14350050755617155,0.8505333429562532,0.10788351591810197,0.10283822967137675,0.07835253270034223,-0.008396191181493458,-0.021063349606604255,-0.05836165421702244,0
2023-11-28,4554.89013671875,3586240000.0,12.6899995803833,2040.0,174665.0,83.75508880615234,13563300.0,148.45199584960938,0.0009801185306033133,0.0,0.013714954905138077,0.004410075037425409,0.007481418873252488,4545.838588169643,4366.65400390625,13.035714285714286,16.309999974568687,2002.114292689732,1984.47333984375,83.20154789515904,81.63800150553385,149.25985499790735,150.05796610514324,0.1410137219135182,0.80004497933132,0.11268070129079051,0.10137377434942883,0.08119009305885783,-0.007424301913453548,-0.007637277591471978,-0.0542089584540024,0
2023-11-29,4550.580078125,4418760000.0,12.979999542236328,2047.0999755859373,15290.0,84.194580078125,19075400.0,147.06300354003906,-0.0009462486392383118,0.02285263762351275,0.0034803801891849506,0.005247338140728752,0.009356508153500642,4551.061453683035,4372.566666666667,12.91857133592878,16.14666665395101,2011.0285818917407,1988.1866739908853,83.37324523925781,81.76684875488282,148.73956952776228,149.97413279215496,0.14111301033308854,0.7930217462288499,0.11273526572241925,0.09659144089414728,0.08536928360074725,-0.008363525317108933,-0.004183478031915705,-0.049246073048538404,0
2023-11-30,4567.7998046875,5399300000.0,12.920000076293944,2038.0999755859373,151918.0,83.78196716308594,18446700.0,147.03900146484375,0.0037840728581564065,-0.004622455166284789,-0.004396463341964529,-0.004900706371552599,0.0001632094722502364,4553.978585379465,4381.006656901041,12.848571368626185,15.936666679382324,2019.285714285714,1990.513338216146,83.46933855329242,81.89446385701497,148.3248552594866,149.8834660847982,0.1341046675636126,0.7519356858126927,0.10478511078226155,0.09671992721024958,0.08521574206799735,-0.004611100648103518,-0.008561548866070976,-0.05390543887612809,0
2023-12-01,4594.6298828125,4397120000.0,12.630000114440918,2089.699951171875,241615.0,84.57247924804688,21393200.0,147.99899291992188,0.005873742123607695,-0.022445817348339392,0.02531768618028818,0.00943534881942032,-0.006528821914692173,4562.041434151785,4391.560986328125,12.74571418762207,15.644333362579346,2031.8714250837054,1994.1533365885416,83.66299220493862,82.06154810587564,148.2729971749442,149.8253657023112,0.13082637487497117,0.6512662720669037,0.1253672024598149,0.0972845295062957,0.08768201556116752,0.0,0.0,-0.04497870667576795,0
2023-12-04,4569.77978515625,4369910000.0,13.079999923706056,2042.199951171875,378224.0,84.22174072265625,16402000.0,146.39300537109375,-0.005408509126972105,0.0356294382571396,-0.02273053601468611,-0.004147194554412037,0.010851341060794106,4563.92138671875,4403.081640625,12.778571265084404,15.356666723887125,2038.9285539899554,1995.7466674804687,83.81038338797433,82.201437886556,148.02171325683594,149.71173248291015,0.1252084754517736,0.6628159900292181,0.14305105279045086,0.09820926451597092,0.09273545323579409,-0.005408509126972066,-0.022730536014686057,-0.04893936578278974,0
2023-12-05,4567.18017578125,3909950000.0,12.850000381469728,2036.300048828125,209549.0,84.81529235839844,25452100.0,147.32699584960938,-0.0005688697261614362,-0.01758406296467019,-0.002888993479979507,0.007047487152952225,-0.006380021204893227,4565.041434151785,4414.752978515625,12.834285599844796,15.10600004196167,2043.6857038225446,1997.3633341471354,84.10407039097377,82.34859085083008,147.69199916294642,149.6266321818034,0.12491356967021894,0.6484862279167408,0.14295055813809596,0.0990609196239836,0.09496157996223512,-0.005974302116027521,-0.02555386112432269,-0.04223677818146542,0
2023-12-06,4549.33984375,4245680000.0,12.970000267028809,2047.9000244140625,154219.0,85.16604614257812,14023400.0,147.18499755859375,-0.003906202808869552,0.009338512217643702,0.005696594464363436,0.004135501681672427,0.0009638307643262678,4564.885672433035,4424.80830078125,12.874285697937012,14.906000073750814,2048.7571323939733,1999.4233357747396,84.35817064557757,82.50266469319662,147.35114179338728,149.54049886067708,0.12555397465163132,0.6309098769618325,0.1435342093588241,0.0992913189686042,0.09496756962790963,-0.0098571680891904,-0.020002836643783082,-0.038275946766990955,0
2023-12-07,4585.58984375,3818880000.0,13.0600004196167,2046.4000244140625,173977.0,85.04015350341797,13730100.0,147.1840057373047,0.007968189065892917,0.00693910182998847,-0.0007324576308012087,-0.001478202228026415,6.738603156031253e-06,4569.271344866072,4438.102294921875,12.92714296068464,14.66833340326945,2049.6714215959823,2001.1400024414063,84.54175131661552,82.67609456380208,147.17000034877233,149.45149892171224,0.11612592506459597,0.5914270146908994,0.14326080469061975,0.09463190503667854,0.09492275028206154,-0.0019675228022863816,-0.020720643044246853,-0.03969756940522655,0
2023-12-08,4604.3701171875,3707010000.0,12.350000381469728,2014.5,237289.0,84.49153900146484,13825300.0,144.2779998779297,0.00409549786994079,-0.05436447284339441,-0.015588362017927682,-0.0064512407298403796,0.01974403295261351,4576.955636160715,4453.6736328125,12.837143080575126,14.390666739145916,2045.0142822265625,2001.7100016276042,84.58417401994977,82.81096420288085,146.7721426827567,149.25749867757162,0.10720490841438571,0.5914325842725203,0.15099573077360648,0.09630434095689072,0.1096646550121109,0.0,-0.03598600417715658,-0.04589271155844423,0
2023-12-11,4622.43994140625,3823210000.0,12.630000114440918,1993.699951171875,160072.0,84.50054931640625,10484600.0,144.98300170898438,0.003924494286698943,0.022672042455262442,-0.010325166953648601,0.00010664162409512734,-0.004886412562214337,4584.761369977678,4470.509293619792,12.795714514596122,14.102666727701823,2038.671421595982,2001.55,84.68682861328125,82.94196014404297,146.47842843191964,149.07806549072265,0.10420867729066118,0.5878021100325903,0.15411421922723578,0.09640882408874919,0.11078394806514741,0.0,-0.04593960962968129,-0.0457909640076439,0
2023-12-12,4643.7001953125,3808380000.0,12.06999969482422,1993.199951171875,148532.0,84.6803970336914,7248000.0,146.0850067138672,0.00459935752021523,-0.044338908514846564,-0.00025078999460581564,0.002128361516464672,-0.007600925569845707,4591.771414620535,4486.405305989583,12.715714454650879,13.846666717529297,2024.885707310268,2001.1366658528646,84.7022454398019,83.08789520263672,146.2050018310547,148.9564656575521,0.10136236050735821,0.5707938059688672,0.15373869548556607,0.09527125324734947,0.11324821217899543,0.0,-0.04617887842983588,-0.04376006221677501,0
2023-12-13,4707.08984375,5063650000.0,12.1899995803833,1997.300048828125,192679.0,85.939453125,16155200.0,145.27999877929688,0.013650676351045998,0.009941995740939236,0.0020570428239472527,0.014868330043465106,0.005510544529371608,4611.387137276785,4503.514973958333,12.588571548461914,13.648333390553793,2018.471435546875,2001.2366658528647,84.94763292585101,83.28146387736003,146.04600088936942,148.82876586914062,0.10516958014244904,0.5397804640317618,0.15297368591238786,0.10172121878041461,0.11366507045145541,0.0,-0.04421682753638072,-0.02954237122107141,0
2023-12-14,4719.5498046875,6314040000.0,12.479999542236328,2044.9000244140625,231095.0,86.65383911132812,32373200.0,142.7729949951172,0.0026470624846992585,0.023789989486111995,0.02383216062797655,0.00831266618940485,0.017256358791606363,4633.154227120535,4519.571305338542,12.535714285714286,13.502000013987223,2019.7000034877233,2003.15,85.21028246198382,83.46808064778646,145.39542933872767,148.54473215738932,0.10331540619532527,0.5212228640865533,0.1672586857018795,0.09961472212040973,0.11350423135432379,0.0,-0.021438449444710624,-0.02147528090207087,0
2023-12-15,4719.18994140625,8218980000.0,12.279999732971191,2035.699951171875,172147.0,86.58167266845703,9407100.0,142.2790069580078,-7.62494933082003e-05,-0.016025626330215204,-0.004499033269278585,-0.0008328129902978043,0.00345995429406154,4657.418526785715,4532.951643880208,12.437142780848912,13.389333343505859,2017.9571358816963,2004.5566650390624,85.41251482282367,83.6355494181315,144.69457353864397,148.26819915771483,0.09311032238236941,0.4873076724419535,0.167889392048774,0.09927608039866494,0.11328414668772929,-7.624949330814997e-05,-0.025841030416695727,-0.022290208999463178,0
2023-12-18,4740.56005859375,4060340000.0,12.5600004196167,2040.5,141406.0,86.3922348022461,8634100.0,142.31300354003906,0.004528344366900416,0.022801359343169958,0.002357935326059213,-0.002187967272662239,-0.0002389430651654756,4679.55712890625,4545.692317708334,12.365714209420341,13.311000029246012,2017.1142752511162,2005.9333333333334,85.60566929408482,83.77577590942383,143.99871608189173,147.99539947509766,0.09124910036463198,0.4795414946323648,0.1678410048201432,0.09848869719233021,0.11338341562500294,0.0,-0.023544026569117898,-0.024429406024333775,0
2023-12-19,4768.3701171875,4026970000.0,12.529999732971191,2052.10009765625,134781.0,86.55460357666016,9047100.0,142.7220001220703,0.005866407818910568,-0.0023885896212750835,0.005684929015559836,0.0018794371367487628,-0.002873922774851545,4702.985700334822,4559.105322265625,12.391428402491979,13.232333342234293,2022.4857177734375,2008.0500040690104,85.900392804827,83.93726043701172,143.77643040248327,147.7711659749349,0.09160846671691865,0.4794768098478832,0.16742669440047067,0.09590987479536511,0.11310300623375981,0.0,-0.017992943673343878,-0.022595882420495834,0
2023-12-20,4698.35009765625,4201320000.0,13.670000076293944,2047.699951171875,122567.0,86.97854614257812,12659100.0,143.88900756835938,-0.014684266911006771,0.09098167339325469,-0.0021442163028014827,0.004897978251872992,-0.00817678735787708,4713.830008370535,4569.77099609375,12.539999825613839,13.194333330790203,2030.2000034877233,2010.5233357747395,86.254392351423,84.09732920328776,143.6201455252511,147.56783294677734,0.10491904611429215,0.5547502847044862,0.16570354670000367,0.0956616476729029,0.11564389496450958,-0.014684266911006796,-0.020098579212985565,-0.01780857830930032,0
2023-12-21,4746.75,3431180000.0,13.649999618530272,2051.300048828125,119952.0,86.84326171875,8939700.0,143.5229949951172,0.010301467821202559,-0.0014630912693524012,0.0017581177624141908,-0.0015553769271604567,0.0025437146271809485,4728.551409040178,4581.903336588542,12.76571410042899,13.167666657765706,2038.5000174386162,2013.6400024414063,86.56337302071708,84.24182586669922,143.25414385114397,147.33873291015624,0.10729696411693587,0.5507324449778072,0.1633724307603968,0.0959546636083372,0.1150379900540196,-0.0045340685928658715,-0.018375797119684987,-0.01933625618465294,0
2023-12-22,4754.6298828125,3046770000.0,13.029999732971191,2069.10009765625,170150.0,86.76206970214844,4956400.0,142.07000732421875,0.0016600585268868873,-0.045421238306659895,0.008677447669488414,-0.0009349259228023099,0.010123727357751022,4735.342843191965,4595.479329427083,12.88571412222726,13.092333316802979,2048.757167271205,2016.9500040690104,86.68088967459542,84.41082305908203,142.79557364327567,147.04559987386068,0.10240401122852195,0.5351560024280433,0.1641503677896935,0.08984765251051609,0.11677732190404944,-0.0028815368852081313,-0.009857804468087816,-0.020253104140298243,0
2023-12-26,4774.75,2513910000.0,12.989999771118164,2069.800048828125,79573.0,86.81620788574219,3342500.0,142.22999572753906,0.0042316894655107795,-0.003069835968746104,0.0003382877284032748,0.0006239844644049253,-0.0011261237071327201,4743.228585379465,4607.46298828125,12.958571297781807,13.05299997329712,2052.3143136160716,2021.353340657552,86.70408521379743,84.5786361694336,142.71800231933594,146.74163309733072,0.09529399141000859,0.49420514083656225,0.1551428011403125,0.08990057457844679,0.11612599218014019,0.0,-0.009522851513965154,-0.019641757298232927,0
2023-12-27,4781.580078125,2748450000.0,12.43000030517578,2093.10009765625,128179.0,87.49269104003906,7362400.0,142.46099853515625,0.0014304577464787638,-0.0431100443271355,0.0112571496175764,0.007792129727518082,-0.0016241497191611387,4752.141462053572,4619.797330729167,12.979999950953893,12.975333309173584,2060.514334542411,2026.116678873698,86.834230695452,84.77049357096354,142.74400111607142,146.44136657714844,0.09480283035807961,0.4895549793924368,0.15689005695241212,0.09108126933068732,0.11632723965592008,0.0,0.0,-0.012002678691659174,0
2023-12-28,4783.35009765625,2698860000.0,12.470000267028809,2083.5,129544.0,87.15895080566406,4858500.0,141.3990020751953,0.0003701746080437829,0.0032180177691849554,-0.004586544937339454,-0.0038144927354248903,0.00745464703238663,4758.254324776785,4629.385660807292,12.96714278629848,12.918999989827475,2066.6571916852677,2030.0166788736979,86.94376155308315,84.9102653503418,142.6134294782366,146.09980010986328,0.08127225475424928,0.4783760528100651,0.15710892230564888,0.08428742048340158,0.11695919425653589,0.0,-0.004586544937339458,-0.01577138729640905,0
2023-12-29,4769.830078125,3126060000.0,12.449999809265137,2071.800048828125,105724.0,86.94246673583984,7820500.0,141.42999267578125,-0.0028264750133749628,-0.001603885913022296,-0.00561552732031434,-0.0024837847154322024,-0.0002191712821950631,4758.462890625,4638.284000651041,12.955714225769043,12.861333306630453,2069.4714704241073,2033.6000122070313,86.9991705758231,85.06434758504231,142.4288569859096,145.79796651204427,0.08250357148460287,0.47817069884698693,0.1584136758905076,0.08043990863269382,0.11605075276370262,-0.0028264750133749463,-0.010176316389252354,-0.018215999281133308,0
2024-01-02,4742.830078125,3743050000.0,13.199999809265137,2073.39990234375,157555.0,86.61775970458984,9444000.0,141.12600708007812,-0.005660579005492328,0.06024096477831753,0.0007722045940339317,-0.0037347345139926436,0.0021493715014183623,4764.817173549107,4646.103662109375,12.888571330479213,12.823999977111816,2073.142892020089,2036.4700073242188,86.9476296561105,85.18697789510091,142.03414263044084,145.4616668701172,0.08537985808130844,0.5118669050143818,0.15563121635996277,0.08014291940138915,0.11419716226646404,-0.008471054533746972,-0.009411969993484452,-0.021882701873903856,0
2024-01-03,4704.81005859375,3950760000.0,14.039999961853027,2042.800048828125,221680.0,86.82523345947266,11040500.0,142.15499877929688,-0.008016314922730805,0.06363637611557316,-0.014758297943891718,0.002395279623836899,-0.0072912974759844484,4758.825753348215,4652.463330078125,12.944285665239606,12.831999969482421,2071.9286063058034,2038.4066772460938,86.94505419049945,85.31472905476888,141.83871459960938,145.17666676839193,0.0899140850093727,0.5354356908992214,0.16244383878147312,0.08014919193481597,0.11744189964415547,-0.016419462815607647,-0.024031363279973333,-0.01953983743997993,0
2024-01-04,4688.68017578125,3715480000.0,14.130000114440918,2050.0,130263.0,86.30205535888672,7354800.0,142.99899291992188,-0.0034283812973570083,0.006410267295756666,0.0035245501271674584,-0.006025645768406029,-0.0059371400785936945,4749.404366629465,4657.17333984375,13.101428576878138,12.855999978383382,2069.200020926339,2040.7300089518228,86.87933785574776,85.42115376790365,141.97142682756697,144.9452331542969,0.08911076656518772,0.5282865395851145,0.16230415181021823,0.08308018573316138,0.1191967565891467,-0.01979155193373499,-0.020591512897310243,-0.025447743069600407,0
2024-01-05,4697.240234375,3844370000.0,13.350000381469728,2049.800048828125,214684.0,85.98635864257812,10001000.0,144.76499938964844,0.0018256861788026324,-0.055201679168708995,-9.753715701221743e-05,-0.0036580440059714725,-0.012349782566059897,4738.33154296875,4662.475016276042,13.152857235499791,12.855999978383382,2066.3428780691966,2042.3366780598958,86.76078796386719,85.51346893310547,142.3335702078683,144.82533315022786,0.08866044691197167,0.5537605541750582,0.15978243551743515,0.0842987985425812,0.12261244466493523,-0.018001998917754773,-0.020687041616695854,-0.029012698111570628,0
2024-01-08,4763.5400390625,3742320000.0,13.079999923706056,2033.5,220988.0,86.2750015258789,7044700.0,144.71600341796875,0.014114629309846638,-0.020224752812624813,-0.00795201894811337,0.003356845060744851,0.00033845177968616635,4735.75439453125,4669.372347005208,13.24571432386126,12.86366662979126,2057.8285784040177,2043.6933430989584,86.58683231898716,85.61630223592122,142.6557137625558,144.71080017089844,0.09599940681551666,0.5456697898232207,0.1611221376343334,0.08443146743462812,0.12260434624034927,-0.00414146114946856,-0.028474556817892866,-0.025753244183180396,0
2024-01-09,4756.5,3529960000.0,12.760000228881836,2033.0,218745.0,86.23892974853516,7360800.0,144.22999572753906,-0.0014779006799081618,-0.024464808615499822,-0.0002458814851241664,-0.0004181023089628866,0.0033583548394852114,4731.918666294643,4675.944352213542,13.287142889840263,12.873666636149089,2050.6142926897323,2044.6933430989584,86.45540073939732,85.73228378295899,143.06014142717635,144.53063354492187,0.09635651404049182,0.5429768204351949,0.16060000781482653,0.0823976768597321,0.1184585637614444,-0.005613241161128063,-0.0287134369366984,-0.02616057900128705,0
2024-01-10,4783.4501953125,3498680000.0,12.6899995803833,2027.800048828125,205007.0,86.1036148071289,9212700.0,144.42799377441406,0.00566597189372442,-0.00548594414129322,-0.0025577723422897103,-0.0015690702772033216,-0.0013727938205658763,4733.864397321428,4683.711686197917,13.321428571428571,12.873666636149089,2044.328578404018,2045.2066772460937,86.33556474958148,85.8228261311849,143.4884272984096,144.35920003255208,0.09656174979460834,0.5408524118454869,0.160347380562877,0.08066595445759785,0.11867511440624147,0.0,-0.031197766844139354,-0.027688601491545003,0
2024-01-11,4780.240234375,3759890000.0,12.4399995803833,2019.199951171875,301337.0,86.56365203857422,10305400.0,145.73399353027344,-0.0006710555783868699,-0.019700552266877946,-0.004241097469752986,0.0053428329632361216,-0.00904256662250158,4739.208705357143,4691.223356119792,13.212857110159737,12.865333302815754,2036.585728236607,2044.5133422851563,86.32783508300781,85.91644490559896,144.14671107700892,144.2685999552409,0.09678465805990275,0.5440324858784714,0.1556737793838412,0.08104482070342099,0.12064747985469973,-0.0006710555783868248,-0.03530655154386774,-0.022493704101063834,0
2024-01-12,4783.830078125,3486340000.0,12.699999809265137,2051.60009765625,272352.0,86.79814910888672,8469600.0,145.04600524902344,0.0007509755941104146,0.020900340647264315,0.01604603172933472,0.0027089553731860505,0.004720849711066788,4750.497279575893,4698.998356119791,13.021428516932897,12.855999978383382,2037.8428780691963,2044.6633463541666,86.32396589006696,86.00323053995768,144.55971200125558,144.2013666788737,0.09651688350355792,0.5433456699482302,0.16243512628770526,0.08024949733970878,0.11844776145286326,0.0,-0.019827049860859328,-0.019845683168465255,0
2024-01-16,4765.97998046875,4260550000.0,13.84000015258789,2030.199951171875,285254.0,86.09459686279297,9847100.0,145.79400634765625,-0.0037313402367431525,0.08976380790896399,-0.010430954116653846,-0.00810561346430505,-0.005156992068472421,4761.540108816965,4705.604361979166,12.979999950953893,12.88666664759318,2035.0142996651787,2044.4000122070313,86.29432896205357,86.08031819661458,144.95899963378906,144.1598668416341,0.0975492126668031,0.6022872081537067,0.16481839975311777,0.08280389074824238,0.11955164115333189,-0.0037313402367431625,-0.030051188930145994,-0.027790435196071665,0
2024-01-17,4739.2099609375,3928600000.0,14.789999961853027,2006.5,254292.0,85.81498718261719,9170700.0,147.24600219726562,-0.005616897183990499,0.06864160395890595,-0.01167370295629988,-0.003247702996058921,-0.009959228681506893,4767.535784040178,4710.423697916666,13.185714176722936,12.958666642506918,2028.828578404018,2041.6266805013022,86.2698473249163,86.12173512776693,145.3134286063058,144.1347671508789,0.09868393315897749,0.6262551788837236,0.14944287183916327,0.07956748429265992,0.12163853790145099,-0.009327278866265385,-0.04137408323339171,-0.030947883112482564,0
2024-01-18,4780.93994140625,4019000000.0,14.130000114440918,2021.5999755859373,171928.0,85.62556457519531,8910100.0,148.1179962158203,0.008805260963896,-0.04462473624843866,0.0075255298210501476,-0.002207337128872111,-0.0059220216884834365,4770.021484375,4717.462369791667,13.335714203970772,12.993666648864746,2027.1285749162946,2040.9400146484375,86.17707061767578,86.1685292561849,145.79942757742745,144.19226684570313,0.09919519275861836,0.6363905836308262,0.136965386359847,0.07877801708585067,0.11847879138455261,-0.0006041470268698958,-0.03415991530953299,-0.033086907829900494,0
2024-01-19,4839.81005859375,4287200000.0,13.300000190734863,2029.300048828125,172805.0,85.63460540771484,17711100.0,148.1280059814453,0.012313502764936146,-0.058740263056175857,0.003808900541738547,0.00010558566900420452,-6.757967215831329e-05,4781.922921316965,4726.550032552083,13.412857055664062,13.008666642506917,2026.6000104631696,2040.706681315104,86.09073856898716,86.1958396911621,146.35628618512834,144.21896718343098,0.10375336018584468,0.6589290859523982,0.13724146273070398,0.07634430917812633,0.11712311628297584,0.0,-0.030481126487722752,-0.03298481566419483,0
2024-01-22,4850.43017578125,4297610000.0,13.1899995803833,2022.199951171875,152756.0,85.89616394042969,9831500.0,148.12100219726562,0.0021943252026270788,-0.00827072246421412,-0.0034987914479922555,0.003054355554854782,4.728197165204673e-05,4791.491489955357,4736.586376953125,13.484285627092634,13.015999952952066,2025.7999965122767,2039.8500122070313,86.06110273088727,86.2201769510905,146.88385881696428,144.2501673380534,0.10225429451034221,0.6591939688898681,0.13646438186501916,0.07593944523033205,0.11707360054840324,0.0,-0.03387327083103454,-0.030031207464289927,0
2024-01-23,4864.60009765625,3912800000.0,12.550000190734863,2025.800048828125,156699.0,85.6796875,6428600.0,148.14199829101562,0.002921374261968035,-0.04852156254805884,0.0017802876783592492,-0.0025202108045222493,-0.00014174960632540312,4803.542898995535,4745.88671875,13.5,12.998999945322673,2026.7428676060267,2039.1633463541666,85.93482208251953,86.24149475097656,147.2278594970703,144.28210042317707,0.10079842341712882,0.6745495664284782,0.1366030828182493,0.07621051492710483,0.11707169718301869,0.0,-0.03215328731936149,-0.03247573329528785,0
2024-01-24,4868.5498046875,4330030000.0,13.140000343322754,2016.0,234459.0,85.4361343383789,9718000.0,148.25100708007812,0.0008119284117831249,0.04701196363514493,-0.00483761901071833,-0.002842600956277974,-0.0007358398720149761,4815.645717075893,4754.692708333333,13.562857219151088,13.02533327738444,2021.6571393694196,2039.2133463541666,85.74024854387555,86.27298126220703,147.6857169015067,144.41453399658204,0.10065163659058947,0.668121819874041,0.1295185594501535,0.07413821389490267,0.10057416655260132,0.0,-0.03683536097608656,-0.03522601870104476,0
2024-01-25,4894.16015625,4020430000.0,13.449999809265137,2017.800048828125,196670.0,85.80597686767578,11588100.0,147.59100341796875,0.005260365527706368,0.02359204397585213,0.0008928813631572385,0.004328877145027166,0.0044519337514710156,4833.957170758928,4763.750048828125,13.507142884390694,13.052666600545248,2019.8857247488838,2040.0166829427083,85.69901711600167,86.31649551391601,147.9424307686942,144.5014673868815,0.10096132605045288,0.6683635404829835,0.1257300797277996,0.0750071958287201,0.10101892901947072,0.0,-0.035975369220250034,-0.031049630663282892,0
2024-01-26,4890.97021484375,3353400000.0,13.260000228881836,2017.300048828125,119588.0,85.65262603759766,9134600.0,147.72300720214844,-0.0006517852510764532,-0.014126363054103419,-0.000247794621816122,-0.001787181215996303,-0.0008943890963724055,4855.63720703125,4771.9923828125,13.28857149396624,13.092333285013835,2021.4285888671875,2040.82001953125,85.67582266671317,86.34890314737956,148.0105743408203,144.55606740315756,0.10089985717905955,0.6554015094889163,0.12572993892631631,0.07513684492552919,0.09883462073424364,-0.0006517852510764982,-0.03621424933905557,-0.03278132056259417,0
2024-01-29,4927.93017578125,3525160000.0,13.600000381469728,2025.4000244140625,150708.0,86.1667709350586,6947500.0,148.13999938964844,0.007556774896180896,0.02564103670581641,0.004015255732850775,0.006002675238879984,-0.0028227978525334763,4876.635811941965,4779.353727213542,13.212857246398926,13.139333311716715,2021.9714529854912,2041.7566853841147,85.75313786097935,86.35648040771484,148.0137176513672,144.65140075683593,0.09608526515836403,0.6582221279624325,0.12607763508298037,0.06383722960359438,0.09745245249618216,0.0,-0.03234440307847422,-0.026975420944953026,0
2024-01-30,4924.97021484375,3836130000.0,13.3100004196167,2031.5,26907.0,86.28401947021484,7265800.0,147.46800231933594,-0.0006006499345398986,-0.021323526008731553,0.003011738675031461,0.001360716362977188,0.004536229735933595,4888.801548549107,4786.20107421875,13.214285850524902,13.167000007629394,2022.2857317243304,2041.3100179036458,85.84591129847935,86.3441530863444,147.91943141392298,144.80790100097656,0.09622316405142928,0.6597020976513098,0.10532274950269489,0.05906273007377637,0.0830274987241341,-0.0006006499345398582,-0.029430077293115003,-0.025651410478653734,0
2024-01-31,4845.64990234375,4696120000.0,14.350000381469728,2048.39990234375,238373.0,87.005615234375,15778300.0,147.36900329589844,-0.016105744611597972,0.07813673396435394,0.008318928055008667,0.008363029082218976,0.0006713254528472046,4888.11865234375,4790.41640625,13.380000250680107,13.236000029246012,2026.0285818917412,2041.733349609375,86.00440434047154,86.35828450520833,147.81200299944197,144.97756754557292,0.10880868652054634,0.6918102989584147,0.10730722195603558,0.06393242664172634,0.08208693949442666,-0.01669672063169111,-0.021355975933761154,-0.017502904888267664,1
2024-02-01,4906.18994140625,4386090000.0,13.880000114440918,2071.10009765625,260921.0,87.54451751708984,33372900.0,146.99600219726562,0.012493688211609788,-0.032752630978026054,0.011081915834172174,0.006193879340582242,0.0025310688834875306,4894.06005859375,4795.93740234375,13.57000023978097,13.280000019073487,2032.5000174386162,2042.7533528645833,86.27080862862724,86.39669392903646,147.6482892717634,145.1336675008138,0.11346332175735271,0.6988622959189209,0.11169988910341988,0.06583249031141969,0.08275430163356122,-0.004411636041810071,-0.0105107252274435,-0.011417436428673029,0
2024-02-02,4958.60986328125,3974350000.0,13.850000381469728,2053.699951171875,219800.0,86.40522766113281,13809200.0,146.4510040283203,0.01068444607751462,-0.0021613640290951697,-0.008401402956846882,-0.013013834426977455,0.003707571367920215,4906.92578125,4802.278727213542,13.67142881665911,13.324000040690104,2037.8857247488838,2042.8066813151042,86.40925053187779,86.39171473185222,147.39114597865515,145.25796763102213,0.11602654542809229,0.6988438327963822,0.11348680658816189,0.0763357310071614,0.08371627190552847,0.0,-0.018823823346285892,-0.024282686228387154,0
2024-02-05,4942.81005859375,4023640000.0,13.670000076293944,2042.9000244140625,170431.0,85.5643081665039,12147700.0,148.50100708007812,-0.0031863375266721894,-0.01299641156809006,-0.0052587656496022595,-0.009732275666547108,-0.013997876391215414,4913.875767299107,4810.427392578125,13.702857426234655,13.324000040690104,2041.471435546875,2042.6466837565104,86.37472643171039,86.34457346598307,147.5211465018136,145.4117009480794,0.10664168299348167,0.6499949248533388,0.11436583889092893,0.07979939925446962,0.08962083445957277,-0.0031863375266722093,-0.023983598920280527,-0.03377863609863534,0
2024-02-06,4954.22998046875,4440880000.0,13.0600004196167,2051.39990234375,126384.0,86.02545928955078,9327000.0,148.63999938964844,0.0023104108269635937,-0.04462323725477402,0.0041606920691703575,0.005389526695517732,-0.0009359688011769673,4922.912876674107,4817.343391927084,13.674286024911064,13.304333400726318,2046.3428431919642,2042.6500122070313,86.42798832484654,86.31731338500977,147.6521453857422,145.58226776123047,0.10351919949324577,0.6632018401827484,0.11490719111343305,0.08154642666050278,0.0889674797550959,-0.0008832884484285097,-0.01992269522092795,-0.028571160264109417,0
2024-02-07,4995.06005859375,4895590000.0,12.829999923706056,2051.699951171875,125631.0,85.87174224853516,8619800.0,147.8179931640625,0.008241457963390042,-0.017611063439567087,0.00014626540041362546,-0.0017868784692940398,0.005530181841774007,4932.502859933035,4825.357731119791,13.564285959516253,13.29766674041748,2050.0999755859375,2042.0700073242188,86.3858413696289,86.28763580322266,147.60614449637276,145.77386728922525,0.10537727077689221,0.6516824664932077,0.11194840914338769,0.08164116365815662,0.08479249752435286,0.0,-0.01977934382150803,-0.030306985542284722,0
2024-02-08,4997.91015625,4341860000.0,12.789999961853027,2047.9000244140625,137076.0,85.59143829345703,7808000.0,148.08599853515625,0.0005705832608251526,-0.003117689952524594,-0.0018520869757988612,-0.0032642164667726625,-0.0018130767801474157,4942.9228515625,4832.796402994792,13.490000179835729,13.291000080108642,2052.4428362165177,2041.3400065104167,86.28690120152065,86.24681015014649,147.6944296700614,145.9690673828125,0.10513693337578092,0.6516846225820743,0.11202709399850044,0.08202281364111913,0.08480104911069844,0.0,-0.021594797732225186,-0.033472273447792,0
2024-02-09,5026.60986328125,3912990000.0,12.93000030517578,2038.699951171875,116031.0,85.43773651123047,8492500.0,149.25900268554688,0.0057423415255595245,0.010946078478523136,-0.004492442566779942,-0.001795761179986033,-0.007921100995325725,4968.774274553572,4840.9640625,13.28714302607945,13.30766674677531,2051.05712890625,2039.5266682942708,86.06291852678571,86.17831166585286,147.9644295828683,146.19566752115887,0.10583652738191826,0.639117303169866,0.10706056053656902,0.07826097069853744,0.08690941178730932,0.0,-0.025990226910451913,-0.03520792641851464,0
2024-02-12,5021.83984375,3805740000.0,13.93000030517578,2033.0,116025.0,85.51908874511719,7023600.0,149.16700744628906,-0.0009489536011326738,0.07733951866959421,-0.0027958754639684225,0.0009521815208204387,0.0006163463349116993,4985.295689174107,4848.913720703125,13.294285910470146,13.356333414713541,2045.6142578125,2037.8433349609375,85.77357155936105,86.12364959716797,148.27457318987166,146.45460103352863,0.1060481722410831,0.6753357676900069,0.10664325493579209,0.07787341730433744,0.08290704970940693,-0.0009489536011327217,-0.0287134369366984,-0.034289269234616324,0
2024-02-13,4953.169921875,4302190000.0,15.850000381469728,2007.199951171875,217571.0,84.5787353515625,11978400.0,149.40499877929688,-0.013674255653625456,0.13783201968635717,-0.01269062903498519,-0.010995830373699778,-0.001595468978577541,4984.5185546875,4855.025048828125,13.58000019618443,13.469666767120362,2038.971400669643,2035.6899983723958,85.51264408656529,86.04485855102538,148.69657244001115,146.7204345703125,0.11435741444925354,0.7774732695503471,0.11129198227420778,0.08335717118378219,0.08277523778591112,-0.014610233020612857,-0.041039674395200565,-0.044908060620174155,0
2024-02-14,5000.6201171875,3845600000.0,14.380000114440918,2004.300048828125,193607.0,84.89518737792969,8979600.0,150.7239990234375,0.009579763275017639,-0.09274449411038443,-0.0014447501067629265,0.0037415081350153923,-0.008828354170994368,4992.777134486607,4863.618050130209,13.681428773062569,13.509000110626221,2033.4571184430804,2033.386669921875,85.41705540248326,85.98743947347005,149.01414271763392,147.04036763509114,0.11484561873973455,0.8157015471870048,0.11116515636341986,0.08396581271627307,0.0842750657670831,-0.005170432319325558,-0.04242513242799945,-0.04133457635929688,0
2024-02-15,5029.72998046875,4137970000.0,14.010000228881836,2014.9000244140625,204249.0,85.13030242919922,6788300.0,150.54400634765625,0.005821250684729495,-0.02573017264356725,0.005288617137007456,0.002769474437023911,0.0011941872359242378,5003.562848772322,4874.448714192708,13.817143031529017,13.50800011952718,2028.2428501674108,2032.456669108073,85.28917585100446,85.93094177246094,149.28614371163505,147.32000122070312,0.11153191041030915,0.7999970111008715,0.10477027916124422,0.08409087838288304,0.08341253729875608,0.0,-0.037360885573390436,-0.03867957697486525,0
2024-02-16,5005.56982421875,3833270000.0,14.239999771118164,2024.0999755859373,162356.0,84.75960540771484,7147400.0,149.9459991455078,-0.0048034698371121065,0.016416812168366768,0.004565959134647413,-0.004354466164297688,0.003972308274880376,5005.064243861607,4885.011702473958,14.01857158115932,13.511666774749756,2024.2999965122767,2031.5933349609372,85.1302991594587,85.87952677408855,149.59014456612724,147.55156809488932,0.1122096685259825,0.8010962551584708,0.10515524708897346,0.08329713052318714,0.0842126733843872,-0.004803469837112086,-0.032965514715505316,-0.04286561422997652,0
2024-02-20,4975.509765625,4034880000.0,15.420000076293944,2039.800048828125,202432.0,84.90425109863281,8286300.0,150.27000427246094,-0.006005322001165325,0.082865191302115,0.007756570046715705,0.0017065404000193851,-0.0021608120843472634,5001.864188058035,4894.287353515625,14.394285883222308,13.580666764577229,2023.142857142857,2031.260001627604,85.0321295601981,85.8434565226237,149.9021453857422,147.73506825764974,0.11470819947181154,0.8160390836292146,0.1077841778510415,0.08302945072705685,0.07784330175242857,-0.010779945455182646,-0.025464643992806537,-0.04123222573241221,0
2024-02-21,4981.7998046875,3788390000.0,15.34000015258789,2034.300048828125,120599.0,84.63300323486328,6433900.0,149.93899536132812,0.001264199922982101,-0.005188062471480848,-0.0026963427141595275,-0.0031947500891849057,0.0022027610416024412,4995.462751116072,4901.562679036459,14.738571575709752,13.656000105539958,2022.5142996651787,2031.2866699218748,84.91716766357422,85.78872324625651,149.99928719656808,147.90916798909504,0.10875359359585632,0.8129880301791418,0.10552711450808355,0.08261768099522712,0.07836102027125662,-0.009529373538414702,-0.02809232529966741,-0.044295249164761165,0
2024-02-22,5087.02978515625,4051710000.0,14.539999961853027,2030.699951171875,147947.0,84.64202880859375,8688500.0,150.35499572753906,0.02112288421741404,-0.05215125050698921,-0.001769698456392299,0.00010664366601087494,-0.0027744641426230565,5004.775599888393,4912.580338541667,14.8257143838065,13.71533342997233,2022.1857212611608,2031.210001627604,84.79187338692802,85.73549321492513,150.16899980817522,148.11333465576172,0.12223586477548389,0.8260256488621652,0.10565463066679855,0.08264321534841523,0.0772732017309864,0.0,-0.02981230881134046,-0.04419332930650816,0
2024-02-23,5088.7998046875,3672790000.0,13.75,2049.39990234375,212029.0,85.03083038330078,6426700.0,150.48300170898438,0.0003479475462115911,-0.054332872347019445,0.009208623440938979,0.004593481278505784,-0.0008513583524505375,5024.151297433035,4922.758658854166,14.525714329310826,13.750666777292887,2028.2142857142858,2031.9299967447917,84.85645839146206,85.69973373413086,150.32300022670202,148.31516825358074,0.12192354436909446,0.8436862847803636,0.10865616530357489,0.08394139974781475,0.07728949735116883,0.0,-0.020878215696150088,-0.03980284925880657,0
2024-02-26,5069.52978515625,3683930000.0,13.739999771118164,2038.9000244140625,129021.0,84.90425109863281,6417200.0,150.4980010986328,-0.003786751350190576,-0.0007272893732244157,-0.005123391446286041,-0.0014886281140308322,-9.967497642993095e-05,5033.995535714285,4932.401643880208,14.434285708836146,13.79400011698405,2033.1571393694196,2032.5866658528646,84.85775320870536,85.64442036946615,150.29071480887276,148.47396850585938,0.12286813208093388,0.8408396262508524,0.10901145014739651,0.08219394641445148,0.07385619937934787,-0.0037867513501905897,-0.0258946398707248,-0.04123222573241221,0
2024-02-27,5078.18017578125,3925950000.0,13.43000030517578,2044.0999755859373,148780.0,84.71438598632812,7540600.0,150.5659942626953,0.0017063496993998672,-0.022561824680231157,0.002550370841929439,-0.0022362262177441083,-0.000451787821540206,5040.9169921875,4942.213313802084,14.351428576878138,13.818333466847738,2037.3285609654017,2032.336661783854,84.79833657400948,85.5749615987142,150.29385593959265,148.65796813964843,0.12281564406926782,0.8429709516601428,0.0986466068712339,0.08169535591770571,0.07181728237474615,-0.0020868631728188304,-0.023410309963283953,-0.04337624736595751,0
2024-02-28,5069.759765625,3789370000.0,13.84000015258789,2042.699951171875,137077.0,85.02178955078125,5293600.0,150.4949951171875,-0.001658155060430544,0.030528655107632474,-0.0006849099509729228,0.0036287055719526062,0.0004715483456638747,5050.086983816965,4952.339306640625,14.294285774230957,13.818333466847738,2039.9857003348213,2032.7533284505205,84.8357914515904,85.53920135498046,150.37228393554688,148.81466776529948,0.12211682012159664,0.8068180668984597,0.0937003327773068,0.07962569686117862,0.07100850372719934,-0.003741557890518988,-0.024079185960007642,-0.03990494142451224,0
2024-02-29,5096.27001953125,5219740000.0,13.399999618530272,2054.699951171875,227074.0,85.19359588623047,11919200.0,150.656005859375,0.005229094697149161,-0.03179194575191857,0.005874577905147449,0.0020207329951176245,-0.0010698743972323843,5067.338448660715,4964.24130859375,14.005714280264717,13.772000122070313,2042.1142578125,2034.3599934895833,84.87712642124721,85.51848831176758,150.42742701939173,148.92833455403647,0.12019930076820674,0.7861335211245347,0.08796993670513534,0.07945555859244659,0.06582075285692542,0.0,-0.018346063108674825,-0.037964845661199266,0
2024-03-01,5137.080078125,4748110000.0,13.109999656677246,2095.699951171875,330592.0,85.58251953125,11857200.0,150.09500122070312,0.00800782894888763,-0.021641788814083074,0.01995425170308507,0.004565174658655247,0.0037237455982706003,5089.521344866072,4976.112646484375,13.687142780848912,13.738000106811523,2050.885672433036,2036.8299926757813,85.01277160644531,85.5170534769694,150.44971357073103,148.99423472086588,0.11985475856720415,0.7781181462792185,0.10240912669615665,0.08040983232240734,0.06519611654101441,0.0,0.0,-0.03357298715387633,0
2024-03-04,5130.9501953125,4758440000.0,13.489999771118164,2126.300048828125,328253.0,85.39215087890625,6641600.0,150.10499572753906,-0.0011932620709189656,0.02898551673472971,0.014601373464335321,-0.0022243870989827608,-6.658787271174305e-05,5095.795689174107,4985.817317708334,13.537142753601074,13.744333426157633,2064.5428292410716,2040.0633260091147,85.11993190220424,85.50897165934245,150.41399928501673,149.060134379069,0.11651806314318362,0.7633021519183327,0.10932289622275443,0.08066530945862362,0.06519616718226037,-0.0011932620709189659,0.0,-0.03572269493335966,0
2024-03-05,5078.64990234375,4418410000.0,14.460000038146973,2141.89990234375,283148.0,85.9179458618164,7673100.0,150.46600341796875,-0.010193100883444606,0.07190513591449865,0.007336619083568419,0.006157415845582603,-0.002405034480564394,5094.345703125,4993.424641927083,13.638571330479213,13.786666774749756,2077.7571149553573,2044.0533243815105,85.24666268484933,85.50969772338867,150.4115709577288,149.13830108642577,0.12173012884129357,0.7892547211839075,0.10945877397484492,0.0822004611862334,0.0654206083443978,-0.011374199913694283,0.0,-0.029785238575606658,0
2024-03-06,5104.759765625,4559050000.0,14.5,2158.199951171875,319763.0,86.12647247314453,9499200.0,150.0489959716797,0.005141103203274655,0.0027662490835065334,0.007610088973013518,0.002427043724526401,0.00277143963962867,5099.378557477678,5001.429964192708,13.747142791748047,13.851666768391928,2094.799961635045,2048.4666544596353,85.42126573835101,85.52459055582682,150.34742736816406,149.20186767578124,0.12211489459903668,0.7733000153093028,0.11068135594120383,0.08212172324573054,0.06611276020878724,-0.006291572646030603,0.0,-0.027430484927448654,0
2024-03-07,5157.35986328125,4137980000.0,14.4399995803833,2165.199951171875,267795.0,86.27154541015625,8420900.0,149.2689971923828,0.010304127925951478,-0.004137959973565475,0.0032434436837973646,0.0016844174949457447,0.005198293892243688,5110.68994140625,5011.056966145833,13.891428402491979,13.895000076293945,2112.0999581473216,2053.4399861653646,85.64371708461216,85.55243759155273,150.16214207240515,149.23580067952474,0.12463118480728334,0.7638484794771996,0.10871761183379597,0.08171792238264045,0.06808558569115301,0.0,0.0,-0.02579227182120965,0
2024-03-08,5123.68994140625,4208870000.0,14.739999771118164,2185.5,389682.0,86.33502197265625,8103600.0,147.8679962158203,-0.0065285190034379825,0.020775637081209553,0.009375600076629409,0.0007357763466298017,0.009385746557651564,5118.394252232143,5018.707958984375,14.019999776567731,13.93800007502238,2132.4999651227677,2059.0299845377604,85.8313217163086,85.57007242838542,149.78685651506697,149.24503377278646,0.12658054302288094,0.7632718770326905,0.11045805556596788,0.08085175663288059,0.07240291227488875,-0.006528519003437991,0.0,-0.02507547281811165,0
2024-03-11,5117.93994140625,3896430000.0,15.220000267028809,2188.60009765625,242418.0,86.2262191772461,5568200.0,146.7740020751953,-0.001122238087346461,0.032564484624427736,0.0014184844000229013,-0.0012602393898112352,0.007398451109246529,5121.489955357143,5026.273616536459,14.27999986921038,14.00333340962728,2151.6285574776784,2064.7399861653644,85.97883932931083,85.58919219970703,149.23228454589844,149.2134002685547,0.12665928155064304,0.7655507911713125,0.11017842249996215,0.08075258803658204,0.07550768274265686,-0.007643430538104819,0.0,-0.02630411110935932,0
2024-03-12,5175.27001953125,4080510000.0,13.84000015258789,2166.10009765625,316254.0,85.87263488769531,6556500.0,146.73199462890625,0.011201787981366396,-0.09067017675620026,-0.010280544181687223,-0.004100658627092968,0.00028620495247888567,5126.945661272322,5034.518277994792,14.384285654340472,14.011333401997884,2161.685721261161,2069.4299886067706,86.02028438023159,85.57938766479492,148.7518550327846,149.16646677652994,0.12858879597724338,0.8120370144334946,0.11636174857091643,0.07978532722885857,0.07496041781004563,0.0,-0.0102805441816872,-0.03029690555630366,0
2024-03-13,5165.31005859375,4282890000.0,13.75,2180.800048828125,232273.0,85.68226623535156,9708400.0,147.61900329589844,-0.0019245297153407392,-0.00650290112685159,0.006786367438781138,-0.0022168721455061435,-0.0060450937727349885,5131.854213169643,5042.529606119791,14.421428544180733,14.026000054677327,2169.471435546875,2074.4066569010415,86.06172943115234,85.55932922363282,148.39671325683594,149.17150014241537,0.12884851068983225,0.8094975901264414,0.11708367201657456,0.07988918642457059,0.07603896551610669,-0.0019245297153407512,-0.0035639442931936238,-0.032446613335786995,0
2024-03-14,5150.47998046875,4687970000.0,14.399999618530272,2167.5,207225.0,85.04759979248047,10055900.0,147.62100219726562,-0.0028710915621273925,0.04727269952947433,-0.006098701637168413,-0.007407208874795623,-1.3540948811119335e-05,5142.115652901785,5052.690608723959,14.412857055664062,14.027666695912679,2173.128592354911,2078.37666015625,85.93739427839007,85.49406204223632,147.9902845110212,149.17990010579427,0.11830414187368485,0.7890631569881944,0.11819394952284848,0.07822208761622416,0.07600878921314462,-0.004790095776441314,-0.009640910497466341,-0.03961348336832467,0
2024-03-15,5117.08984375,7753670000.0,14.40999984741211,2161.5,187847.0,84.9025650024414,6591400.0,148.29600524902344,-0.006482917484461503,0.0006944603574134955,-0.0027681660899654403,-0.0017053366631504252,-0.004572540774759215,5143.877092633928,5059.72060546875,14.39999989100865,14.045333353678386,2173.600027901786,2081.389990234375,85.7625503540039,85.40599695841472,147.73985726492745,149.22323354085287,0.11653574129970624,0.7824501245561664,0.11564591140961669,0.07543220603658454,0.07668337224115873,-0.01124195946524152,-0.012382388945916261,-0.041251265705932,0
2024-03-18,5149.419921875,4036220000.0,14.329999923706056,2164.300048828125,211858.0,84.80284881591797,5319700.0,148.9550018310547,0.006318059504952345,-0.005551694972461774,0.0012954193051699647,-0.0011744779032361041,-0.004443791866980185,5142.742815290178,5066.080940755209,14.384285654340472,14.061333338419596,2173.4714704241073,2085.07666015625,85.552736554827,85.35258433024089,147.69500078473772,149.30670013427735,0.11418602235306025,0.7826837863940594,0.11181906346048912,0.06631390765309937,0.07661633753067942,-0.0049949273291427934,-0.011103010026430904,-0.042377294909116,0
2024-03-19,5178.509765625,4031760000.0,13.81999969482422,2159.699951171875,178162.0,85.04759979248047,5470300.0,149.1439971923828,0.0056491496501236416,-0.03558968817844477,-0.0021254435856713494,0.002886117388506415,-0.0012688084253960064,5150.57421875,5073.93759765625,14.252857072012764,14.066333325703939,2169.7857491629466,2088.9699910481772,85.36881910051618,85.33536071777344,147.87728663853235,149.32813313802083,0.11405133417722785,0.7892309526951357,0.1104672259731394,0.06112017331456449,0.0652839967937042,0.0,-0.013204854790659965,-0.03961348336832467,0
2024-03-20,5224.6201171875,4064850000.0,13.039999961853027,2161.0,233572.0,85.2470703125,10190800.0,151.03500366210938,0.008904173912846591,-0.05643992403728593,0.0006019580763612087,0.002345398582749514,-0.012679065234434628,5165.814243861607,5082.950602213542,13.941428456987653,14.065666643778483,2165.8428780691966,2092.623327636719,85.22894069126674,85.30941441853841,148.48600115094865,149.40796661376953,0.1160032405146312,0.795951570037097,0.11030970560365867,0.05931343011124695,0.07470153266848953,0.0,-0.012610845483287088,-0.037360994193324996,0
2024-03-21,5241.52978515625,4207730000.0,12.920000076293944,2184.699951171875,391750.0,85.25614929199219,8271200.0,150.75999450683594,0.0032365354015160275,-0.009202445238506884,0.010967122245199024,0.0001065019531920619,0.0018208305929443558,5175.279924665178,5091.166259765625,13.809999874659947,14.068666648864745,2168.5,2097.0566609700522,85.140871320452,85.28889465332031,149.0614297049386,149.50603332519532,0.11448474411604319,0.7946015575204141,0.11335065202724066,0.05915355936201375,0.0728309147955538,0.0,-0.001782027922118631,-0.037258471258987666,0
2024-03-22,5234.18017578125,3374700000.0,13.0600004196167,2160.0,205808.0,85.67317962646484,6119800.0,151.63299560546875,-0.0014021878490156903,0.010835939821674856,-0.011305878026236948,0.004891498594950416,-0.005790668150980949,5185.118512834822,5099.041927083334,13.71142850603376,14.077666664123536,2165.528564453125,2100.7933268229167,85.1395732334682,85.29161936442057,149.63485717773438,149.6242665608724,0.11478603101948338,0.7949371278029645,0.1193808901061726,0.06023485538634602,0.07427278448658467,-0.0014021878490157063,-0.013067758558028742,-0.03254922242385066,0
2024-03-25,5218.18994140625,3331360000.0,13.1899995803833,2176.39990234375,211610.0,85.4465560913086,4488900.0,151.30499267578125,-0.0030549644525015296,0.009953993613303291,0.007592547381365833,-0.002645209809468141,0.002163136910787733,5194.791364397322,5105.4279296875,13.53857135772705,14.086333306630452,2166.799979073661,2105.3833251953124,85.19656699044364,85.29191335042317,150.16114153180803,149.69246622721354,0.11483646893069578,0.794844134905015,0.11897851318606235,0.060509355775793694,0.07157242604199375,-0.004452868667482778,-0.005574428752683082,-0.03510833271087266,0
2024-03-26,5203.580078125,3871790000.0,13.239999771118164,2177.199951171875,202373.0,85.57344818115234,5477600.0,151.3730010986328,-0.002799795225030266,0.003790765149775055,0.0003676019408305198,0.0014850462751025972,-0.00044947903997649696,5207.147112165178,5111.4859375,13.371428489685059,14.063333288828533,2169.0428292410716,2110.189990234375,85.2924074445452,85.29372533162434,150.6007123674665,149.76599934895833,0.11527209568245429,0.762059833312191,0.11817290420651666,0.060601057973944716,0.07149928550760903,-0.007240196772080104,-0.005208875982681031,-0.03367542393448733,0
2024-03-27,5248.490234375,3850500000.0,12.779999732971191,2190.60009765625,31200.0,85.89984893798828,4838500.0,151.52999877929688,0.008630626525532925,-0.0347432058987206,0.006154761521633523,0.003814276084153745,-0.001037157746260009,5221.300013950893,5121.329947916666,13.14999989100865,13.96099993387858,2172.799979073661,2116.303328450521,85.4491217476981,85.33776245117187,150.96856907435827,149.83683268229166,0.10815036474016484,0.6447770253339571,0.10969918261835168,0.05174416697936025,0.07144319143432325,0.0,0.0,-0.029989595214470654,0
2024-03-28,5254.35009765625,3998270000.0,13.010000228881836,2217.39990234375,250248.0,85.8182373046875,7561400.0,151.28700256347656,0.0011164855071790214,0.017996909289228258,0.012234001411838502,-0.0009500788919861725,0.0016036178827812941,5232.134347098215,5129.787613932292,13.03428568158831,13.915333271026611,2181.0428292410716,2123.4066569010415,85.55921282087054,85.3685307820638,151.27471269880022,149.85559946695963,0.10571952224810059,0.5936893284835706,0.11208402639686696,0.05098858879437746,0.06711799469964226,0.0,0.0,-0.030911181625064326,0
2024-04-01,5243.77001953125,3325930000.0,13.649999618530272,2257.10009765625,220767.0,85.04174041748047,10854000.0,151.3979949951172,-0.0020135845401164643,0.04919288073705452,0.017903940227713466,-0.009048157030424275,-0.0007336547737737398,5234.870047433035,5136.922281901042,13.121428489685059,13.903333250681559,2194.771414620536,2131.4799926757814,85.52987997872489,85.3655787150065,151.32656860351562,149.88406575520833,0.10548620348644346,0.6079243178509588,0.11964209860724144,0.05726448399078469,0.06701925423494147,-0.002013584540116453,0.0,-0.0396796494301491,0
2024-04-02,5205.81005859375,3886590000.0,14.609999656677246,2281.800048828125,277228.0,84.85987854003906,7214900.0,151.58099365234375,-0.0072390590731691296,0.07032967508978882,0.010943223651234346,-0.002138501358845968,-0.001208725764383134,5229.767229352678,5143.596956380208,13.362857001168388,13.915666580200195,2208.6428571428573,2140.0699951171873,85.47326987130302,85.36892115275064,151.44385419573103,149.93856557210287,0.10695903384486348,0.6399342393100836,0.1214031685175917,0.05615927377782385,0.06589105000588541,-0.009238067155850868,0.0,-0.04173329580477014,0
2024-04-03,5211.490234375,3703250000.0,14.329999923706056,2315.0,254574.0,84.95989990234375,12908000.0,151.5399932861328,0.001091122364688113,-0.019164937683158745,0.014549895022101467,0.0011786649241725122,0.0002704848755971101,5226.525809151785,5151.462972005208,13.544285501752581,13.879333241780598,2230.785714285714,2149.2433268229165,85.37137276785714,85.37077611287435,151.4305681501116,149.98089853922525,0.10468314095580097,0.5940816164894858,0.12476482025118571,0.05604432039216894,0.06569330251664605,-0.008157024652842989,0.0,-0.04060382045253279,0
2024-04-04,5147.2099609375,4075680000.0,16.350000381469727,2308.5,236227.0,85.25086975097656,6960500.0,151.58099365234375,-0.012334336350379616,0.14096304734949738,-0.0028077753779697234,0.0034247903889630393,-0.00027055805745956896,5216.385811941965,5156.976643880208,13.99571418762207,13.91299991607666,2249.657156808036,2158.3833251953124,85.34341757638114,85.39137166341146,151.4699968610491,150.03563181559244,0.11217567881642677,0.7236375639370752,0.12481919381244831,0.05602052680011881,0.06526787243064022,-0.02039074951753611,-0.0028077753779697625,-0.03731808963761072,0
2024-04-05,5204.33984375,3386780000.0,16.030000686645508,2345.39990234375,293212.0,84.6871337890625,6334600.0,151.29200744628906,0.011099194174331695,-0.019571846321599473,0.015984363155187253,-0.006612671091342226,0.0019064804834139082,5216.494349888393,5160.886979166667,14.394285746983119,13.962666606903076,2273.685721261161,2168.873323567708,85.21680123465401,85.39287516276042,151.45842633928572,150.06686553955078,0.09970769035825476,0.7080091962510722,0.12794171159567014,0.059448472897788304,0.06518010945311216,-0.009517876231459629,0.0,-0.04368398847642218,0
2024-04-08,5202.39013671875,3278180000.0,15.1899995803833,2351.0,285570.0,84.4961929321289,7115100.0,151.69000244140625,-0.00037463099831791524,-0.05240181349224815,0.0023876941627967163,-0.0022546619349426145,-0.0026306412469176976,5209.908621651785,5164.673323567708,14.738571439470563,14.010666592915852,2296.5999930245534,2178.92666015625,85.01627894810268,85.37505391438802,151.48128400530135,150.1070988972982,0.09975683560642047,0.7066427937741647,0.12744667045518449,0.05817456390655184,0.06553403743838855,-0.00988894153830313,0.0,-0.04584015778538056,0
2024-04-09,5209.91015625,3400680000.0,14.979999542236328,2362.39990234375,279608.0,84.8326187133789,5151100.0,151.84300231933594,0.0014454931932483817,-0.013824887685854326,0.004848958887175625,0.003981549577271926,-0.001008635213047615,5203.56005859375,5169.352669270834,15.01999991280692,14.051999918619792,2317.314278738839,2189.709989420573,84.87547629220145,85.37266616821289,151.56071254185267,150.1519322713216,0.09883508457085809,0.7084636235077917,0.12405529359829297,0.05927460440882304,0.06556590264667674,-0.008457742742736696,0.0,-0.04204112306896115,0
2024-04-10,5160.64013671875,3845930000.0,15.800000190734863,2348.39990234375,353847.0,83.70515441894531,14993700.0,151.77699279785156,-0.009456980649108493,0.05473969783420429,-0.005926177014361711,-0.013290457273786638,0.0004347221832821102,5191.684361049107,5172.101334635417,15.32714285169329,14.130999914805095,2330.357107979911,2199.8533203125,84.68453543526786,85.33902511596679,151.61485508510046,150.19229888916016,0.10326900997086261,0.7187944151203668,0.1278547294752084,0.07046580154136649,0.06559897387374795,-0.01783473868239198,-0.005926177014361761,-0.054772834592857735,0
2024-04-11,5199.06005859375,3509380000.0,14.90999984741211,2372.699951171875,260415.0,83.58694458007812,9371400.0,152.96400451660156,0.007444797710585593,-0.05632913497334324,0.010347491840666967,-0.0014122169618796532,-0.007820761874831383,5190.720075334822,5176.411344401042,15.37000002179827,14.166666571299235,2343.3428083147323,2210.8533203125,84.502687726702,85.2911969502767,151.8124280657087,150.27459920247395,0.10492863420813066,0.7373041981175132,0.12783942801496667,0.06947534244374425,0.06908832816549759,-0.010522716993517927,0.0,-0.0561077004286751,0
2024-04-12,5123.41015625,3963220000.0,17.309999465942383,2374.10009765625,479894.0,83.93246459960938,11675600.0,153.19200134277344,-0.01455068829580164,0.16096577083110009,0.0005901068458671332,0.0041336601220089975,-0.0014905260024564715,5178.13720703125,5177.316015625,15.795714242117745,14.296999899546305,2351.7856794084823,2221.499991861979,84.35591125488281,85.24915924072266,152.04842921665735,150.3591323852539,0.1131142890374219,0.8587627560059987,0.1284540377285883,0.0704202732892045,0.06912648928210217,-0.024920292514321978,0.0,-0.052205970470465685,0
2024-04-15,5061.81982421875,3950210000.0,19.229999542236328,2383.0,343730.0,83.39599609375,12315300.0,153.2830047607422,-0.01202135494776202,0.11091855202373435,0.0037487477265747415,-0.006391668687659058,-0.0005940481041508683,5165.938616071428,5174.807340494792,16.207142693655832,14.500999895731608,2362.428536551339,2231.07666015625,84.09092930385044,85.17627512613932,152.29157366071428,150.46539916992188,0.11596277630575912,0.9012992621663108,0.12022944150110915,0.07074828933807478,0.06792048011716999,-0.036642071780367255,0.0,-0.058263955891359805,0
2024-04-16,5051.41015625,4006200000.0,18.39999961853028,2407.800048828125,297592.0,83.06867218017578,12027200.0,154.20599365234375,-0.0020565070133361507,-0.04316172352906478,0.01040707042724498,-0.003924935595304269,-0.006021469197072804,5144.091517857143,5172.156005859375,16.54571396963937,14.664666557312012,2371.342843191964,2240.459993489583,83.85972050258091,85.09882583618165,152.7078574044364,150.6020991007487,0.11603678568033175,0.9152672223964126,0.11770040743545145,0.07120499838203807,0.06960249800776598,-0.038623224116103944,0.0,-0.06196020921226288,0
2024-04-17,5022.2099609375,3596130000.0,18.209999084472656,2388.39990234375,284352.0,83.59603881835938,10515400.0,154.697998046875,-0.005780602724641426,-0.010326116195474189,-0.008057208277662875,0.00634856227194458,-0.0031905659623092664,5118.351492745535,5170.274674479167,16.977142470223562,14.789666525522868,2376.6856863839284,2248.67666015625,83.7311270577567,85.02142893473307,153.13757106236048,150.7431655883789,0.11350928936592197,0.8993472390613667,0.12247153463644629,0.07137180486090346,0.06978629061522965,-0.044180561326185364,-0.008057208277662858,-0.056005005186885094,0
2024-04-18,5011.1201171875,3619760000.0,18.0,2398.0,200546.0,83.30506896972656,6964500.0,154.3419952392578,-0.002208160119998248,-0.011532075509642303,0.004019468283694705,-0.003480665504558722,0.002301276112890105,5089.952915736607,5167.153352864583,17.408571107046946,14.906333192189534,2381.771414620536,2256.6699951171877,83.51290566580636,84.92738215128581,153.49457005092077,150.88626556396486,0.1124143999269483,0.9011896047694175,0.12190763686701157,0.07102957865890526,0.06958234555979871,-0.046291163692583966,-0.004070125687095438,-0.05929073600180716,0
2024-04-19,4967.22998046875,3878750000.0,18.709999084472656,2413.800048828125,275405.0,83.41417694091797,6125800.0,154.61000061035156,-0.00875854812743615,0.039444393581814285,0.006588844382037218,0.0013097398818679995,-0.0017364384247999798,5062.322893415178,5160.815690104167,17.82428523472377,15.048666508992513,2391.1142926897323,2264.9566650390625,83.4713374546596,84.83213653564454,153.89928545270647,151.06429901123047,0.10990615862399258,0.9046284674067473,0.12222052116519024,0.07091015181751324,0.06711678972789265,-0.054644268434943556,0.0,-0.058058651561506136,0
2024-04-22,5010.60009765625,3820250000.0,16.940000534057617,2346.39990234375,262673.0,83.42327880859375,4002900.0,154.63999938964844,0.008731248071466746,-0.09460174436266822,-0.02792283748486002,0.0001091165555973106,-0.0001940287121042772,5035.400041852678,5157.046028645834,18.11428533281599,15.121999867757161,2387.3571428571427,2270.3199951171873,83.44795663016183,84.73507843017578,154.13871329171317,151.29003245035807,0.11238194112082084,0.9533774536780312,0.15138535313381027,0.07079138254200076,0.05929809142380931,-0.04639013302686604,-0.027922837484860054,-0.0579558701659898,0
2024-04-23,5070.5498046875,3751400000.0,15.6899995803833,2342.10009765625,270225.0,83.53239440917969,8319800.0,154.81300354003906,0.011964576270872662,-0.07378990048797274,-0.001832511450075125,0.0013079754493501294,-0.0011187542102526482,5027.848563058035,5155.466357421875,17.88285677773612,15.137666511535645,2382.785714285714,2275.436661783854,83.39080374581474,84.64528427124023,154.3702850341797,151.55799916585286,0.11822315438845903,0.9774770404641622,0.151863751236213,0.07114181826987373,0.052994077653040844,-0.03498059504080928,-0.029704180015525557,-0.05672369957196244,0
2024-04-24,5071.6298828125,3656740000.0,15.970000267028809,2338.39990234375,187699.0,83.27781677246094,7567400.0,154.74400329589844,0.0002130100613548791,0.017845805872141796,-0.0015798621571310179,-0.0030476516149137156,0.0004457005714173512,5029.25,5152.011686197917,17.417142595563615,15.208666515350341,2376.4142717633927,2281.1799886067706,83.37392098563058,84.55879033406576,154.57899911063058,151.82506612141927,0.11312676134021712,0.937079567312069,0.14763193311329587,0.07081385157687976,0.05305021706236601,-0.03477503619815017,-0.03123711366274145,-0.059598477112271835,0
2024-04-25,5048.419921875,3958050000.0,15.369999885559082,2342.5,224471.0,82.95958709716797,5784300.0,155.25900268554688,-0.004576430353515626,-0.03757046784203688,0.00175337744931503,-0.003821301849956771,-0.0033280733254887895,5028.822823660715,5148.115348307291,16.984285490853445,15.262666511535645,2367.085693359375,2286.5699869791665,83.35833740234375,84.46803436279296,154.72942897251673,152.0797327677409,0.11364638529603806,0.9450905949343703,0.14711043735104887,0.0712025611218995,0.05171939257715583,-0.03919232102046398,-0.02953850666410436,-0.0631920351913849,0
2024-04-26,5099.9599609375,3604140000.0,15.029999732971191,2347.199951171875,171011.0,83.18685913085938,5432600.0,155.5970001220703,0.01020914263474304,-0.022121025056567434,0.0020063825707044014,0.0027395511675487594,-0.0021769909034390356,5039.929966517857,5146.43134765625,16.52999986921038,15.283666515350342,2361.1999860491073,2292.5599853515623,83.29988316127232,84.40600967407227,154.85785784040178,152.34559936523436,0.11776142054203954,0.9397408052221499,0.14488656118117701,0.06940045154711612,0.051490133126307486,-0.029383298381205528,-0.02759138963833548,-0.06062560183762452,0
2024-04-29,5116.169921875,3447450000.0,14.670000076293944,2357.699951171875,187309.0,83.5232925415039,4846500.0,158.2239990234375,0.0031784486665891176,-0.023952073391426576,0.004473415225983546,0.004044309571963778,-0.01688335185965184,5054.937081473215,5146.40068359375,16.05428559439523,15.292333189646403,2355.4428362165177,2299.0999837239583,83.33105795724052,84.36003392537435,155.4124298095703,152.67653249104816,0.1166789789677576,0.9429888148184802,0.1440297361090405,0.07068548932922054,0.067274965760367,-0.026298243020176082,-0.02324140215486615,-0.056826480967478776,0
2024-04-30,5035.68994140625,4082470000.0,15.649999618530272,2302.89990234375,229064.0,83.13232421875,7516700.0,156.31399536132812,-0.01573051358686217,0.06680296776684846,-0.023243012242031513,-0.004680949599294437,0.012071516798323634,5064.717075892857,5142.609684244791,15.617142813546318,15.336333179473877,2339.5999581473216,2303.719978841146,83.29079328264508,84.30434977213541,155.6558576311384,152.9218322753906,0.12362954155356375,0.9609421334823278,0.16280039595053294,0.07168414184922403,0.07851572244555069,-0.041615071737898725,-0.04594421420209013,-0.0612414286734592,1
2024-05-01,5018.39013671875,4544170000.0,15.390000343322754,2311.0,227384.0,83.46153259277344,12392500.0,157.7220001220703,-0.0034354388154940185,-0.016613372622684808,0.003517346823457723,0.003960052568206418,-0.009007541247266548,5065.829938616072,5137.27236328125,15.395714214869908,15.388666534423828,2334.5428292410716,2308.7633138020833,83.29625810895648,84.25148086547851,156.0961434500558,153.2077657063802,0.12236317483939983,0.9555962734592954,0.16234180912508744,0.072210530233271,0.08136632616417883,-0.04490754452063483,-0.04258846911451235,-0.057523895382151656,0
2024-05-02,5064.2001953125,4381660000.0,14.68000030517578,2309.60009765625,193658.0,83.85369110107422,8661500.0,155.70399475097656,0.009128437077573048,-0.0461338546009209,-0.0006057560985504029,0.004698673701742484,0.012794698073394284,5064.9228515625,5131.925032552083,15.251428604125977,15.443333212534586,2329.899972098214,2313.716650390625,83.34215763636998,84.20503489176433,156.22342790876115,153.36339874267577,0.12252281276928301,0.9502638795339613,0.16248992166886114,0.07336244016573001,0.08537993424429395,-0.036189043137526765,-0.043168426988168716,-0.053095507694863146,0
2024-05-03,5127.7900390625,3924990000.0,13.489999771118164,2308.60009765625,231400.0,84.3187484741211,8501100.0,153.0449981689453,0.012556739721478527,-0.08106270499449875,-0.0004329753886894716,0.0055460572688006415,0.017077253453155694,5072.945731026785,5128.133707682292,14.897142818995885,15.46233320236206,2325.6428571428573,2317.8466552734376,83.49086216517857,84.1737881978353,155.980712890625,153.43956553141277,0.1281771796149947,0.9822909320160579,0.16053525477218178,0.07544269986103674,0.10000305214293005,-0.024086719811495478,-0.04358271151040389,-0.047653733472091515,0
2024-05-06,5180.740234375,3683250000.0,13.489999771118164,2331.199951171875,191895.0,84.39173126220703,4043400.0,153.5659942626953,0.01032612390701182,0.0,0.009789418937722782,0.00086555824661394,-0.0034042020319728916,5091.8486328125,5126.352376302083,14.628571374075753,15.476666514078776,2324.028564453125,2323.5533203125,83.69545418875558,84.13107325236003,155.73885454450334,153.50399881998698,0.1320666671103925,0.9820637936905948,0.15707229409499446,0.07389510211227347,0.09914575465218431,-0.014009318357770705,-0.034219941994098266,-0.045305674735867364,0
2024-05-07,5187.7001953125,3987890000.0,13.229999542236328,2324.199951171875,204623.0,84.61058807373047,7776200.0,154.23699951171875,0.0013434298232750663,-0.01927355324634561,-0.0030027454300868284,0.002593344256008212,-0.004369491124940117,5104.382952008928,5125.336051432291,14.371428489685059,15.477999846140543,2320.742850167411,2328.479988606771,83.89884403773716,84.10320765177408,155.54456874302454,153.6017323811849,0.13188695979973108,0.9838829646140325,0.15714370857873183,0.07412788618075992,0.09946191641020863,-0.012684709070581305,-0.03711993364974449,-0.04282982369119994,0
2024-05-08,5187.669921875,3842100000.0,13.0,2322.300048828125,214693.0,84.37346649169922,9024000.0,154.7480010986328,-5.835618166138978e-06,-0.017384697671535276,-0.0008174435864659602,-0.0028025048333740754,-0.003313093411644319,5114.597237723215,5124.805712890625,14.132857050214495,15.469999853769938,2315.685721261161,2333.316658528646,84.02029745919364,84.06320826212566,155.0479976109096,153.7142323811849,0.13164974377133282,0.9854411008837255,0.1573038705727917,0.07426355213159416,0.09975534548259343,-0.012690470665628712,-0.03790703378451844,-0.04551229773666684,0
2024-05-09,5214.080078125,3727370000.0,12.6899995803833,2340.300048828125,249092.0,84.62883758544922,9625200.0,155.41900634765625,0.005090947698625836,-0.023846186124361513,0.007750936408533082,0.0030266753799326196,-0.004336115777002769,5140.08154296875,5123.658707682292,13.709999901907784,15.466999848683676,2321.0285993303573,2338.3066569010416,84.23408508300781,84.02084121704101,154.9201420375279,153.84386596679687,0.13000668303727034,0.9824901372060892,0.15771999574981238,0.07390385285019363,0.10029335414808975,-0.0076641294894325375,-0.030449912384285308,-0.042623373307777906,0
2024-05-10,5222.68017578125,3617900000.0,12.550000190734863,2375.0,275241.0,84.35523986816406,3205000.0,155.38900756835938,0.001649398844549843,-0.011032261172400193,0.014827137737851492,-0.003232913568131046,0.0001930187304747255,5169.265834263393,5122.603043619792,13.304285594395228,15.451666514078775,2330.171456473214,2343.559993489583,84.36175755092076,83.97207463582357,154.58685738699776,153.98059946695963,0.13006226831464257,0.9818699203620965,0.15931683848361658,0.07432331946127513,0.1000748077100284,-0.006027371851206994,-0.016074259691461198,-0.04571848919402271,0
2024-05-13,5221.419921875,4255710000.0,13.600000381469728,2343.0,243075.0,84.45557403564453,3228700.0,155.8179931640625,-0.00024130405535727206,0.0836653525718698,-0.013473684210526304,0.0011894242448635683,-0.002760720352206425,5191.725795200893,5121.858040364584,13.14999989100865,15.449999872843424,2334.94287109375,2346.4233235677084,84.44774082728794,83.95253575642904,154.60314287458147,154.1279327392578,0.12994523215458648,1.0015851845260888,0.1586346173619057,0.06996094483297009,0.10021586851519336,-0.006267221477293415,-0.029331364402986775,-0.03882034052890682,0
2024-05-14,5246.68017578125,4763580000.0,13.420000076293944,2359.89990234375,192076.0,84.7018051147461,4688800.0,156.23300170898438,0.004837813139759728,-0.013235316185802426,0.007212933138604383,0.0029155100999922468,-0.0026634186238356783,5208.710100446428,5123.220377604167,13.13999993460519,15.41033322016398,2342.271414620536,2349.026652018229,84.50246320452008,83.9472666422526,155.0585719517299,154.28299967447916,0.12889762031021865,0.9809217415963918,0.1570232342979136,0.07028997814329242,0.10033346392580704,-0.0014597279839463377,-0.022329996434685202,-0.03388123111790693,0
2024-05-15,5308.14990234375,4360810000.0,12.449999809265137,2394.89990234375,249843.0,85.34015655517578,11384500.0,156.4980010986328,0.011715927882596233,-0.07228019832446086,0.014831137526316152,0.007536456154209503,-0.001696180619649379,5226.911481584822,5126.442366536458,12.99142851148333,15.347666549682618,2351.371407645089,2351.689982096354,84.63795253208706,83.95994186401367,155.47743007114954,154.4482666015625,0.1330800060147229,1.0013117563363731,0.15723345231676752,0.0735953410110793,0.10027427338667064,0.0,-0.007830038156454104,-0.02517988589615269,0
2024-05-16,5297.10009765625,3817470000.0,12.420000076293944,2385.5,191026.0,85.17601013183594,4278400.0,154.28199768066406,-0.0020816677921287052,-0.0024096171430354474,-0.003924966690487142,-0.0019234371011930262,0.014159947107388993,5242.5400390625,5131.438704427083,12.875714302062988,15.216666539510092,2360.1285574776784,2354.2566487630206,84.7187271118164,83.95744654337565,155.4838583809989,154.53830006917318,0.12759404907521232,0.9038906042284469,0.15751272426699414,0.07316433316785473,0.1095920226726846,-0.002081667792128683,-0.011724272207991868,-0.027054891070609217,0
2024-05-17,5303.27001953125,3578120000.0,11.989999771118164,2417.39990234375,218553.0,84.91154479980469,3883900.0,155.37899780273438,0.0011647735102702228,-0.034621602458483114,0.013372417666631664,-0.0031049274510734914,-0.007110357258537148,5259.054338727678,5134.736376953125,12.73142855507987,15.081999842325846,2373.7142508370534,2356.6566487630207,84.79559544154576,83.9649269104004,155.5740007672991,154.67453308105468,0.12395007369346976,0.9066705270553541,0.15554363504643973,0.07109437841915704,0.11089948307715507,-0.000919318953359879,0.0,-0.030075815047711757,0
2024-05-20,5308.1298828125,3420100000.0,12.149999618530272,2438.5,281430.0,84.78384399414062,4575900.0,155.75399780273438,0.0009163899374069473,0.01334444123990064,0.008728426618944019,-0.0015039274808289482,-0.0024134535896291887,5272.490025111607,5138.26103515625,12.654285703386579,14.98066651026408,2387.7428152901784,2359.5733154296877,84.81773921421596,83.97451527913411,155.62185668945312,154.80999959309895,0.12391313842277853,0.8987465331785394,0.15709356922363174,0.07091156494231712,0.11087202811075345,-3.7714705911301817e-06,0.0,-0.031534510683782095,0
2024-05-21,5321.41015625,3662240000.0,11.859999656677246,2425.89990234375,229421.0,85.00273895263672,2669700.0,156.3699951171875,0.002501874243978186,-0.023868310366918832,-0.005167150976522428,0.0025818003546904666,-0.003954937421466909,5286.594308035715,5141.977701822917,12.555714198521205,14.876666514078776,2395.014229910714,2361.689982096354,84.91023908342633,83.98018595377604,155.76199776785714,154.96089935302734,0.12400612350047276,0.8999854044367931,0.1577893697670709,0.07036363671281934,0.11122416044535768,0.0,-0.005167150976522452,-0.029034126139960006,0
2024-05-22,5307.009765625,3847130000.0,12.289999961853027,2392.89990234375,253852.0,84.89330291748047,3616300.0,156.25100708007812,-0.002706123039226127,0.03625635055846632,-0.013603199360417761,-0.0012874412813594915,0.0007609390600812338,5298.821428571428,5146.856689453125,12.368571281433105,14.759666506449381,2402.1427873883927,2363.1733154296876,84.97277178083148,84.01979090372721,155.8238568987165,155.1100331624349,0.12068342786827664,0.8906473681916816,0.16219636874405408,0.058076580422333525,0.11126482789872269,-0.0027061230392261214,-0.018700060552081198,-0.030284187688758728,0
2024-05-23,5267.83984375,3869520000.0,12.770000457763672,2337.199951171875,273658.0,84.59235382080078,6005500.0,156.70399475097656,-0.0073807894850155265,0.03905618367782915,-0.023277175579855647,-0.0035450275385352503,-0.002899102408129073,5301.84423828125,5149.149348958334,12.275714193071638,14.6883331934611,2398.8999372209823,2361.989982096354,84.95713588169643,84.05330454508463,155.8911416190011,155.23469950358074,0.12140881800199307,0.8875122995378142,0.17364765073852012,0.05900088681935979,0.10954127949736976,-0.010066939199768624,-0.04154195153911216,-0.03372185694795521,0
2024-05-24,5304.72021484375,3005510000.0,11.93000030517578,2334.5,178343.0,84.7018051147461,3926400.0,156.97300720214844,0.0070010425881694704,-0.0657791795204834,-0.0011552076109369036,0.0012938674596663091,-0.0017166917256918879,5301.354282924107,5155.193017578125,12.201428549630302,14.508999888102213,2390.2713797433034,2360.6699788411456,84.8659428187779,84.07894922892253,155.95899963378906,155.36073303222656,0.11409191926998612,0.7554597361621586,0.17363099877405613,0.058007222369853416,0.1095551152801635,-0.0031363756816692005,-0.04264916957145786,-0.032471621101673384,0
2024-05-28,5306.0400390625,3751540000.0,12.920000076293944,2356.5,316223.0,84.22758483886719,8761400.0,156.84500122070312,0.0002488018529340774,0.08298405245544349,0.009423859498822074,-0.0055987033007912634,0.0008154649243641288,5302.631417410715,5163.33369140625,12.272857121058873,14.2986665725708,2386.1285226004466,2359.7866455078124,84.73045349121094,84.10666885375977,156.32514299665178,155.4794662475586,0.10707687448524757,0.7196995317372127,0.1756062054973809,0.057251671254218144,0.10965829905182467,-0.0028883541648162163,-0.0336272298544187,-0.03788852543022066,0
2024-05-29,5266.9501953125,3552750000.0,14.279999732971191,2341.199951171875,119317.0,83.81719970703125,10126800.0,157.26199340820312,-0.007367046509680453,0.10526313070017879,-0.006492700542382823,-0.004872336451544168,-0.0026586259316816463,5297.44287109375,5170.518359375,12.599999972752162,14.161333243052164,2375.2428152901784,2357.566642252604,84.57411847795758,84.13161977132161,156.5941423688616,155.58133290608723,0.10972355656383365,0.7893562953761925,0.17345895935578415,0.05792640331091598,0.10869286970577215,-0.010234122035028015,-0.039901598863286855,-0.04257625623821586,0
2024-05-30,5235.47998046875,3818750000.0,14.470000267028809,2342.89990234375,32587.0,84.23670959472656,5069500.0,157.60800170898438,-0.005975035585443322,0.01330535977664793,0.0007261025146629851,0.005005057305202731,-0.002200202943397178,5287.064313616072,5177.627360026042,12.931428636823382,14.036666615804036,2361.5856584821427,2356.0499755859373,84.49595642089844,84.1529754638672,156.85900006975447,155.67833302815754,0.10983577475451049,0.7915181512885202,0.1721624616171109,0.056828949945236275,0.10853164088954674,-0.016148008377126304,-0.03920446899989748,-0.0377842955353264,0
2024-05-31,5277.509765625,5437160000.0,12.920000076293944,2322.89990234375,183406.0,84.62883758544922,4807400.0,156.9530029296875,0.00802787620486467,-0.10711818674023654,-0.008536429567474357,0.004655072504721858,0.004155872621913526,5280.792829241072,5186.507014973959,13.082857268197197,13.867333285013835,2346.8713727678573,2353.546638997396,84.44254193987165,84.19710108439128,156.9422869001116,155.76536661783854,0.11090671482671134,0.8436300616441386,0.17308874785813466,0.05706593454488787,0.10910060586355473,-0.008249766384468402,-0.04740623237902399,-0.03330511166586127,0
2024-06-03,5283.39990234375,4046920000.0,13.109999656677246,2369.300048828125,173149.0,85.18312072753906,7675900.0,157.17999267578125,0.0011160825806737495,0.014705849788029024,0.019975095111743002,0.00654957763693953,-0.0014462274811997133,5277.419991629465,5197.046012369791,13.200000081743513,13.680666637420654,2343.4999651227677,2352.0633056640627,84.48394448416573,84.25606587727864,157.0749991280692,155.85103302001954,0.10637519515610605,0.8341198635299946,0.18229353756076488,0.05964883809105284,0.1090771667374282,-0.007142891224350923,-0.028378081267941356,-0.02697366844348426,0
2024-06-04,5291.33984375,3707900000.0,13.15999984741211,2347.39990234375,171547.0,85.64960479736328,8752000.0,156.0760040283203,0.0015028090913065117,0.003813897181103032,-0.009243298034458336,0.005476250057993015,0.00702372247680505,5280.777134486607,5206.40400390625,13.255714280264717,13.55466661453247,2344.957101004464,2352.096638997396,84.63498033796039,84.33027674357096,156.98528616768974,155.8988998413086,0.10449455341295269,0.7957263950910392,0.1651593165481727,0.061190089398816046,0.11127856211264292,-0.0056508165349146025,-0.03735907223959401,-0.02164513293886908,0
2024-06-05,5354.02978515625,3591460000.0,12.630000114440918,2375.5,171862.0,85.96058654785156,6466800.0,155.12399291992188,0.011847649793331305,-0.04027353640702469,0.011970733077135032,0.0036308603083927693,0.006099663521790921,5287.821358816965,5215.853336588541,13.355714253016881,13.452666632334392,2350.8142438616073,2353.209969075521,84.81480625697544,84.4112164815267,156.7211412702288,155.90926615397134,0.10439660878651927,0.7770521911998801,0.16858960141091858,0.06169771734233001,0.11279141514378947,0.0,-0.025835554644248512,-0.018092863084533842,0
2024-06-06,5352.9599609375,3609990000.0,12.579999923706056,2390.89990234375,172202.0,85.92401123046875,5849400.0,155.9290008544922,-0.00019981663563317653,-0.0039588432527163375,0.006482804606924963,-0.0004254893882378319,-0.005189448256311069,5294.524204799107,5225.231005859375,13.307142802647181,13.3396666208903,2355.728515625,2354.959969075521,85.0571528843471,84.49942296346029,156.5902840750558,155.94876607259116,0.1044592123682157,0.773788151247935,0.16933198217893666,0.060676174872983976,0.11373674380967976,-0.00019981663563322494,-0.01952023688999385,-0.01851065415152639,0
2024-06-07,5346.990234375,3692760000.0,12.220000267028809,2325.0,314551.0,85.01850891113281,7125100.0,155.69700622558594,-0.0011152197300303701,-0.028616825028659587,-0.027562802725095148,-0.010538408372336883,0.0014878221987886242,5305.95849609375,5235.183349609375,13.012857164655413,13.234666633605958,2353.414236886161,2354.3766357421873,85.22876848493304,84.56805369059245,156.36671447753906,155.96336619059244,0.10308959091132046,0.7711225193301375,0.18816105439779987,0.06803901136972447,0.11347107919919872,-0.00131481352620913,-0.04654500717654296,-0.028853989691175363,0
2024-06-10,5360.7900390625,3622280000.0,12.739999771118164,2327.0,142888.0,84.8355484008789,3938900.0,156.83299255371094,0.0025808546645145203,0.042553149977613725,0.0008602150537635467,-0.00215200798740367,-0.007296134689186662,5323.859933035715,5243.877685546875,12.765714236668178,13.15833330154419,2351.142822265625,2353.703304036458,85.31431688581195,84.6230099995931,156.25599888392858,156.0045659383138,0.10009824172265165,0.7824218979719055,0.18807453878230296,0.06832024768611568,0.1152342646923688,0.0,-0.045724830838630305,-0.03094390366229514,0
2024-06-11,5375.31982421875,3568030000.0,12.850000381469728,2326.60009765625,145501.0,85.28375244140625,3954700.0,157.0399932861328,0.0027103813151374556,0.008634270983343129,-0.00017185317737433703,0.005283210269466432,-0.0013198800140918898,5337.832798549107,5252.516015625,12.755714280264717,13.09766664505005,2351.6714215959823,2352.666642252604,85.40787615094867,84.6816919962565,156.26842607770647,155.96509908040363,0.10004666469726983,0.7810170325466279,0.18754837826732135,0.06894451003457751,0.10404423089159566,0.0,-0.04588882605854008,-0.025824176542434685,0
2024-06-12,5421.02978515625,3962840000.0,12.039999961853027,2354.800048828125,241670.0,85.75934600830078,9243200.0,157.10499572753906,0.008503672791998707,-0.06303505023896794,0.012120669641629833,0.005576602263382968,-0.0004139228488619917,5357.494210379465,5265.360677083333,12.602857181004115,12.977333323160808,2349.5999930245534,2354.3966471354165,85.49019404820034,84.76925938924154,156.2577122279576,155.99146575927733,0.08726390084209437,0.7704208001540871,0.17783302523568026,0.06838922222357076,0.09780112515747087,0.0,-0.034324359717808076,-0.020391585440408345,0
2024-06-13,5433.740234375,3530380000.0,11.9399995803833,2318.0,182657.0,86.32645416259766,6529900.0,156.8000030517578,0.0023446558536817097,-0.008305679550378975,-0.015627674564742233,0.00661278543614352,0.0019413302191242376,5377.837123325893,5279.205680338541,12.428571428571429,12.862333297729492,2345.4000069754466,2354.62998046875,85.58688681466239,84.86475677490235,156.36114065987724,155.96073252360026,0.08545090919401459,0.7699490832430499,0.18384958075625543,0.06978908248214385,0.09430573777893118,0.0,-0.049415624359237235,-0.013913645183485139,0
2024-06-14,5431.60009765625,3438650000.0,12.65999984741211,2349.10009765625,163367.0,86.52770233154297,5424600.0,157.1280059814453,-0.000393860697500914,0.060301532021133974,0.013416780697260489,0.0023312456291353367,-0.002091855378212104,5388.918596540178,5291.45234375,12.43285710471017,12.79499994913737,2341.628592354911,2355.9466471354167,85.66790335518974,84.95389048258464,156.64742824009485,156.0081995646159,0.08363248462877475,0.7849367611651916,0.1877879669887558,0.06907221173273212,0.0865505017811863,-0.000393860697500966,-0.03666184225702276,-0.011614835678869088,0
2024-06-17,5473.22998046875,3447840000.0,12.75,2329.0,122702.0,86.12521362304688,4957200.0,157.54600524902344,0.007664386564552705,0.0071090168777756535,-0.008556509650782584,-0.004651558953384649,-0.0026602467521128492,5406.100027901785,5302.967008463542,12.45714282989502,12.770333290100098,2332.7857491629466,2356.626643880208,85.69664655412946,85.01410598754883,156.87842886788505,156.15823313395182,0.07954665478573095,0.7502958490595346,0.18965545527407648,0.06963296188334621,0.06925595624983552,0.0,-0.04490465450071766,-0.01621236753935964,0
2024-06-18,5487.02978515625,3544330000.0,12.300000190734863,2346.89990234375,154251.0,86.50025177001953,5232600.0,157.6999969482422,0.0025213273947457537,-0.03529410268746169,0.007685660087483948,0.004354568554269411,-0.0009774395674162495,5426.105678013393,5313.17666015625,12.468571390424456,12.730666637420654,2335.914306640625,2357.1499755859377,85.90832410539899,85.0843900044759,157.16457039969308,156.29603322347006,0.07573262431632759,0.7569120559827074,0.188843066046429,0.07042771881900804,0.06887264435706328,0.0,-0.03756411632407217,-0.011928396850967372,0
2024-06-20,5473.169921875,3847060000.0,13.279999732971191,2369.0,252687.0,86.28073120117188,3573100.0,157.95799255371094,-0.0025259318472709014,0.07967475829590032,0.009416719321595046,-0.002537802657861632,-0.0016359899204907435,5442.159946986607,5322.692317708334,12.545714242117745,12.73233331044515,2341.914306640625,2358.643310546875,86.11477879115513,85.14006144205729,157.32528468540735,156.4200663248698,0.07681450465718026,0.7908324661398093,0.1903841256221745,0.07088156050323198,0.06812595221425846,-0.002525931847270868,-0.02850112774246463,-0.014435927591596596,0
2024-06-21,5464.6201171875,6773800000.0,13.199999809265137,2331.199951171875,194824.0,86.29901885986328,6908700.0,158.93099975585938,-0.001562130321101196,-0.006024090761646117,-0.01595612023137405,0.00021195530493089976,-0.006159911166366383,5454.917131696428,5331.923990885417,12.595714160374232,12.738999970753987,2342.5714285714284,2358.939973958333,86.25981685093471,85.2042465209961,157.59542846679688,156.55949961344402,0.07726328339509868,0.7891812368158805,0.1963979178258642,0.07013596793087758,0.06952242423682031,-0.004084116333644407,-0.04400248055285011,-0.014227032058100324,0
2024-06-24,5447.8701171875,3696750000.0,13.329999923706056,2344.39990234375,117625.0,86.37220001220703,5276000.0,159.86099243164062,-0.003065171894990004,0.009848493660558288,0.005662299008388105,0.0008479951836137811,-0.005851549900333097,5458.75146484375,5339.7169921875,12.77999986921038,12.760333315531414,2341.085693359375,2359.0766357421876,86.34736742292132,85.26235860188802,157.98914228166853,156.7075658162435,0.0778096860057069,0.7857383963942929,0.1957926409897558,0.06980811123374156,0.07030781245036272,-0.0071367697100326345,-0.03858933674646299,-0.013391101329149032,0
2024-06-25,5469.2998046875,3591960000.0,12.84000015258789,2330.800048828125,144271.0,86.44537353515625,3790100.0,159.68600463867188,0.003933590015736899,-0.03675917283740948,-0.00580099559892866,0.0008471883654563861,0.0010946247130523279,5463.831403459822,5347.937646484375,12.908571379525322,12.769999980926514,2342.9142717633927,2357.603304036458,86.3643559047154,85.3320297241211,158.40142822265625,156.85079905192057,0.07813519564055854,0.7931828767242529,0.19141820367109286,0.06881053154593539,0.0704834439179782,-0.0032312528203717627,-0.044166475772759894,-0.012555257748939291,0
2024-06-26,5477.89990234375,3563920000.0,12.550000190734863,2313.199951171875,191628.0,85.92401123046875,4196400.0,159.68600463867188,0.0015724312002203256,-0.022585666542580096,-0.007551097171590859,-0.006031118651774525,-0.0,5470.445661272322,5356.486979166667,12.892857142857142,12.734999974568685,2337.7856794084823,2356.609969075521,86.27811431884766,85.38097763061523,158.76685660226005,156.9797327677409,0.07795030521095414,0.7570355290727327,0.1886952495650758,0.07160403439168099,0.07031062150866059,-0.001663902542901909,-0.05138406759406398,-0.01851065415152639,0
2024-06-27,5482.8701171875,3589530000.0,12.239999771118164,2336.60009765625,140228.0,86.11608123779297,4946600.0,160.62100219726562,0.0009073212238914774,-0.024701228279307874,0.010115920360676212,0.0022353473094853804,-0.005855225451406376,5471.822823660715,5364.359977213541,12.819999967302595,12.695666631062826,2338.871407645089,2355.8333089192706,86.27680969238281,85.42812016805013,159.20614188058036,157.1259994506836,0.0773667907559347,0.759295879280689,0.18989117182144194,0.07143857892850067,0.0716311166013394,-0.000758091013102009,-0.04178794436897683,-0.016316684582995452,0
2024-06-28,5460.47998046875,7199220000.0,12.4399995803833,2339.60009765625,135383.0,85.65874481201172,6032400.0,160.68699645996094,-0.004083652583445674,0.01633985400367921,0.001283916748531011,-0.005310697133540043,-0.00041086944915380563,5468.029994419643,5369.437646484375,12.839999880109515,12.695333290100098,2337.8285784040177,2353.989982096354,86.15659441266742,85.43873977661133,159.63285609654017,157.26563262939453,0.07260803854488905,0.7308862626855389,0.18451803918118137,0.07023281469908155,0.0716090740155617,-0.004838647816223575,-0.04055767986210786,-0.021540728746491718,0
2024-07-01,5475.08984375,3488760000.0,12.220000267028809,2338.89990234375,142601.0,85.02113342285156,13662800.0,160.90699768066406,0.0026755639309195,-0.017684832859754307,-0.0002992799124950096,-0.0074436228380356795,-0.0013691289622053127,5468.304268973215,5375.370638020833,12.688571384974889,12.68866662979126,2333.528564453125,2352.4366455078125,85.97665187290737,85.43357721964519,160.05414254324776,157.48646596272786,0.07218779439003167,0.7328427235169502,0.1842686308102007,0.07338917394582839,0.055602018564062605,-0.002176029996875622,-0.04084482167572278,-0.02882401052408203,0
2024-07-02,5509.009765625,3329950000.0,12.029999732971191,2333.39990234375,153709.0,85.34222412109375,8195700.0,161.51199340820312,0.006195317856513505,-0.015548324869538943,-0.002351532869999562,0.0037765986563040865,-0.0037599093654070437,5474.645647321428,5382.228629557291,12.521428516932897,12.689999961853028,2333.842843191964,2349.6366455078123,85.83996691022601,85.44793319702148,160.422855922154,157.69089914957684,0.07367662809176875,0.7269642265375775,0.17948730111528718,0.07361003457818344,0.05342154945270252,0.0,-0.04310030660498257,-0.025156268587192533,0
2024-07-03,5537.02001953125,2179470000.0,12.09000015258789,2369.39990234375,193642.0,85.91104125976562,3861000.0,161.50399780273438,0.005084444409779065,0.004987566163634494,0.015428131270529555,0.006665131410973801,4.950471664688649e-05,5487.38134765625,5389.85830078125,12.344285692487444,12.687999979654949,2337.4142717633927,2347.3333089192706,85.77408708844867,85.48550643920899,160.6575709751674,157.8825658162435,0.07448384729162034,0.7261462409969235,0.18368178175183664,0.07576318676357427,0.053451062382841856,0.0,-0.028337132522554848,-0.01865880701216204,0
2024-07-05,5567.18994140625,3253080000.0,12.479999542236328,2397.699951171875,293254.0,86.38811492919922,5111500.0,161.35800170898438,0.005448765178485582,0.03225801362500036,0.011943973155452259,0.005553112410674688,0.0009039782032412846,5501.365652901785,5398.050960286459,12.292857033865792,12.708666642506918,2346.9714006696427,2346.393310546875,85.76590728759766,85.53168563842773,160.89642769949776,158.04883270263673,0.07534094404019766,0.727767636232663,0.18688856147454405,0.07696905808560785,0.05314062925797272,0.0,-0.01673161731725446,-0.013209309054274929,0
2024-07-08,5572.85009765625,3185670000.0,12.369999885559082,2363.5,240781.0,86.41565704345703,5294600.0,160.63800048828125,0.0010166989647510949,-0.008814075377564845,-0.014263649275698453,0.00031881832680791256,0.0044621352091461786,5514.929966517857,5406.9123046875,12.267142704554967,12.711333306630452,2354.1571219308034,2345.4133138020834,85.83614240373883,85.58243077596029,161.03242710658483,158.1950658162435,0.07429290483731037,0.7214119382335147,0.18730573203414452,0.0767763224979264,0.055277974317359625,0.0,-0.030756612671724422,-0.012894702097278039,0
2024-07-09,5576.97998046875,3232920000.0,12.510000228881836,2367.89990234375,252489.0,86.29639434814453,3006900.0,160.85699462890625,0.0007410719362856977,0.01131773198205055,0.0018616045456949504,-0.0013801051729841474,-0.0013632773064862214,5528.374232700893,5417.216975911459,12.305714198521205,12.702666632334392,2358.6285226004466,2346.4366455078125,85.86190141950335,85.63923212687175,161.0661403111049,158.3334991455078,0.06928252467956085,0.7131999759651508,0.17427765355442915,0.07601229446293668,0.054980816693033466,0.0,-0.028952264775989337,-0.014257011225193655,0
2024-07-10,5633.91015625,3336100000.0,12.850000381469728,2379.699951171875,163900.0,86.37895202636719,4076600.0,161.33099365234375,0.010208065293514812,0.027178269094107144,0.0049833393786811175,0.0009566758709476098,-0.0029467106763432227,5553.149972098215,5428.189973958333,12.364285741533552,12.733333301544189,2364.3570731026784,2347.943310546875,85.96478816441127,85.69513702392578,161.15813991001673,158.47876536051433,0.07190347735849881,0.6888451761972905,0.1746806682733224,0.07599476190187504,0.055258717374867906,0.0,-0.02411320435846832,-0.01331397469287694,0
2024-07-11,5584.5400390625,4020950000.0,12.920000076293944,2421.89990234375,303520.0,86.92945098876953,9658400.0,161.60699462890625,-0.008763028841120457,0.005447446906317488,0.01773330757564362,0.00637306831685458,-0.0017107746646454203,5568.785714285715,5437.473307291667,12.464285714285714,12.733333301544189,2376.2142159598216,2350.1233072916666,86.23740495954242,85.78519922892252,161.25813947405135,158.6374984741211,0.07829122284750847,0.6463325455059838,0.17987060449274492,0.07533865419261287,0.055054333651231725,-0.008763028841120419,-0.006807503652347755,-0.007025757246308924,0
2024-07-12,5615.35009765625,3700280000.0,12.460000038146973,2420.699951171875,220933.0,87.11292266845703,4304500.0,158.2010040283203,0.0055170270744306915,-0.035603717912586874,-0.0004954586152440266,0.002110581369151987,0.021075762273823684,5583.977190290178,5449.086637369792,12.525714329310826,12.672666645050048,2388.6856515066966,2352.7733072916667,86.49036189488002,85.89505666097006,160.78514099121094,158.668798828125,0.07409136191804669,0.5733141047356947,0.17854187712150704,0.07324678098272883,0.08414316508310893,-0.0032943476340602145,-0.007299589431258971,-0.0049300043095052695,0
2024-07-15,5631.22021484375,3620470000.0,13.119999885559082,2428.89990234375,193535.0,86.83769226074219,3754500.0,158.31300354003906,0.0028262026252154904,0.0529694899993165,0.003387429808434206,-0.0031594670375409972,-0.0007079570221861786,5597.434361049107,5462.277978515625,12.67285714830671,12.62766663233439,2397.1856515066966,2355.6399739583335,86.62274060930524,85.98175608317057,160.32928466796875,158.69229888916016,0.06998380939402958,0.5947781742810484,0.1786503091341341,0.07347677821482194,0.08394771335314645,-0.00047745550277650473,-0.0039368864696534755,-0.008073895160935401,0
2024-07-16,5667.2001953125,4041760000.0,13.1899995803833,2467.800048828125,246085.0,87.22303009033203,4705800.0,158.14100646972656,0.006389375498743188,0.0053353426398474735,0.01601554121140958,0.004437448987391512,0.001086436783248823,5611.721540178572,5475.267659505208,12.77428572518485,12.636666615804037,2407.199951171875,2360.469978841146,86.74201420375279,86.06822916666667,159.86971391950334,158.73189900716145,0.06900144911960088,0.5056341981776031,0.18110150419509183,0.07338599032177487,0.08304216822865743,0.0,0.0,-0.0036722736714501158,0
2024-07-17,5588.27001953125,4246450000.0,14.479999542236328,2459.89990234375,259540.0,87.29641723632812,5113500.0,158.35000610351562,-0.013927543241993745,0.09780136488947022,-0.003201291161383346,0.0008413734987202659,-0.0013216030329810113,5613.924386160715,5485.429996744791,13.075714247567314,12.682333278656007,2420.971365792411,2363.4899739583334,86.86783708844867,86.1386723836263,159.54285757882255,158.7708994547526,0.08363247817080742,0.5772402821720539,0.1735012131572484,0.07148690262844883,0.08302754450316881,-0.013927543241993702,-0.0032012911613834003,-0.002833989926476964,0
2024-07-18,5544.58984375,4007510000.0,15.93000030517578,2456.39990234375,192770.0,87.0487060546875,8640600.0,155.68600463867188,-0.007816403936922511,0.10013817740186948,-0.0014228221224226179,-0.0028375870337269404,0.016823500866190444,5609.297223772322,5493.871663411458,13.564285687037877,12.774666627248129,2433.6142229352677,2367.1233072916666,86.97531018938336,86.18530909220378,158.80414472307478,158.75789947509764,0.0882374123647466,0.6410337848356916,0.1708277622920829,0.07084647164785897,0.09455624680447935,-0.021635083875087818,-0.004619558415921317,-0.005663535267134858,0
2024-07-19,5505.0,3760570000.0,16.520000457763672,2399.10009765625,254408.0,86.77344512939453,5274400.0,157.14999389648438,-0.007140265531926926,0.037037045906157084,-0.023326741151889818,-0.0031621483852963816,-0.009403473749681313,5590.881487165178,5498.90400390625,14.088571412222725,12.904333305358886,2436.385672433036,2367.909977213542,87.0316663469587,86.21240437825521,158.2068590436663,158.82543284098307,0.0861643134457448,0.6303995014885814,0.1823942424520066,0.07101484127816145,0.09661342559789945,-0.028620869163341067,-0.02783854032440687,-0.008807774713531193,0
2024-07-22,5564.41015625,3375180000.0,14.90999984741211,2394.699951171875,197562.0,86.6908950805664,3869800.0,157.4219970703125,0.01079203564940956,-0.09745766136434542,-0.0018340820746385322,-0.000951328470421231,-0.0017308506801934076,5588.005789620535,5505.95234375,14.372857093811035,12.981999969482422,2432.4999651227677,2368.0366455078124,86.99758693150112,86.23796717325847,157.60900224958147,158.8751993815104,0.09067048696330024,0.7022005439318834,0.1815724659859673,0.07107935526689761,0.09565456336522833,-0.018137710954259305,-0.029621564231252354,-0.009750724097106356,0
2024-07-23,5555.740234375,3500210000.0,14.720000267028809,2407.300048828125,171191.0,86.75511169433594,5095600.0,156.89100646972656,-0.001558102589770738,-0.012743097406287318,0.005261660296975501,0.0007407538439860861,0.0033730394129657393,5579.490094866072,5512.910677083333,14.695714269365583,13.065333302815755,2430.585693359375,2370.77998046875,86.94647107805524,86.29585393269856,157.42185974121094,158.91499938964844,0.09078235698735598,0.6967655028737385,0.16195373546509398,0.06320733820587994,0.09612171806447882,-0.019667553129619746,-0.024515762542726836,-0.009017193139476768,0
2024-07-24,5427.1298828125,3945550000.0,18.040000915527344,2415.699951171875,245884.0,86.56244659423828,4733500.0,155.76800537109375,-0.02314909375473495,0.22554351822499452,0.003489345812059952,-0.002220792485132961,0.007157842402199854,5550.334333147322,5515.122005208334,15.398571559361049,13.242000007629395,2428.6999860491073,2373.7366455078127,86.90715026855469,86.35341720581054,157.05828857421875,158.87949981689454,0.11500742511428898,0.9377441894709386,0.16208351532979026,0.06323444533810411,0.09607270627066913,-0.0423613608530309,-0.02111196070402486,-0.011217960309848635,1
2024-07-25,5399.22021484375,4592120000.0,18.459999084472656,2353.5,294897.0,86.75511169433594,4335600.0,153.89100646972656,-0.005142620237842288,0.023281493771090345,-0.02574821063423105,0.0022257353815422487,0.012049964284356895,5512.051478794643,5515.918684895833,16.151428631373815,13.428999964396159,2412.371407645089,2374.633308919271,86.84030478341239,86.40246251424153,156.4511457170759,158.774533589681,0.11590628669365916,0.9380791441297816,0.18005383066752328,0.0619071791485042,0.10186353933014848,-0.047286132699247814,-0.04631657612714703,-0.009017193139476768,0
2024-07-26,5459.10009765625,3638770000.0,16.389999389648438,2381.0,154523.0,87.1679916381836,5217500.0,153.69700622558594,0.011090468702846357,-0.11213433355830271,0.011684724877841557,0.004759142554070506,0.0012606340590720633,5493.5986328125,5517.1876953125,16.424285752432688,13.573999945322672,2401.0999930245534,2375.506640625,86.82195826939174,86.44941736857096,155.78643144880022,158.6609339396159,0.1177495631262288,0.9827260071619729,0.17981246851124083,0.061376649467520965,0.1018264673171773,-0.036720089371181104,-0.03517304769863483,-0.004300964692994592,0
2024-07-29,5463.5400390625,3379970000.0,16.600000381469727,2377.800048828125,126409.0,87.31477355957031,6165600.0,154.13900756835938,0.0008133101292933098,0.012812751655983723,-0.0013439526131352464,0.001683897020318792,-0.0028757966965518023,5482.020089285715,5518.181022135416,16.520000049046107,13.729333305358887,2389.8714425223216,2377.4999755859376,86.85996791294643,86.48236134847005,155.56543186732702,158.57223409016927,0.1175975261051492,0.980820268359194,0.17337781210456682,0.058752513494322846,0.1022767101360519,-0.035936644062521915,-0.036469729402403554,-0.0026243100543067383,0
2024-07-30,5436.43994140625,3777740000.0,17.690000534057617,2405.0,25944.0,87.49825286865234,4419200.0,153.83299255371094,-0.004960171878030217,0.06566265828551643,0.011439124658644051,0.0021013546917905135,0.0019853184438904936,5472.225795200893,5518.342350260416,16.6871429170881,13.896999994913736,2390.714285714286,2379.3633056640624,86.96351187569755,86.51471303304037,155.0915745326451,158.4624003092448,0.11854184818506802,0.9831966109450119,0.1722288133303488,0.058690122154846945,0.10204387416663326,-0.04071856400928244,-0.025447786524660548,-0.0005284699687615336,0
2024-07-31,5522.2998046875,4546910000.0,16.360000610351562,2426.5,176268.0,88.14048767089844,10982900.0,152.6699981689453,0.0157933986591674,-0.07518371303299154,0.008939708939708968,0.007339972870203271,0.007560110256319419,5466.210030691965,5519.978011067708,16.894285883222306,14.017333348592123,2395.257149832589,2382.6133056640624,87.17059653145927,86.58188883463542,154.41271754673548,158.29986673990885,0.12522789749702978,1.0158530594285986,0.17139579906084815,0.06003449021321217,0.10342146073328938,-0.02556824986434239,-0.01673557338964192,0.0,0
2024-08-01,5446.68017578125,4703620000.0,18.59000015258789,2480.800048828125,219834.0,88.51685333251953,10492600.0,149.74400329589844,-0.013693502993456064,0.13630803539367387,0.022377930693643133,0.004270065568803938,0.01916548705141763,5450.630022321428,5518.633024088542,17.44714300973075,14.227000013987224,2405.757149832589,2387.0766438802084,87.42227390834263,86.64910888671875,153.39171709333147,158.0346669514974,0.1314245135579749,1.0693582542853377,0.18107590476249016,0.05999123046063972,0.11576954627378151,-0.03891163395174363,0.0,0.0,0
2024-08-02,5346.56005859375,5156450000.0,23.38999938964844,2469.800048828125,309937.0,89.88801574707031,18286500.0,149.2010040283203,-0.018381860868696753,0.2582032919667485,-0.004434053443846175,0.015490410728902893,0.003626183724400267,5439.120047433035,5514.4126953125,18.211428506033762,14.564000002543132,2413.4857352120534,2390.4366455078125,87.89735521589007,86.76935170491537,152.45357404436385,157.74276733398438,0.14149799562062434,1.2684453608784176,0.18053813088238846,0.07273929561737591,0.1154567815503819,-0.05657822657896582,-0.004434053443846132,0.0,1
2024-08-05,5186.330078125,5333250000.0,38.56999969482422,2444.39990234375,352229.0,89.98001098632812,19098200.0,145.58399963378906,-0.02996879838863975,0.6489953271180455,-0.010284292648073623,0.00102344276367905,0.02424249366207143,5408.707170758928,5505.136360677084,21.084285736083984,15.4096666653951,2426.471435546875,2394.2099772135416,88.3580551147461,86.8920514424642,151.26685878208704,157.29786732991536,0.16494002489861662,2.212466481022299,0.1764885807546611,0.07266440262285147,0.12980662815116495,-0.08485144350207377,-0.014672744988686058,0.0,1
2024-08-06,5240.02978515625,4690190000.0,27.709999084472656,2431.60009765625,186107.0,89.17943572998047,9507000.0,145.7899932861328,0.010354085880061037,-0.2815660019776688,-0.005236379151883908,-0.008897256708151557,-0.0014149470605417935,5377.411411830357,5498.208349609375,22.7014285496303,15.888999970753988,2433.700020926339,2397.116650390625,88.64540427071708,86.98562596638997,150.13728550502233,156.8288340250651,0.16851324456991157,2.4041653341095275,0.1771565132972754,0.07856160111071253,0.127833153719047,-0.07537591675508033,-0.01983229208461035,-0.00889725670815153,1
2024-08-07,5199.5,4558260000.0,27.850000381469727,2432.39990234375,166078.0,88.85733032226562,8419700.0,144.73199462890625,-0.007734647858502863,0.005052374652567915,0.0003289211446697582,-0.003611879858604672,0.007257004636457398,5339.69140625,5489.215022786459,24.308571406773158,16.389333311716715,2441.5,2400.503312174479,88.8657695225307,87.06602452596029,148.79342651367188,156.3303670247396,0.1687929168677851,2.396509560534868,0.17591439349414004,0.07973000057083274,0.12826732612166156,-0.08252755844047083,-0.019509894200154566,-0.012477000744455166,1
2024-08-08,5319.31005859375,4016830000.0,23.790000915527344,2463.300048828125,178509.0,88.5904769897461,4856100.0,146.12399291992188,0.023042611519136447,-0.1457809483063327,0.01270356344555057,-0.0030031662165823647,-0.00961776485278687,5322.958565848215,5483.928694661458,25.180000032697404,16.76400000254313,2449.8285784040177,2405.5066487630206,89.0218015398298,87.1549067179362,147.69214085170202,155.87829996744793,0.18318858437159846,2.448457037023799,0.17666909916965887,0.07789463236853812,0.13330841885412756,-0.061386597390100966,-0.0070541759333915734,-0.015442696453917546,0
2024-08-09,5344.16015625,3516400000.0,20.3700008392334,2473.39990234375,152173.0,88.94937896728516,5174900.0,147.66900634765625,0.004671676849538509,-0.1437578791374391,0.004100131252962713,0.004051247828596782,-0.010573304197764921,5297.510044642857,5479.305029296875,25.752857208251953,17.035000038146972,2456.528564453125,2410.066642252604,89.13735743931362,87.24934997558594,146.97771344866072,155.44656677246093,0.18383756811204938,2.4959791882825453,0.17516834473138057,0.07831529996549062,0.13666615615601588,-0.05700169888646169,-0.002982967727637165,-0.011454010815797373,0
2024-08-12,5344.39013671875,3360160000.0,20.709999084472656,2504.0,171204.0,89.19781494140625,4166400.0,147.04200744628906,4.303397765514916e-05,0.01669112573546916,0.012371674158818458,0.0027930040322425853,0.004245974946774145,5282.897181919643,5475.435367838541,26.055714198521205,17.310666688283284,2459.842843191964,2415.546638997396,89.23463766915458,87.36731897989908,146.59171404157365,154.99173380533855,0.1835837291146951,2.4959659354163986,0.1777269298668283,0.07604780883581877,0.13639273491734485,-0.056961117918642654,0.0,-0.008692997881948742,0
2024-08-13,5434.43017578125,3648980000.0,18.1200008392334,2507.800048828125,155078.0,89.59352111816406,6458700.0,146.98199462890625,0.016847579753558328,-0.12506027811373066,0.001517591385034045,0.0044362765726688735,0.0004081338280472746,5295.450055803572,5474.080045572917,25.30285726274763,17.50733337402344,2465.271414620536,2421.1766438802083,89.19256700788226,87.51973190307618,146.27471269880022,154.5275670369466,0.1902878035945368,2.5319456886043956,0.17757157588442438,0.07176933020108935,0.13600405215743652,-0.04107319514207044,0.0,-0.004295285852129837,0
2024-08-14,5455.2099609375,3380050000.0,16.190000534057617,2479.699951171875,187384.0,89.71316528320312,4275700.0,146.9709930419922,0.0038237284285767004,-0.10651215318914042,-0.011205078997179596,0.0013354109041128215,7.484989533468323e-05,5333.861467633928,5472.28671875,22.105714525495255,17.646000067392986,2470.314278738839,2426.0533121744793,89.15444619315011,87.66542994181314,146.4728546142578,154.0428670247396,0.18972079055516108,2.5578166966810865,0.18143673863697674,0.07152085165204074,0.13480225980048158,-0.03740651945741092,-0.011205078997179601,-0.0029656109195801885,0
2024-08-15,5543.22021484375,3723310000.0,15.229999542236328,2492.39990234375,169322.0,89.15180969238281,5507000.0,147.2530059814453,0.016133247764330783,-0.05929592094835401,0.005121567698492369,-0.006257226451081621,-0.0019188340067386456,5377.174386160715,5472.493391927083,20.322857448032924,17.7506667137146,2478.9999651227677,2430.153312174479,89.15049961635044,87.77345555623373,146.6818564278739,153.56783396402994,0.1950518604347571,2.5680234637346895,0.17726497490869053,0.07346755930802112,0.13530967488829326,-0.021876760339487798,-0.006140898869338234,-0.009204280871572157,0
2024-08-16,5554.25,3357690000.0,14.800000190734863,2537.800048828125,223934.0,89.32666778564453,4437000.0,149.2220001220703,0.001989779357261412,-0.028233707447526624,0.018215434225335336,0.001961352146020001,-0.013371503878658375,5427.852957589285,5472.062060546875,18.458571706499374,17.82800006866455,2494.05712890625,2434.8233154296877,89.21754782540458,87.87140731811523,147.32328578404017,153.16330057779948,0.19448605288899937,2.5712113488725343,0.18128557259888847,0.07236676511004358,0.14335362953243297,-0.0199305109083537,0.0,-0.007260981561592219,0
2024-08-19,5608.25,3222050000.0,14.649999618530272,2541.300048828125,155994.0,89.44630432128906,4437600.0,147.95599365234375,0.009722284736913167,-0.010135173666990571,0.0013791472663955417,0.0013393148833404922,0.008484047048631704,5469.130092075893,5473.242057291666,17.15285723549979,17.90400005976359,2505.1999860491073,2440.7499837239584,89.33980887276786,87.97242889404296,147.58500017438615,152.74056701660157,0.1965094918976102,2.571327610580208,0.17467086532773782,0.07232832937466237,0.14428744454249634,-0.010401996273443693,0.0,-0.005931391418924762,0
2024-08-20,5597.1201171875,2994420000.0,15.880000114440918,2550.60009765625,191196.0,89.80516052246094,4886000.0,146.69900512695312,-0.0019845553982971165,0.08395908040535804,0.003659563471229532,0.004011973483922571,0.008495691822692941,5505.267229352678,5473.913395182291,16.511428560529435,18.016333389282227,2516.228585379464,2446.839990234375,89.46206338065011,88.08938776652018,147.44642857142858,152.2686340332031,0.1966133284043383,2.5786533228714847,0.1746933421708618,0.07237134036076805,0.14470517313204856,-0.012365908333883315,0.0,-0.0019432145200977459,0
2024-08-21,5620.85009765625,3119670000.0,16.270000457763672,2547.5,148894.0,89.9892349243164,5386000.0,145.3470001220703,0.004239676828782013,0.024559215397492062,-0.0012154385389927524,0.002049708511009607,0.00921618387059131,5544.761509486607,5473.478059895833,15.877143042428154,18.130333391825356,2522.44287109375,2452.4333251953126,89.5751233782087,88.20973052978516,147.20428466796875,151.73583424886067,0.1947238019158118,2.5785920065031323,0.1748634582379458,0.07239044475259424,0.14463654138590556,-0.008178658960131225,-0.0012154385389927195,0.0,0
2024-08-22,5570.64013671875,2981530000.0,17.549999237060547,2516.699951171875,177369.0,89.57512664794922,4819500.0,145.1179962158203,-0.008932805548120926,0.07867232595473528,-0.01209030375981357,-0.0046017534954648776,0.0015755667888409652,5564.220075334822,5473.014729817708,15.795714242117745,18.284666697184246,2523.714285714286,2455.593326822917,89.57249559674945,88.29791971842448,146.93799918038505,151.1862009684245,0.19479077102107523,2.5840056403226197,0.17339608144642812,0.07279409376953241,0.14393317121018492,-0.017038406138116937,-0.013291047277668456,-0.004601753495464927,0
2024-08-23,5634.60986328125,3291940000.0,15.859999656677246,2546.300048828125,164613.0,89.9892349243164,5475400.0,146.20199584960938,0.01148337085011919,-0.09629627657273676,0.011761472654881588,0.004623027528554147,-0.0074697808821515554,5589.8486328125,5473.656722005208,15.748571259634835,18.39800001780192,2533.228585379464,2459.779996744792,89.61193411690849,88.39379679361979,146.82814243861608,150.7862340291341,0.19701666683215402,2.601551199597973,0.17589055930108038,0.07348510566196244,0.1373405376415796,-0.005750693624376703,-0.0016858969118978397,0.0,0
2024-08-26,5616.83984375,2938570000.0,16.149999618530273,2555.199951171875,127485.0,89.87879943847656,3062400.0,144.0,-0.0031537266931381813,0.018284991685414864,0.0034952292240051364,-0.0012272077424896333,0.015061325509362122,5600.36572265625,5473.177376302084,15.879999841962542,18.49900000890096,2542.200020926339,2463.989998372396,89.71578979492188,88.4951670328776,146.3634272984096,150.30913391113282,0.197083370632572,2.5995914180514275,0.17589957265165648,0.07272272496263296,0.14158946441934447,-0.00888628420152767,0.0,-0.0012272077424896795,0
2024-08-27,5625.7998046875,2798990000.0,15.43000030517578,2552.89990234375,146222.0,89.84199523925781,4433700.0,144.51600646972656,0.0015951960865450143,-0.044582001879949096,-0.0009001443613326776,-0.0004094869919123445,-0.0035833782619900667,5610.587123325893,5471.79736328125,15.969999858311244,18.573666699727376,2544.3571428571427,2466.82666015625,89.78940800258091,88.58246587117513,145.69114249093192,149.85496724446614,0.19621847220085623,2.60574634785306,0.17073548608350092,0.07217823757972959,0.14281245174704554,-0.0073052634807648795,-0.0009001443613327182,-0.0016361922087950482,0
2024-08-28,5592.18017578125,3053450000.0,17.110000610351562,2537.800048828125,165123.0,89.79595947265625,8147000.0,143.97500610351562,-0.00597597320797616,0.10887882514248881,-0.00591478479111629,-0.000512408105796891,0.003743532494611679,5608.291434151785,5471.927701822917,16.321428571428573,18.661333401997883,2543.8571428571427,2469.423331705729,89.83935873849052,88.6657839457194,145.12242998395647,149.37580057779948,0.1926957336270432,2.60894644376399,0.17152082163867477,0.0723100595646471,0.14224644992524235,-0.01323758062990278,-0.006809604992270759,-0.002147761916441523,0
2024-08-29,5591.9599609375,3065640000.0,15.649999618530272,2560.300048828125,159965.0,89.63953399658203,6199800.0,144.43299865722656,-3.937906806072977e-05,-0.0853302711712347,0.008865946712543371,-0.0017420101861248538,-0.003181055977046876,5607.554268973215,5473.506705729166,16.28857135772705,18.65200004577637,2545.242850167411,2472.886669921875,89.8156978062221,88.75214487711588,144.79871477399553,149.00070037841797,0.1912339593779448,2.612865922458792,0.17279510515807872,0.07187963724009507,0.1372378082300473,-0.013276438414374933,0.0,-0.0038860306794305313,0
2024-08-30,5648.39990234375,4185850000.0,15.0,2527.60009765625,175644.0,89.32666778564453,4802600.0,144.88999938964844,0.010093051774424433,-0.041533522963198344,-0.012771921473360925,-0.0034902703861605655,-0.0031641019481043475,5611.489955357143,5478.286702473958,16.10714272090367,18.601333363850912,2542.4000069754466,2477.1700032552085,89.7210453578404,88.83725229899089,144.73342895507812,148.59203389485677,0.19188685160538466,2.6158955878318855,0.162021514929269,0.07205034962663055,0.13369608927778798,-0.003317386420246853,-0.012771921473360943,-0.00736273776779093,0
2024-09-03,5528.93017578125,3866350000.0,20.71999931335449,2523.0,273539.0,89.91552734375,8232700.0,146.7220001220703,-0.02115107439771169,0.38133328755696594,-0.001819946778968462,0.006592203344230274,-0.012644079923660678,5605.531389508928,5477.104036458333,16.559999874659947,18.795000012715658,2543.3000139508927,2481.446671549479,89.76967402866909,88.944740041097,144.9625723702567,148.23536732991536,0.19978949253920486,2.809030420884566,0.16201877175507928,0.07359647806862711,0.1403910382057602,-0.024398294530977926,-0.014568624034982778,-0.0008190710880962205,1
2024-09-04,5520.06982421875,3478140000.0,21.31999969482422,2526.0,167957.0,90.44158935546876,9914900.0,145.35299682617188,-0.0016025435809103872,0.028957548327861904,0.0011890606420927874,0.0058506247726002325,0.009330593195018166,5589.168526785715,5475.915022786458,17.339999880109513,19.01499999364217,2540.4000069754466,2485.4033365885416,89.83429609026227,89.06762262980143,144.8412867954799,147.85076700846355,0.199792282215288,2.8068893847225116,0.16169044069145563,0.074782737500259,0.14183898620234967,-0.025961738781602538,-0.013396886370339475,0.0,0
2024-09-05,5503.41015625,3521650000.0,19.89999961853028,2543.10009765625,152709.0,90.65387725830078,33635000.0,143.32400512695312,-0.003018017615584734,-0.06660413211162786,0.006769634859956408,0.002347237640833999,0.013959063407858241,5572.964285714285,5478.457698567709,17.8757141658238,19.076999950408936,2538.671456473214,2489.650008138021,89.9450214930943,89.20400365193684,144.74471609933036,147.43596700032552,0.18780393112260593,2.7530604006182418,0.16229205436177183,0.07402959753479169,0.14511000989134215,-0.0289014034122132,-0.006717943539370548,0.0,0
2024-09-06,5408.419921875,3822800000.0,22.3799991607666,2524.60009765625,228117.0,90.78311157226562,17777600.0,143.39300537109375,-0.01726024985928465,0.12462309496363111,-0.007274585855684523,0.0014255795546020966,-0.0004814283837484279,5541.910016741072,5478.76435546875,18.86857114519392,19.207666619618735,2534.6286272321427,2495.3533447265627,90.07946668352399,89.33827031453451,144.58428737095423,147.0860336303711,0.19416245256373552,2.7711086143652883,0.14273050124104078,0.0740025519739284,0.1426409809457484,-0.04566280782731911,-0.013943659138004246,0.0,1
2024-09-09,5471.0498046875,3825940000.0,19.450000762939453,2532.699951171875,140583.0,90.9123077392578,8532500.0,142.48599243164062,0.0115800702824842,-0.13092039802055044,0.003208370911157221,0.001423129971584336,0.00632536389837024,5524.605678013393,5479.162679036458,19.202856881277903,19.309666665395103,2533.9000418526784,2500.410009765625,90.23894500732422,89.46308085123698,144.37157113211495,146.71233317057292,0.19440766290138373,2.779358216226108,0.14001771472871619,0.07336429410949266,0.14307086656859958,-0.034611516068770866,-0.010780024657220486,0.0,0
2024-09-10,5495.52001953125,3848180000.0,19.07999992370605,2543.10009765625,156108.0,91.29996490478516,7921400.0,143.177001953125,0.004472672652839682,-0.019023178648836403,0.0041063476467329,0.0042640779358409375,-0.004849666340471348,5510.828543526785,5480.228678385417,19.69285692487444,19.39233331680298,2531.4429059709823,2505.9200113932293,90.4761494227818,89.59592056274414,144.192143031529,146.34693298339843,0.19480576492294524,2.7814458079882085,0.13974411280445675,0.07382668172270392,0.1438255825666121,-0.03029364939732524,-0.006717943539370548,0.0,0
2024-09-11,5554.1298828125,3839450000.0,17.690000534057617,2542.39990234375,194085.0,91.2353515625,7286200.0,142.23399353027344,0.010665025888896507,-0.07285112134206151,-0.00027533140089341934,-0.0007077039115244155,0.006586312117083604,5497.361397879465,5484.151676432291,20.0771427154541,19.39233331680298,2533.5571637834823,2510.500008138021,90.74881853376117,89.72049051920573,143.81271362304688,145.96029968261718,0.19641916746019483,2.7894965782153864,0.13717310753603987,0.07407608297063517,0.1443231164154756,-0.019951706063520327,-0.0069914252794581935,-0.0007077039115243929,0
2024-09-12,5595.759765625,3655070000.0,17.06999969482422,2580.60009765625,233679.0,91.08767700195312,5929800.0,142.58999633789062,0.007495302358939249,-0.035048096128643014,0.015025250464053563,-0.0016186111854428198,-0.0025029375803993226,5506.908482142857,5486.600341796875,19.555714198521205,19.415999952952067,2541.7857491629466,2515.636678059896,90.91626848493304,89.81873016357422,143.22242736816406,145.62429962158203,0.19234073332563917,2.780917326018564,0.14097226352757133,0.07237037002794122,0.1442463284604817,-0.01260594777410376,0.0,-0.0023251695995000865,0
2024-09-13,5626.02001953125,3500790000.0,16.559999465942383,2610.699951171875,174674.0,91.26303100585938,5305500.0,141.49899291992188,0.005407711405364557,-0.029876991095463934,0.011663896914117844,0.0019251122619197147,0.007651332112972642,5522.044224330357,5492.578336588542,18.8757141658238,19.348333263397215,2553.8857421875,2519.9666748046875,91.0336172921317,89.91026941935222,142.67185538155692,145.3494659423828,0.18800016166479075,2.7590635077292944,0.1306147715504453,0.07179660633278859,0.13613429390280424,-0.007266405696292726,0.0,-0.0004045335500873286,0
2024-09-16,5633.08984375,3437070000.0,17.139999389648438,2608.89990234375,127576.0,91.50299835205078,6666900.0,140.7899932861328,0.0012566297656613212,0.03502415111177348,-0.0006894889729924802,0.002629403642927519,0.005010633780201612,5540.569893973215,5502.129329427084,18.481428418840682,19.139999930063883,2563.285714285714,2524.603336588542,91.15492030552456,89.96410217285157,142.30985369001115,145.06909891764323,0.1786558021254271,2.6575187944727547,0.12952416433707226,0.057547952716220895,0.13635018860887893,-0.006018907112318642,-0.0006894889729924747,0.0,0
2024-09-17,5634.580078125,3443600000.0,17.610000610351562,2592.39990234375,159525.0,91.3368911743164,7807000.0,140.7899932861328,0.00026455008109871336,0.027421309068831112,-0.006324504817213139,-0.0018153195056548332,-0.0,5572.878487723215,5517.07099609375,17.800000054495676,18.441333293914795,2572.9714006696427,2529.536669921875,91.2340316772461,90.00933151245117,141.93799482073103,144.9092987060547,0.15133362776486478,1.8189939589768955,0.1267771990168619,0.057953198156719773,0.11879932853266288,-0.005755949333584688,-0.0070096331138745326,-0.0018153195056547803,0
2024-09-18,5618.259765625,3691390000.0,18.229999542236328,2598.60009765625,233128.0,90.93999481201172,8584500.0,142.01499938964844,-0.002896455862498093,0.03520720672322497,0.002391681664119183,-0.004345411336008964,-0.008700945819537065,5593.908482142857,5529.678662109375,17.6257141658238,18.125333309173584,2582.3857073102677,2535.103336588542,91.2379869733538,90.06801681518554,141.87071010044642,144.78346557617186,0.15046473977163805,1.6460900087668047,0.12491173123599027,0.05280894089047702,0.12196799739543929,-0.008635733342891257,-0.0046347162607459705,-0.0061528425317053485,0
2024-09-19,5713.64013671875,4024530000.0,16.329999923706055,2614.60009765625,204475.0,90.86618041992188,16770800.0,142.7100067138672,0.01697685316676334,-0.10422378860340853,0.00615716131713806,-0.0008116823872975631,-0.004893900835867715,5625.068498883928,5546.816666666667,17.23285702296666,17.741333293914796,2592.5999930245534,2541.1766764322915,91.17601776123047,90.13497848510742,141.80399649483817,144.7160659790039,0.15306813600577404,1.6682606908537172,0.1252758908846366,0.05144795666702002,0.12150092062637712,0.0,0.0,-0.006959530765088134,0
2024-09-20,5702.5498046875,7867260000.0,16.149999618530273,2646.199951171875,207209.0,90.83847045898438,6580600.0,142.85800170898438,-0.0019410273951238066,-0.011022676424785383,0.012085922257843995,-0.0003049535130611458,-0.0010370330611357836,5646.271344866072,5559.591324869792,17.012856892177037,17.48666658401489,2607.4285714285716,2547.27333984375,91.11932046072823,90.2099116007487,141.8931405203683,144.607199605306,0.14161322140185406,1.6198750089635299,0.1248482676798736,0.05031922112437234,0.11781761963426332,-0.001941027395123802,0.0,-0.007262361944793175,0
2024-09-23,5718.56982421875,3529550000.0,15.890000343322754,2652.5,170494.0,90.78311157226562,7491700.0,144.00399780273438,0.0028092730585327352,-0.01609902670890473,0.0023807909244859538,-0.0006094211674748662,-0.008021924428738059,5663.815638950893,5572.071647135416,16.844285556248256,17.337333234151206,2617.6999860491073,2553.243343098958,91.07581111363002,90.2710360209147,142.0951407296317,144.4850326538086,0.1414518420980129,1.5684985314792976,0.12474662748458386,0.04954208729226939,0.11590781709782425,0.0,0.0,-0.00786735727517307,0
2024-09-24,5732.93017578125,3872710000.0,15.390000343322754,2677.0,216553.0,90.8846206665039,6580800.0,143.63800048828125,0.0025111788443470395,-0.031466330345934046,0.009236569274269524,0.001118149537730595,0.0025415774564432336,5679.088518415178,5585.022981770833,16.67714282444545,17.159999942779542,2627.1714215959823,2559.010009765625,91.0217524937221,90.32726287841797,142.40071323939733,144.37156575520834,0.14129070610810404,1.5691966103227397,0.12287774797817266,0.04915919067754877,0.11557375724245651,0.0,0.0,-0.006758004619342791,0
2024-09-25,5722.259765625,3624910000.0,15.40999984741211,2684.699951171875,189943.0,90.5154266357422,10455100.0,142.96299743652344,-0.0018612489301417234,0.0012995129072905787,0.0028763358878876044,-0.004062227779069949,0.0046993347823223175,5691.827078683035,5594.617301432291,16.430000032697404,17.069666576385497,2638.0,2564.906673177083,90.88067081996373,90.35799306233724,142.71114240373885,144.23759918212892,0.1349046837143355,1.5277761047988534,0.12286967772722689,0.04960876600656612,0.11612976176059572,-0.0018612489301417141,0.0,-0.010792779844316936,0
2024-09-26,5745.3701171875,4391180000.0,15.369999885559082,2694.89990234375,217643.0,90.45082092285156,8026500.0,144.68299865722656,0.00403867571712313,-0.002595714617073419,0.003799289066706679,-0.0007137536140732204,-0.012031093720365149,5707.654227120535,5604.289306640625,16.109999929155624,17.04233322143555,2652.6428571428573,2572.0800048828123,90.75408935546875,90.38258158365885,143.2672860281808,144.1613327026367,0.1349347370408004,1.4949601916499315,0.11604077523549708,0.04960913894740749,0.12202591057468763,0.0,0.0,-0.011498830072770366,0
2024-09-27,5738.169921875,3898530000.0,16.959999084472656,2668.10009765625,196732.0,90.81078338623048,6207700.0,145.0760040283203,-0.0012532169669905446,0.10344822451218505,-0.009944638264371974,0.003979648384683454,-0.0027163203330118346,5724.784249441965,5610.787630208333,15.92857129233224,17.099999872843423,2662.5714285714284,2577.9366780598957,90.73563058035714,90.43788070678711,143.70457240513392,144.0887659708659,0.1280808593257672,1.5112004115187108,0.12151247592546599,0.04667657536471629,0.12218473937212891,-0.0012532169669905743,-0.009944638264371992,-0.007564942988611742,0
2024-09-30,5762.47998046875,4425730000.0,16.729999542236328,2659.39990234375,173252.0,90.56159973144533,8902400.0,142.7830047607422,0.004236552581176722,-0.013561294495994303,-0.0032608204317906564,-0.0027439875033931083,0.015805503349337502,5731.761369977678,5617.728629557291,15.985714094979423,17.16433318456014,2668.9714006696427,2581.9900065104166,90.69211905343192,90.47904510498047,143.71500069754464,143.87413279215494,0.12836883909543528,1.5087796531798001,0.11269368153449366,0.04748583343460131,0.12272926696968126,0.0,-0.013173031016523363,-0.010288172382980233,0
2024-10-01,5708.75,4025180000.0,19.26000022888184,2690.300048828125,202756.0,90.8911361694336,11665600.0,143.7100067138672,-0.009324107094664358,0.15122538887453674,0.011619217725451048,0.003638809815258215,-0.006492383002293156,5732.647112165178,5621.078629557292,16.429999896458217,17.31799987157186,2675.271414620536,2586.9566731770833,90.69964272635323,90.52720616658529,143.8367156982422,143.73259989420572,0.1293229009243009,1.5634017561398716,0.11637839117588772,0.04831539695330321,0.12293569971507873,-0.009324107094664358,-0.0017068736065575256,-0.006686799270370295,0
2024-10-02,5709.5400390625,3829050000.0,18.89999961853028,2669.699951171875,128680.0,90.63194274902344,7742100.0,143.73599243164062,0.00013839090212397487,-0.018691620253031505,-0.0076571747694920145,-0.0028516908395443963,-0.0001808205174269606,5731.357142857143,5624.825960286458,16.859999792916433,17.41866652170817,2677.7285505022323,2590.9266682942707,90.67804718017578,90.55476557413736,143.79842921665735,143.633832804362,0.12909691357475525,1.5514031063881355,0.1194945572150382,0.04812270229178374,0.12085685057724976,-0.009187006564132755,-0.00935097854653475,-0.009519421425689506,0
2024-10-03,5699.93994140625,3597450000.0,20.489999771118164,2679.199951171875,138551.0,90.16910552978516,11556100.0,146.58200073242188,-0.001681413492255035,0.08412699389840128,0.003558452325636896,-0.00510677808727944,-0.0198002480285846,5726.644252232143,5627.462288411459,17.58857113974435,17.559333165486652,2678.0428292410716,2595.3166666666666,90.5758307320731,90.56076126098633,144.21900068010603,143.6749994913737,0.12882454412158814,1.5658087940846208,0.11933551290604003,0.05029534947275643,0.13175703288555432,-0.010852972899597418,-0.00582580123225385,-0.014577585940228696,0
2024-10-04,5751.06982421875,3479400000.0,19.209999084472656,2667.800048828125,192656.0,89.2989730834961,8878300.0,146.83999633789062,0.008970249395274354,-0.06246953152482426,-0.004254965120749521,-0.009650006409364198,-0.0017600769820280693,5730.759974888393,5633.476611328125,18.131428173610143,17.614666493733726,2675.6285574776784,2600.353336588542,90.4020516531808,90.55155614217122,144.77285766601562,143.7323994954427,0.12788224669370243,1.5669875482846405,0.11347945193473771,0.05615777576391129,0.13169570568200564,-0.0019800773779125283,-0.010055977771959657,-0.024086918551836617,0
2024-10-07,5695.93994140625,3637790000.0,22.63999938964844,2666.0,130705.0,88.97500610351562,10152600.0,148.82000732421875,-0.009586022165882668,0.17855286145995897,-0.0006747315372888085,-0.0036278914392168238,-0.013484139442307974,5723.698521205357,5635.520947265625,19.169999531337194,17.840666484832763,2671.5,2604.3433349609377,90.19122096470424,90.5177485148112,145.36385890415735,143.81966654459634,0.1275880041928296,1.6110162801272212,0.1098202297595921,0.05521537784959218,0.13558688786415152,-0.011547118478160385,-0.010723924223907465,-0.027627425265442117,0
2024-10-08,5751.1298828125,3393400000.0,21.420000076293945,2635.39990234375,233849.0,89.0490493774414,5975200.0,148.14599609375,0.009689347495581924,-0.05388689691892434,-0.011477906097618118,0.000832180599567911,0.004529036401673792,5725.549944196428,5639.997281901042,19.807142530168807,18.01633316675822,2666.828543526786,2607.016666666667,89.93954467773438,90.49009017944336,145.80242919921875,143.957866414388,0.12989519605232977,1.6238174473405778,0.11592655879099271,0.055260752225086224,0.12823396675064183,-0.0019696550260859605,-0.022078742126285637,-0.02681823567319613,0
2024-10-09,5792.0400390625,3650340000.0,20.86000061035156,2626.0,143000.0,88.71578979492188,6769200.0,148.15899658203125,0.007113411987488272,-0.02614376582389244,-0.0035667840525418493,-0.0037424271774871842,-8.775457065346437e-05,5729.772809709822,5645.538623046875,20.397142682756698,18.197333176930744,2662.05712890625,2609.453336588542,89.67585754394531,90.45254999796549,146.57042803083147,144.0792994181315,0.13115967133810216,1.6189080476184974,0.11657347670790104,0.05615350239340558,0.12801686972497614,0.0,-0.025566776073511252,-0.03046029755664765,0
2024-10-10,5780.0498046875,3208790000.0,20.93000030517578,2639.300048828125,195581.0,88.70655059814453,5959000.0,149.16000366210938,-0.002070122839989974,0.003355689970089726,0.005064755837062007,-0.00010414376965706129,-0.006756303047205758,5739.95849609375,5651.800944010417,20.63571412222726,18.324666500091553,2654.771414620536,2612.836669921875,89.36377389090401,90.4162363688151,147.3489990234375,144.25213267008465,0.1298352068329095,1.5942222142470788,0.11527676991668932,0.05615977350309721,0.1283512682764277,-0.002070122839990025,-0.020631509714802355,-0.030561269076092253,0
2024-10-11,5815.02978515625,3208720000.0,20.459999084472656,2676.300048828125,168597.0,88.73432159423828,5394100.0,148.70399475097656,0.006051847587953629,-0.022455863060207304,0.014018868380057281,0.00031306589994195555,0.003057179538328514,5755.028459821428,5659.236604817708,20.858571188790457,18.484999815622967,2655.714285714286,2616.703336588542,89.09268515450614,90.38606262207031,148.05871364048548,144.39449920654297,0.13055489799402104,1.5714236591201602,0.11910640336221828,0.056049010447587116,0.12879214272077907,0.0,-0.006901871753918851,-0.030257770867357026,0
2024-10-14,5859.85009765625,3005250000.0,19.700000762939453,2665.60009765625,123361.0,88.57697296142578,3850900.0,149.33399963378906,0.0077076668832223305,-0.037145569674535084,-0.003998038701437889,-0.0017732556015024326,-0.004236637246144648,5777.872767857143,5666.284944661458,20.74571418762207,18.64166650772095,2653.7714494977677,2621.3033365885417,88.86523764474052,90.36107279459635,148.4518563406808,144.54263254801432,0.1293422017036913,1.570146438055266,0.1124985714281398,0.05542579268074661,0.12898585055677705,0.0,-0.010872316504972229,-0.03197737170717992,0
2024-10-15,5815.259765625,3882120000.0,20.63999938964844,2678.89990234375,160564.0,89.03053283691406,7736900.0,149.6699981689453,-0.007609466332438197,0.047715664482478326,0.004989422344032102,0.005120516770038996,-0.002249980151741937,5787.042759486607,5675.829264322917,20.949999945504324,18.63899984359741,2655.3571428571427,2626.5,88.82688903808594,90.33157297770182,148.85614231654577,144.64089914957682,0.11399964987818098,1.1254778672233743,0.11232670615958179,0.053986757049152394,0.12429225927860628,-0.007609466332438211,-0.005937140739841516,-0.02702059560522921,0
2024-10-16,5842.47021484375,3467230000.0,19.57999992370605,2691.300048828125,156877.0,89.16939544677734,5041100.0,149.0989990234375,0.004679145956573816,-0.05135656479108286,0.004628820387624799,0.0015597189575136117,0.003815054135721141,5807.975655691965,5686.575944010417,20.51285716465541,18.580999851226807,2658.971435546875,2632.010001627604,88.85465894426618,90.28916651407877,148.89599827357702,144.76576588948566,0.11386752451994121,1.1329499950664668,0.1125465241466675,0.05107607245783679,0.12142193711945896,-0.0029659261794856132,-0.001335802310317431,-0.02550302118292429,0
2024-10-17,5841.47021484375,3480010000.0,19.11000061035156,2707.5,181816.0,88.70655059814453,5460200.0,149.5760040283203,-0.00017116047891174713,-0.024004050826652468,0.0060193775788504045,-0.005190624499737395,-0.003199250216346705,5820.881417410715,5697.844612630209,20.182857240949357,18.554666550954185,2669.2714494977677,2637.489998372396,88.80573054722377,90.2242556254069,149.10028512137276,144.9741658528646,0.1130912773798644,1.1179626282178436,0.1122990420298781,0.05212833401538493,0.11310291886761305,-0.003136579009052016,0.0,-0.030561269076092253,0
2024-10-18,5864.669921875,3374490000.0,18.030000686645508,2730.0,178959.0,88.80838775634766,5174700.0,150.10000610351562,0.00397155273894878,-0.05651490786039193,0.008310249307479145,0.0011480229759408545,-0.0035032495927360685,5831.257114955357,5713.052945963542,19.77857153756278,18.409666601816813,2684.128592354911,2644.336661783854,88.81895882742745,90.15843149820964,149.37757219587053,145.1977325439453,0.09728466637489316,1.0659231288840842,0.11003767037124787,0.052035262670926105,0.1132173784143197,0.0,0.0,-0.029448331139224716,0
2024-10-21,5853.97998046875,3407010000.0,18.3700008392334,2738.89990234375,210450.0,88.12338256835938,6633600.0,149.60000610351562,-0.0018227694906369774,0.018857467534081795,0.0032600374885531913,-0.007713293814854971,0.003331112456152585,5841.818568638393,5725.81728515625,19.41285732814244,18.373666604359943,2698.3571428571427,2651.209993489583,88.73564910888672,90.06546732584636,149.4404296875,145.43486633300782,0.09439163024477824,0.9985135231242324,0.11004011621418973,0.05538365087883144,0.1117304606828568,-0.001822769490636961,0.0,-0.03693448132364574,0
2024-10-22,5851.2001953125,3342080000.0,18.200000762939453,2759.800048828125,173695.0,88.04008483886719,5433900.0,150.60499572753906,-0.0004748538883844189,-0.009254222565459602,0.007630854441409207,-0.0009452398110975091,-0.0067178448062898966,5846.985770089285,5737.673291015625,19.09000042506627,18.344333299001057,2710.285714285714,2658.4333251953126,88.636472429548,89.95680465698243,149.71200125558036,145.68246612548828,0.0944796156189246,0.9973031844014901,0.11092006820291488,0.05306419725063656,0.11232507520203658,-0.0022967578298411003,0.0,-0.03784480919259388,0
2024-10-23,5797.419921875,3532650000.0,19.239999771118164,2729.39990234375,214515.0,87.83643341064453,6914300.0,151.13800048828125,-0.009191323428069387,0.05714280025176999,-0.01101534384611802,-0.0023131671055903746,-0.0035390908393666543,5838.067173549107,5745.782958984375,19.024285997663224,18.39599994023641,2719.399972098214,2664.6666585286457,88.53068106515067,89.8435073852539,149.96971566336495,145.97926635742186,0.09636366410949614,0.985598785571315,0.11763269018357529,0.053137204700986755,0.10962632394311758,-0.011466971013860475,-0.011015343846117985,-0.04007043493044263,0
2024-10-24,5809.85986328125,3543030000.0,19.07999992370605,2748.89990234375,175872.0,88.03082275390625,5486300.0,152.7689971923828,0.002145772011323821,-0.008316000484173358,0.0071444276022927244,0.0022130832925890687,-0.010791440265401908,5837.295758928572,5752.91962890625,18.801428931100027,18.462999947865804,2729.399972098214,2670.276652018229,88.3878653390067,89.74161224365234,150.4124298095703,146.31856638590494,0.09467894634670979,0.9792826608770574,0.11238008282335771,0.05406443918202171,0.11251839057134491,-0.009345804507992944,-0.003949614570448122,-0.0379460308479248,0
2024-10-25,5808.1201171875,3501280000.0,20.32999992370605,2754.60009765625,153487.0,87.83643341064453,6455300.0,151.7830047607422,-0.00029944716993013376,0.06551362709634656,0.0020736278202200253,-0.0022081963700957274,0.006454139581730467,5832.388602120535,5758.989632161459,18.90857178824288,18.58866662979126,2738.4428362165177,2675.0733235677085,88.19744219098773,89.62739232381185,150.79585920061385,146.66136678059897,0.09395345788071872,0.9883418146766667,0.10868864142037198,0.053356313740160054,0.11164609090084923,-0.009642453103212397,-0.001884176780880564,-0.04007043493044263,0
2024-10-28,5823.52001953125,3691280000.0,19.799999237060547,2755.89990234375,161907.0,87.63280487060547,5447300.0,152.95199584960938,0.0026514435020339455,-0.026069881388808613,0.0004718669285628252,-0.0023182696761727684,-0.007701725833599626,5829.824288504465,5765.3373046875,19.007143020629883,18.677333291371664,2745.357107979911,2679.973323567708,88.04404994419643,89.49838587443034,151.27814374651228,147.06676686604817,0.09406324234377703,0.9900381415134547,0.10850828008653432,0.05212753585308266,0.11042082930777361,-0.007016576020802535,-0.0014131989330281708,-0.04229581053240506,0
2024-10-29,5832.919921875,3879100000.0,19.34000015258789,2781.10009765625,207424.0,87.6697998046875,8475400.0,153.1790008544922,0.001614127248163344,-0.023232277888761477,0.009144089482737927,0.0004221585071555456,-0.0014841585009850444,5825.28857421875,5771.9486328125,19.194285801478795,18.73499994277954,2752.6571219308034,2686.263330078125,87.8813945225307,89.3761494954427,151.71800013950892,147.4797337849935,0.09403719031087242,0.9916732835394279,0.10763834175797686,0.05238812969409377,0.1101786032784136,-0.005413774419183198,0.0,-0.04189150756148278,0
2024-10-30,5813.669921875,3851120000.0,20.350000381469727,2800.800048828125,191549.0,87.54022216796875,6341100.0,153.2740020751953,-0.003300233889343751,0.05222338267389759,0.007083510294533024,-0.0014780190784902114,-0.0006201974172255209,5819.529994419643,5778.4623046875,19.477142878941127,18.805666637420654,2761.5,2693.0033284505207,87.79808589390346,89.26282374064128,152.24285670689173,147.85503387451172,0.0941960927871982,0.9973974303697982,0.1085031459481177,0.05162162994449127,0.10892435546988188,-0.008696141586719467,0.0,-0.04330761019257045,0
2024-10-31,5705.4501953125,4425660000.0,23.15999984741211,2749.300048828125,242571.0,87.49393463134766,8662900.0,153.20399475097656,-0.018614700871699585,0.13808350925148427,-0.01838760322128241,-0.000528757358329246,0.0004567462405294931,5798.708565848215,5778.189306640625,20.185714176722936,19.03333330154419,2760.0,2697.4933268229165,87.72006443568638,89.15041554768881,152.61414228166853,148.2048334757487,0.0986325943607622,1.0128843074867298,0.12362618975379307,0.051649682828637085,0.10903585063545583,-0.027148966384044286,-0.018387603221282422,-0.043813468333338754,1
2024-11-01,5728.7998046875,3796450000.0,21.8799991607666,2749.199951171875,180660.0,86.97582244873047,15659500.0,151.97999572753906,0.004092509543626166,-0.055267732948130144,-3.6408414677224776e-05,-0.005921692569893389,0.007989341436083541,5788.905691964285,5779.064306640625,20.562856946672714,19.2243332862854,2762.8285784040177,2700.92666015625,87.5971200125558,89.02166061401367,152.73442731584822,148.50889994303387,0.09916498664699303,1.0301908791452423,0.11971153910973978,0.053291483018705815,0.11307328693893873,-0.02316756424444444,-0.018423342172476702,-0.049475711013341334,0
2024-11-04,5712.68994140625,3602060000.0,21.979999542236328,2746.199951171875,145248.0,87.4400863647461,8179300.0,152.28700256347656,-0.002812083478299976,0.004570401522182799,-0.0010912265580105274,0.005337850254756749,-0.002020047667904201,5775.024274553572,5778.868310546875,20.977142606462753,19.427333259582518,2762.44287109375,2704.0499918619794,87.51272909981864,88.91022644042968,152.66557094029017,148.78500010172527,0.09920426349473542,1.0270112500465067,0.11986229688096639,0.05677267596712009,0.11166643256081343,-0.025914498598100185,-0.01949446469022131,-0.04440195469522151,0
2024-11-05,5782.759765625,3768310000.0,20.489999771118164,2749.699951171875,151434.0,87.48650360107422,8118500.0,152.2760009765625,0.012265644545291332,-0.06778888999770039,0.0012744884066093753,0.0005308461857471691,7.224245489678705e-05,5771.4013671875,5780.529296875,20.999999727521622,19.597333240509034,2761.742850167411,2706.473323567708,87.46273912702289,88.79695587158203,152.73599897112166,149.07293345133465,0.10520956917792798,1.0458352696894886,0.11741129171636229,0.05658557367621282,0.11104250735204436,-0.013966712081182638,-0.0182448217528526,-0.04389467911776406,0
2024-11-06,5929.0400390625,6329530000.0,16.270000457763672,2676.300048828125,361313.0,86.58583068847656,15261400.0,151.43499755859375,0.025295927786425976,-0.20595409275225196,-0.02669378610290485,-0.010294992662006397,0.005522888784675883,5786.475655691965,5787.42197265625,20.49571418762207,19.625999927520752,2750.3714425223216,2706.193326822917,87.31317138671875,88.66596934000651,152.51928492954798,149.35533345540364,0.12743420735898653,1.2213149952182307,0.14186247919570355,0.061898573386550845,0.11149718657898411,0.0,-0.0444515844864012,-0.05373777638035196,0
2024-11-07,5973.10009765625,4925740000.0,15.199999809265137,2705.800048828125,292924.0,87.28224182128906,15674000.0,154.32000732421875,0.007431229727488331,-0.06576525005492273,0.011022680365348814,0.008043014974564278,-0.01905114281465048,5806.501395089285,5795.012972005208,19.90428556714739,19.620333258310954,2739.6142926897323,2706.5566650390624,87.25780596051898,88.56035003662109,152.68228585379464,149.67656707763672,0.12846259509057287,1.2381867670059727,0.14508081213883703,0.06775542750381104,0.11864302026328713,0.0,-0.03391887972857923,-0.046126975145914684,0
2024-11-08,5995.5400390625,4666740000.0,14.9399995803833,2694.800048828125,233110.0,87.46792602539062,12335300.0,153.17999267578125,0.0037568333092317108,-0.017105278430553206,-0.0040653410457155426,0.00212739957438024,0.007387341850252693,5832.482840401785,5803.591975911459,19.13142830984933,19.552999941507974,2724.471435546875,2707.4466634114583,87.24747794015067,88.44892145792643,152.66885593959265,149.9467000325521,0.12840842023778978,1.2015905663209723,0.14249482007873002,0.06673493885257623,0.12181650179765212,0.0,-0.037846328960309455,-0.04409770607882732,0
2024-11-11,6001.35009765625,4333000000.0,14.970000267028809,2617.699951171875,281919.0,87.22651672363281,3980000.0,152.9040069580078,0.0009690634297987444,0.002008078145122605,-0.028610693283079858,-0.0027599751443487808,0.0018017086497554846,5874.754255022322,5811.554313151041,17.96142836979457,19.49433329900106,2705.6714215959823,2706.0566650390624,87.2092753819057,88.33775202433269,152.6260005405971,150.28406677246093,0.1281511942716537,1.201074521172877,0.16523578069212191,0.06673808403979035,0.1104155876795264,0.0,-0.06537421253361532,-0.0467359726504757,0
2024-11-12,5983.990234375,4243400000.0,14.710000038146973,2606.300048828125,282766.0,86.67870330810547,8037600.0,153.47999572753906,-0.00289265965137242,-0.017368084451840793,-0.004354930876873997,-0.006280354141195654,-0.0037669959145638643,5911.210030691965,5820.728987630208,16.937142780848912,19.342666625976562,2685.257149832589,2703.2566650390627,87.16682979038784,88.19733759562175,152.8402862548828,150.60973307291667,0.12479200797999102,1.1115323456417607,0.16152104683662333,0.06662699892167659,0.10979904972252089,-0.0028926596513723923,-0.06944444323377537,-0.05272280833229318,0
2024-11-13,5985.3798828125,4220180000.0,14.020000457763672,2586.5,262752.0,86.62296295166016,6661800.0,154.65499877929688,0.00023222772482434095,-0.04690683742990798,-0.007596995149130148,-0.0006430686468298363,-0.007655740711927761,5950.165736607143,5829.923649088541,15.800000054495674,19.179999987284344,2662.44287109375,2700.483333333333,87.0500978742327,88.06370493570964,153.17857142857142,150.97369995117188,0.12478274971690032,1.1172031468999577,0.16149960677272,0.06656585749374816,0.11072738285454041,-0.0026611036823175776,-0.0765138692845245,-0.05333197259411175,0
2024-11-14,5949.169921875,4184570000.0,14.3100004196167,2572.89990234375,266162.0,86.61367797851562,7510000.0,155.4290008544922,-0.006049734794859041,0.020684732695029018,-0.00525810850811903,-0.00010718835777656643,-0.005004701311335236,5973.938616071428,5838.231315104166,14.917143004281181,18.974000008900962,2637.185721261161,2696.9399983723956,86.92540849958148,87.94519068400065,153.6289999825614,151.2685999552409,0.12641371700733994,1.0867065758925507,0.16135655351701614,0.06578335574808497,0.0981955532198094,-0.008694739505636956,-0.08136965956556952,-0.053433444385328994,0
2024-11-15,5870.6201171875,4590960000.0,16.139999389648438,2570.10009765625,179892.0,86.65082550048828,16761500.0,156.46800231933594,-0.013203489851361216,0.1278825238553527,-0.001088190288689228,0.00042888747874059163,-0.006684733602684734,5965.592912946428,5842.216324869792,14.898571423121862,18.871666685740152,2622.0142996651784,2693.6833333333334,86.93469347272601,87.85691909790039,154.3480006626674,151.58953348795572,0.13120818074171578,1.1447386024599502,0.1611131480064501,0.06102209940090881,0.09913523322891121,-0.02178342845217527,-0.08236930418092557,-0.05302747384183124,0
2024-11-18,5893.6201171875,3983860000.0,15.579999923706056,2614.60009765625,195294.0,86.84579467773438,4788200.0,154.66400146484375,0.003917814394541086,-0.03469637466662745,0.017314500723369042,0.0022500556240516723,0.011529519312264203,5954.238630022322,5848.8056640625,14.952857153756279,18.63633337020874,2608.9857352120534,2691.970003255208,86.87234388078961,87.78594538370768,154.3971426827567,151.78433329264323,0.127784587938855,1.0092469281203145,0.16981669068635377,0.06119671355552018,0.10075273387769569,-0.017950957487186517,-0.06648098683438056,-0.050896732983526635,0
2024-11-19,5916.97998046875,4036940000.0,16.350000381469727,2631.0,202241.0,87.03150939941406,4951500.0,154.61700439453125,0.003963584828470035,0.049422365952137115,0.006272432391649874,0.0021384423087937865,0.00030386560458406375,5943.015764508928,5854.334000651042,15.154285839625768,18.467333380381266,2599.8714425223216,2691.82333984375,86.80999864850726,87.71869405110677,154.60243007114954,152.00003356933593,0.12552467115438284,1.0149406086540926,0.1677094577119403,0.06161510652125188,0.09936164348210165,-0.014058522801469233,-0.06062555193797949,-0.048867130401924176,0
2024-11-20,5917.10986328125,3772620000.0,17.15999984741211,2651.699951171875,182012.0,86.90154266357422,5752900.0,154.71800231933594,2.195086225209586e-05,0.049541250583724494,0.007867712342027655,-0.0014933296772251525,-0.0006532135659993443,5930.9814453125,5858.502994791666,15.467142922537667,18.34400002161662,2604.728585379464,2692.6800048828127,86.7635737827846,87.65821914672851,154.861572265625,152.21866709391276,0.12418834083197178,1.0261325301332684,0.16886740307726356,0.061009769683734914,0.09930802611485672,-0.014036880535914566,-0.05323482399917644,-0.050287485343079294,0
2024-11-21,5948.7099609375,4230120000.0,16.8700008392334,2674.89990234375,186297.0,86.85509490966797,5098200.0,155.2949981689453,0.0053404615405816536,-0.016899709251596895,0.008749086095363845,-0.0005344871044011823,-0.003729338803240667,5925.94140625,5864.125,15.775714465550013,18.208666706085204,2614.528564453125,2693.866666666667,86.78877258300781,87.59650395711263,155.12085832868303,152.42316691080728,0.1245868573026837,1.0264802893173954,0.1700888137529142,0.060987135288698945,0.0982885096431715,-0.008771382415984684,-0.04495149396225287,-0.05079509443505184,0
2024-11-22,5969.33984375,4141420000.0,15.239999771118164,2712.199951171875,220554.0,86.91083526611328,5373900.0,154.21800231933594,0.003467959094991535,-0.0966212796103989,0.013944465284642105,0.0006417626565635715,0.006935161224173592,5923.649972098215,5869.268668619791,15.950000081743513,18.034666728973388,2632.4857003348216,2695.063330078125,86.82989719935826,87.53572107950846,155.05843026297433,152.60696716308593,0.12389757675666463,1.0593678181330202,0.1700375652105654,0.0610417954303992,0.10042339434995819,-0.005333842116418303,-0.03163385322466019,-0.05018593017323328,0
2024-11-25,5987.3701171875,5633150000.0,14.600000381469728,2618.5,305339.0,87.84864044189453,7716000.0,154.14599609375,0.003020480305938378,-0.04199471123755005,-0.034547582353354755,0.010790428752752934,0.0004669119331272009,5929.107142857143,5873.5193359375,15.991428647722516,17.86466671625773,2639.0,2693.4933268229165,87.00632040841239,87.51144332885742,154.8751438685826,152.76736704508463,0.12239619065173327,1.0606373138395424,0.19783961243601092,0.06938539351809424,0.10012601725897498,-0.0023294725755475757,-0.06508856242858202,-0.039937029124405166,0
2024-11-26,6021.6298828125,3835170000.0,14.100000381469728,2621.300048828125,177858.0,87.66293334960938,5093100.0,154.3780059814453,0.005722005647630368,-0.0342465744476691,0.0010693331403952566,-0.0021139438396657884,-0.0015051308082902892,5950.679966517857,5880.39833984375,15.700000217982701,17.64666674931844,2646.314278738839,2691.5733317057293,87.15090724400112,87.4658566792806,154.57657296316964,152.92430063883464,0.12057250473905448,1.0499628964143275,0.1972165647117463,0.06765151274560842,0.10007344349740617,0.0,-0.06408883064505233,-0.041966548327378846,0
2024-11-27,5998.740234375,3363340000.0,14.100000381469728,2639.89990234375,61653.0,88.0157699584961,5587600.0,153.00900268554688,-0.003801238017440034,0.0,0.007095659851660274,0.004024923595467245,0.008867864869708031,5965.697126116072,5885.607340494792,15.48857171194894,17.464000097910564,2649.928536551339,2689.8599934895833,87.31804656982422,87.42740249633789,154.34014456612724,153.05463409423828,0.12094512551644129,1.0431031764690606,0.19791855091150398,0.06867551029242024,0.10323059942947863,-0.0038012380174400587,-0.057447923335939954,-0.03811053688249475,0
2024-11-29,6032.3798828125,2444420000.0,13.510000228881836,2657.0,180756.0,88.3871841430664,5136200.0,151.1739959716797,0.005607785488815242,-0.041843981320970225,0.00647755531983174,0.004219859517736957,0.011992802264310987,5982.182826450893,5891.97099609375,15.082857404436384,17.27733341852824,2653.642822265625,2688.17666015625,87.51171439034599,87.41675694783528,153.84828622000558,153.10790049235027,0.12165460953476238,1.0466477351366539,0.19805544435555258,0.06841627607304364,0.1094709039448392,0.0,-0.051342490117526236,-0.034051498476547384,0
2024-12-02,6047.14990234375,4412470000.0,13.34000015258789,2658.5,163543.0,88.37974548339844,5950600.0,149.8979949951172,0.0024484564662998753,-0.012583277084667777,0.0005645464809935774,-8.415993495081153e-05,0.00844061155068987,6000.759974888393,5898.053662109375,14.537143162318639,17.121000067392984,2654.6142578125,2685.7933268229167,87.72288622174945,87.40246887207032,153.1597137451172,153.10116678873698,0.12142216553942,1.0371393554942498,0.1963084935539334,0.06831232566441114,0.11195223201802716,0.0,-0.05080692885865393,-0.034132792639601464,0
2024-12-03,6049.8798828125,4095000000.0,13.300000190734863,2667.89990234375,140965.0,88.12825012207031,5364800.0,149.50799560546875,0.0004514491145146682,-0.002998497855734139,0.0035357917411134032,-0.002845622149651561,0.0026017652181481443,6015.212820870535,5904.583658854167,14.02714306967599,16.952000045776366,2653.6142578125,2683.42666015625,87.90476553780692,87.40263112386067,152.33299909319197,153.0980997721354,0.12113314868879788,1.034175924263909,0.1963597880475661,0.06500746753802528,0.11178466683065778,0.0,-0.04745077983699029,-0.0368812857584883,0
2024-12-04,6086.490234375,4003390000.0,13.449999809265137,2676.199951171875,171792.0,88.46355438232422,5908800.0,149.64700317382812,0.006051417924264779,0.01127816664504766,0.00311107955018608,0.003804730716761684,-0.0009297667846888125,6031.948590959822,5912.42666015625,13.771428789411273,16.79366668065389,2648.4714006696427,2680.639990234375,88.12658255440849,87.41674677530925,151.67999921526228,153.06616668701173,0.12185833440361185,1.0357730225410673,0.19510635847151334,0.06585318593448393,0.11000820154644399,0.0,-0.044487323437595476,-0.033216878402525504,0
2024-12-05,6075.10986328125,4212020000.0,13.539999961853027,2648.39990234375,156116.0,88.4542465209961,5210300.0,150.56700134277344,-0.0018697756269248078,0.006691461253842901,-0.010387881823236578,-0.00010521690421683161,-0.006147788792513653,6044.482840401785,5921.682991536459,13.620000158037458,16.603666687011717,2652.7428152901784,2677.939990234375,88.21309770856585,87.4373405456543,151.16871425083704,153.04713338216146,0.11814929701870787,1.018414182750244,0.19483338471963735,0.0654398425512131,0.11103159105244884,-0.001869775626924769,-0.054413076202330234,-0.03331860032962907,0
2024-12-06,6090.27001953125,3924830000.0,12.770000457763672,2659.60009765625,167166.0,88.73365020751953,6880200.0,150.20700073242188,0.0024954538421815275,-0.056868501200791455,0.004229042337068556,0.0031587368330261434,0.0023909661953883665,6054.28857421875,5931.029996744792,13.430000168936592,16.393333371480306,2658.2142508370534,2674.963330078125,88.36605725969586,87.46076812744141,150.57285635811942,152.96173350016275,0.11816800035227736,1.027566285029101,0.1939647649107994,0.06574405868841153,0.1062633688309562,0.0,-0.05041414906821145,-0.030265108186689087,0
2024-12-09,6052.85009765625,4556460000.0,14.1899995803833,2685.800048828125,182150.0,88.42632293701172,4303100.0,150.02999877929688,-0.006144213927296471,0.1111980479026784,0.0098510867084729,-0.0034634805374181843,0.00117838684123861,6062.0185546875,5939.187662760417,13.442857197352819,16.188666693369548,2664.771414620536,2672.6699951171877,88.4247076851981,87.48043111165364,150.14728437151228,152.9032999674479,0.12018105849661272,1.0650539491099822,0.1963404478623213,0.06625447732893762,0.10480279204494758,-0.006144213927296462,-0.04105969651354328,-0.03362376611093977,0
2024-12-10,6034.91015625,4048410000.0,14.18000030517578,2718.39990234375,181509.0,88.2679672241211,3543400.0,151.4080047607422,-0.002963883313944371,-0.0007046705780981988,0.012137855731237046,-0.0017908209640632444,-0.00918486964378662,6062.380022321428,5946.234000651041,13.53857149396624,16.001333395640057,2673.5428292410716,2671.4199951171877,88.40767669677734,87.50160319010416,150.1807141985212,152.85183359781902,0.12077519463485681,1.064200457778708,0.1998603258003084,0.06609553111403278,0.10587756902730608,-0.009089886508104428,-0.029420217454956064,-0.035354372929760756,0
2024-12-11,6084.18994140625,4269950000.0,13.579999923706056,2756.699951171875,264985.0,88.00717163085938,6452800.0,151.8070068359375,0.008165786048233592,-0.04231314305760059,0.014089188568283673,-0.0029545893200364493,-0.002635277281579862,6067.671456473215,5954.60966796875,13.572857175554548,15.80933338801066,2687.5713936941966,2670.606656901042,88.35445186070034,87.51284891764323,150.45343017578125,152.80610046386718,0.12244350875536449,1.0678730500531577,0.2024055624817849,0.06674013417605831,0.10610003358266518,-0.0009983265282986526,-0.015745535878115183,-0.038204504597122387,0
2024-12-12,6051.25,3678010000.0,13.920000076293944,2709.39990234375,219468.0,87.67184448242188,4518000.0,152.2449951171875,-0.005414022527810203,0.025036830228132967,-0.01715821441068255,-0.0038102252603231523,-0.0028851651210233253,6067.8671875,5962.52900390625,13.661428587777275,15.595000044504802,2693.4999651227677,2667.5599853515623,88.28925105503627,87.517236328125,150.84443010602678,152.77180023193358,0.12330417255576975,1.0570754134016471,0.20695354478777453,0.06756757803341307,0.1064691415131177,-0.00640694409379459,-0.032633585008189886,-0.0418691620889715,0
2024-12-13,6051.08984375,3584960000.0,13.8100004196167,2675.800048828125,178685.0,87.26205444335938,5230100.0,152.58700561523438,-2.6466639124200775e-05,-0.007902274143272159,-0.012401216035536011,-0.004674135025694137,-0.0022464482184365586,6062.809988839285,5974.050325520833,13.712857246398926,15.28333339691162,2693.4428362165177,2665.1099853515625,88.11760820661273,87.50950698852539,151.2644304547991,152.75123392740886,0.10794363004225323,0.9590336032675978,0.2032833748266357,0.06893516419326821,0.10670112045059722,-0.0064332411626415184,-0.0446301049060253,-0.04634759499764914,0
2024-12-16,6074.080078125,4391100000.0,14.6899995803833,2670.0,115996.0,87.2900161743164,4607600.0,153.4530029296875,0.0037993543260221863,0.06372187791657047,-0.002167594260514827,0.0003204340206679479,-0.005675432917510825,6062.662876674107,5985.55966796875,13.877142906188965,15.043666744232178,2696.528564453125,2662.4699869791666,87.95128958565849,87.5199801127116,151.67671639578683,152.80033416748046,0.10789722021571167,0.9777132360461341,0.20330557297938454,0.06667499729711854,0.10527606102106599,-0.0026583289992610365,-0.0467009592072996,-0.046042012323194575,0
2024-12-17,6050.60986328125,4544500000.0,15.869999885559082,2662.0,147053.0,87.2900161743164,4881100.0,154.08599853515625,-0.003863994965801476,0.0803267759620312,-0.002996254681647992,0.0,-0.00412501282727451,6056.997140066965,5996.823665364584,14.319999967302595,14.840000089009603,2696.871407645089,2659.663321940104,87.74505615234375,87.5149777730306,152.2308589390346,152.86030069986978,0.10834490432871142,1.0124253364084068,0.2033965971743123,0.06482015613912062,0.10574321342671092,-0.006512052195191917,-0.04955728592128522,-0.046042012323194575,0
2024-12-18,5872.16015625,5246960000.0,27.6200008392334,2653.300048828125,156334.0,86.61531829833984,11553900.0,153.57200622558594,-0.02949284635160343,0.7403907396600702,-0.0032682010412753426,-0.00772938195622741,0.003335749610325789,6031.184291294643,5999.803678385417,16.238571575709752,15.07766679128011,2692.2285505022323,2656.449991861979,87.48634120396206,87.48593826293946,152.73686000279017,152.90350087483725,0.13745006123795916,2.3837765170522363,0.20338957189528187,0.06849471577070802,0.10629492242933512,-0.03581283959196891,-0.05266352378910985,-0.05341551798014271,1
2024-12-19,5867.080078125,4896880000.0,24.09000015258789,2608.10009765625,191587.0,86.22284698486328,9273800.0,154.67300415039062,-0.0008651123249070469,-0.1278059587033482,-0.017035371175543546,-0.00453119980607497,-0.007169261845725972,6007.208565848215,5997.738346354166,17.654285839625768,15.338333447774252,2676.471435546875,2654.17666015625,87.19418116978237,87.47383880615234,153.20328848702567,153.01143442789714,0.11571309023110418,2.3300815017809726,0.19456694863036045,0.06302251761347509,0.10661347959152029,-0.03664696978795503,-0.06880175228949387,-0.0577046814015047,0
2024-12-20,5930.85009765625,8223220000.0,18.36000061035156,2645.10009765625,153567.0,86.5405502319336,6070900.0,157.6439971923828,0.010869123768910471,-0.23785801186974176,0.014186572069549763,0.0036846759087656444,-0.019208219678098715,5985.302873883928,5996.330013020834,18.337143080575125,15.443666807810466,2660.5285993303573,2652.153328450521,86.98466382707868,87.44911575317383,154.03714425223214,153.12223409016926,0.11811930097853277,2.4365782325986363,0.19644272295294285,0.05926338876533091,0.10684878784623796,-0.026176166469425288,-0.055591241237310386,-0.05423262854212217,0
2024-12-23,5974.06982421875,3593280000.0,16.780000686645508,2628.199951171875,105131.0,86.15741729736328,5954500.0,156.5330047607422,0.007287273468533639,-0.08605663786390239,-0.006389227575678391,-0.00442720705546118,0.007047476919053275,5974.277134486607,5995.614339192708,18.745714596339635,15.505000178019205,2648.9286063058034,2649.9333251953126,86.76831708635602,87.40543212890626,154.64971705845423,153.23400115966797,0.11958357006878827,2.452627303395033,0.19690550534840218,0.059992183841793355,0.10662866892920625,-0.0190796458843123,-0.06162528372150919,-0.0584197365218655,0
2024-12-24,6040.0400390625,1757720000.0,14.270000457763672,2635.5,53366.0,86.20416259765625,3076100.0,157.1649932861328,0.01104275925539211,-0.14958284422952606,0.0027775850253972667,0.0005425568889980692,-0.004037413875473739,5972.698590959822,5996.90400390625,18.81142888750349,15.481666851043702,2643.171456473214,2650.52666015625,86.617189679827,87.37135365804036,155.303715297154,153.37603403727215,0.12384828088345322,2.497341069295491,0.1784776663345314,0.059671990679031506,0.10676026850907176,-0.008247578565098834,-0.059018868161362585,-0.057908875663370794,0
2024-12-26,6037.58984375,2904530000.0,14.729999542236328,2653.89990234375,79265.0,86.26958465576172,3703300.0,157.13299560546875,-0.00040565878647391695,0.03223539381334706,0.006981560365680206,0.0007589199423096993,0.00020359292483029812,5967.485700334822,5998.690657552083,18.817143167768204,15.482333501180014,2640.8714425223216,2652.113321940104,86.47141374860492,87.3577163696289,155.82942853655135,153.4978006998698,0.1235102478261593,2.4971528407352737,0.1789390031527041,0.05706038953808519,0.10646595088375443,-0.00864989164886069,-0.05244935158646512,-0.05719390392163876,0
2024-12-27,5970.83984375,3159610000.0,15.949999809265137,2631.89990234375,93897.0,86.0453109741211,3752500.0,157.7480010986328,-0.011055736101235558,0.08282418906603617,-0.00828968718095624,-0.002599684263411395,-0.003913916938923734,5956.089983258928,5998.205989583334,18.828571728297643,15.546666812896728,2636.5714285714284,2653.6266520182294,86.29359872000558,87.33846130371094,156.35257175990515,153.60090077718098,0.12784229513887765,2.500060955507155,0.17922796535529875,0.05748707070623945,0.10491508237010097,-0.01960999683072216,-0.060304250049925574,-0.05964490209306206,0
2024-12-30,5906.93994140625,3433250000.0,17.399999618530273,2618.10009765625,110915.0,86.5499038696289,4797700.0,157.8730010986328,-0.010701995701766776,0.0909090800379102,-0.00524328629489712,0.005864269531893118,-0.0007924030677373128,5961.058523995535,5996.798323567708,17.368571553911483,15.649666786193848,2631.5428641183034,2655.1333251953124,86.2842538016183,87.33633550008138,156.96699959891183,153.68236745198567,0.13042469409154925,2.510036602949024,0.1792237302346573,0.06013032203571675,0.1041139852528615,-0.030102126430694837,-0.06523134389701185,-0.054130406343245965,0
2024-12-31,5881.6298828125,3128350000.0,17.350000381469727,2641.0,86292.0,86.39104461669922,5856000.0,156.9949951171875,-0.004284800394927402,-0.002873519434293592,0.008746763488626907,-0.0018354642330854487,0.005561470139512803,5963.137067522322,5997.165315755208,16.405714443751744,15.69000015258789,2636.242850167411,2657.4966552734377,86.30828203473773,87.3276761372884,157.29871259416853,153.69993387858074,0.12515554998016404,2.487908529871485,0.18065931177845937,0.06034196913705014,0.10388398496920914,-0.03425794522240385,-0.05705514354549747,-0.05586651615156601,0
2025-01-02,5868.5498046875,3621680000.0,17.93000030517578,2669.0,144517.0,86.43777465820312,5034800.0,157.718994140625,-0.0022238866412221947,0.03342938968033171,0.010602044680045442,0.0005409130276319285,-0.004611605757859127,5954.237025669643,5996.329638671875,16.344285828726633,15.768333498636881,2639.6571219308034,2659.3099853515623,86.29359980991909,87.3140754699707,157.3094264439174,153.80176696777343,0.12478976391332365,2.4847116947955326,0.1763791913403821,0.05996741170114362,0.09853357397657109,-0.03640564607689022,-0.0470580000465478,-0.055355822050328844,0
2025-01-03,5942.47021484375,3667340000.0,16.1299991607666,2654.699951171875,121173.0,86.29759216308594,2863700.0,157.36199951171875,0.01259602672149196,-0.10039046925668937,-0.005357830209113845,-0.0016217735321334414,0.0022634853262375465,5949.722795758928,5997.179313151041,16.25142846788679,15.761000124613444,2643.4428362165177,2660.0999837239583,86.31362479073661,87.2896115620931,157.42785426548548,153.893266805013,0.12965292166386475,2.503978274740442,0.17643401156426483,0.05971017780950503,0.09886513916396095,-0.02426818584619598,-0.052163701481431825,-0.056887820975411556,0
2025-01-06,5975.3798828125,4940120000.0,16.040000915527344,2647.39990234375,169923.0,86.21350860595703,3894600.0,157.4810028076172,0.005538045085450305,-0.005579556721748813,-0.0027498583502449936,-0.0009743441852931856,-0.0007562390937310148,5940.485630580357,5999.121647135416,16.504285676138743,15.723666826883951,2645.142822265625,2659.956648763021,86.31495993477958,87.26667709350586,157.4729984828404,153.98536682128906,0.1305784060639864,2.501305533662463,0.17518673216071623,0.05963709200423366,0.09886602243372478,-0.018864539068104036,-0.054770117041578435,-0.05780673684312336,0
2025-01-07,5909.02978515625,4517330000.0,17.81999969482422,2665.39990234375,161617.0,85.82102966308594,5524400.0,157.7429962158203,-0.01110391288210788,0.11097248614080613,0.00679912391930837,-0.004552406568498868,-0.001663650875548317,5922.119907924107,5997.798974609375,16.945714269365585,15.755333455403646,2646.7856794084823,2659.6399820963543,86.25088065011161,87.23220825195312,157.56014142717635,154.06696675618488,0.1337862396436213,2.5180450831977743,0.1744305319929729,0.06092198413107869,0.09847999457433888,-0.02975898175183857,-0.04834338193511079,-0.062095983643114125,0
2025-01-08,5918.25,4441740000.0,17.700000762939453,2672.39990234375,197370.0,85.97053527832031,6402900.0,158.23599243164062,0.001560360190925314,-0.006733946910202238,0.0026262475637688354,0.001742062706789893,-0.00312531286743023,5914.607073102678,5996.095979817708,17.19571440560477,15.837333488464356,2652.5713936941966,2658.3133138020835,86.24019840785435,87.2008649190267,157.6298544747489,154.20089975992838,0.13344700893350375,2.497946178069634,0.16955057109457913,0.061167202793918615,0.09613274121478116,-0.02824505629136126,-0.045844096060373374,-0.06046209603367029,0
2025-01-10,5827.0400390625,4751930000.0,19.540000915527344,2715.0,298408.0,85.34444427490234,8210900.0,158.04800415039062,-0.01541164380306681,0.1039548063998117,0.015940764561055643,-0.007282623068369465,0.001188024787288633,5903.192801339285,5990.751643880209,17.501428876604354,16.00200017293294,2666.414236886161,2661.52998046875,86.06798989432198,87.1173917134603,157.65485491071428,154.33096669514973,0.14004866903681115,2.505141153296283,0.14222947702727995,0.05462872885246848,0.09624289243509485,-0.043221397347668014,-0.030634121441130494,-0.06730439644670301,1
2025-01-13,5836.22021484375,4421200000.0,19.190000534057617,2678.60009765625,211094.0,85.1949462890625,5094300.0,157.88699340820312,0.0015754440882007614,-0.017911994118260277,-0.013406962189226546,-0.00175170143891612,0.001018745811141586,5896.705705915178,5984.571321614583,17.764286041259766,16.171666844685873,2671.7856794084823,2663.439982096354,85.8971187046596,87.03512547810872,157.78228323800224,154.44793294270832,0.13886419682209808,2.5025576762988067,0.14843846536298455,0.05457217029928957,0.0963718077609181,-0.04171404615440244,-0.043630373122495604,-0.06893820067751806,0
2025-01-14,5842.91015625,4142280000.0,18.709999084472656,2682.300048828125,179414.0,85.22296905517578,4365500.0,157.36399841308594,0.0011462798112440442,-0.025013102460996528,0.0013813003199367735,0.00032892521603566927,0.0033124640847712605,5893.042898995535,5979.376985677083,17.875714438302175,16.325333468119304,2673.6856863839284,2664.8533203125,85.72357504708427,86.94203211466471,157.73156956263952,154.59309946695964,0.1387386732179451,2.5053228641103575,0.14723926130112497,0.05266483238477867,0.09282516481523559,-0.04061558231211045,-0.04230933945091198,-0.06863195097403331,0
2025-01-15,5949.91015625,4544570000.0,16.1200008392334,2717.800048828125,193720.0,86.12005615234375,7846600.0,158.0500030517578,0.018312792279639112,-0.13842856076827315,0.013234910097216668,0.01052635348326314,-0.00435934931489923,5894.105747767857,5976.627994791666,17.874286106654576,16.412333488464355,2682.6999860491073,2666.879988606771,85.69821275983539,86.86646118164063,157.8298557826451,154.82229970296223,0.14841822792102313,2.5410665191471846,0.15085222342237056,0.0607234145286247,0.08475684836554469,-0.023046574754669594,-0.029634389657600797,-0.058828041666968915,0
2025-01-16,5937.33984375,4285810000.0,16.600000381469727,2750.89990234375,186543.0,86.32563018798828,7550900.0,156.2550048828125,-0.0021126894641922966,0.029776644990494594,0.012178914166219634,0.0023870634185476636,0.011357153649389606,5888.671456473215,5972.967659505209,17.95428603036063,16.521000162760416,2697.4857003348216,2669.9599853515624,85.71423012869698,86.79799067179361,157.6547132219587,155.0342000325521,0.1482418268782784,2.539933267923846,0.1544096836497073,0.061415772674533284,0.08808468928041946,-0.02511057396319196,-0.017816390179389487,-0.05658140451466926,0
2025-01-17,5996.66015625,4366830000.0,15.970000267028809,2748.699951171875,156868.0,86.39104461669922,3912800.0,155.3560028076172,0.009991058969353706,-0.03795181325081021,-0.0007997205459931989,0.0007577636973918889,0.005753428991727594,5901.190080915178,5971.193668619791,17.69000039781843,16.61000016530355,2709.3857073102677,2672.6533203125,85.79566083635602,86.74008382161459,157.31371416364397,155.22913360595703,0.15135765800499978,2.5443559817248302,0.15434744946911705,0.061248498802074974,0.08978616571242254,-0.015370396219058752,-0.018601862592100803,-0.05586651615156601,0
2025-01-21,6049.240234375,4702920000.0,15.0600004196167,2759.199951171875,294121.0,86.68074035644531,4431300.0,155.24899291992188,0.008768227105582893,-0.05698183044435312,0.0038199876983748826,0.003353307521994031,0.0006888043317375692,5919.902971540178,5969.952001953125,17.312857491629465,16.663666852315266,2721.785714285714,2675.419986979167,85.8971187046596,86.68065668741862,156.88699994768416,155.41586659749348,0.15254076772719355,2.553123481638403,0.15444372321725955,0.060976161472418224,0.08996577865025028,-0.006736940238227391,-0.014852933779994677,-0.05270054623841068,0
2025-01-22,6086.3701171875,4323040000.0,15.100000381469728,2770.89990234375,158141.0,86.45646667480469,3656400.0,155.7740020751953,0.006137941522227575,0.0026560398896753323,0.0042403419030598855,-0.0025873530927214006,-0.0033817234199016166,5956.950125558035,5970.32734375,16.678571701049805,16.71566686630249,2729.771414620536,2679.5033203125,86.05597904750279,86.6140640258789,156.56214250837053,155.5894332885742,0.1535231003646463,2.5532463039529962,0.15079404611680067,0.061199886661533545,0.08900697871258052,-0.0006403496612207949,-0.01067557339442544,-0.055151544409833976,0
2025-01-23,6118.7099609375,4432250000.0,15.020000457763672,2765.0,194742.0,86.23218536376953,4860900.0,156.44000244140625,0.00531348622041139,-0.005298008058611026,-0.0021292369091931995,-0.002594153099949814,-0.004275426947620176,5997.305803571428,5971.275341796875,16.082857404436385,16.79066686630249,2742.1142578125,2683.016650390625,86.20415605817523,86.53068186442057,156.35542951311385,155.79720001220704,0.15412013716263046,2.5452493190120844,0.15093911607234944,0.060267973652647286,0.0887998197132151,0.0,-0.012782079478720374,-0.05760262595988604,0
2025-01-24,6101.240234375,4214250000.0,14.850000381469728,2778.89990234375,199562.0,86.40974426269531,4468700.0,156.15499877929688,-0.002855132319398823,-0.011318247078086596,0.005027089455244216,0.0020590791962045163,0.0018218080903963374,6034.210100446428,5972.888346354167,15.531429018293109,16.81266689300537,2755.914236886161,2686.119978841146,86.37369537353516,86.4634625752767,156.1827152797154,156.0013666788737,0.1532356927717135,2.529846166314761,0.14921309208134678,0.060388513399535715,0.08897975199405833,-0.002855132319398796,-0.00781924668043982,-0.05566215513244237,0
2025-01-27,6012.27978515625,5198750000.0,17.899999618530273,2738.39990234375,215514.0,86.97042846679688,4297100.0,155.74400329589844,-0.014580715690809543,0.20538714873478559,-0.014574112570892472,0.00648866871306808,0.002631971352894835,6043.120047433035,5972.134000651042,15.785714558192662,16.936666870117186,2758.8570731026784,2686.7866455078124,86.49517713274274,86.42021128336589,155.85328674316406,156.1458999633789,0.15898391760793856,2.591200235124783,0.1522196411829847,0.06383187903030502,0.08649439249124359,-0.017394218137599535,-0.022279400669992015,-0.04953465970388413,0
2025-01-28,6067.7001953125,4473640000.0,16.40999984741211,2767.5,171359.0,86.97976684570312,3906600.0,154.90899658203125,0.009217869449967608,-0.08324021245093771,0.010626679336112943,0.00010737418535100574,0.005361405230355887,6061.742954799107,5971.584342447916,15.75857162475586,17.03100020090739,2761.228515625,2687.1466471354165,86.588625226702,86.385964457194,155.66099984305245,156.24929962158203,0.15948633039464172,2.602177376981855,0.14980346213817256,0.0634183171317839,0.08823288954344205,-0.008336686319608514,-0.011889477380599868,-0.04943260426226548,0
2025-01-29,6039.31005859375,4115310000.0,16.559999465942383,2769.800048828125,125692.0,86.8769760131836,4918400.0,155.5590057373047,-0.004678895760321544,0.009140744663317601,0.0008310926208221492,-0.0011817786624086501,-0.0041960710456814265,6067.835797991072,5971.186344401041,15.842857224600655,17.119000180562338,2764.2428152901784,2689.1599853515627,86.65804399762835,86.35946884155274,155.69000026157923,156.3597666422526,0.15928524312301554,2.6021421344639406,0.14050212396579556,0.06263695385902328,0.08859742698400139,-0.012976575593654133,-0.011068266016694275,-0.05055596452772969,0
2025-01-30,6071.169921875,4634620000.0,15.84000015258789,2823.0,40141.0,87.0638656616211,4365600.0,155.1699981689453,0.005275414405311762,-0.04347822080763086,0.019207145004702886,0.0021511988217584044,0.0025007074744120006,6070.968610491072,5971.855680338542,15.954285757882255,17.186666838328044,2773.357107979911,2694.066650390625,86.71277618408203,86.35286254882813,155.678715297154,156.44586639404298,0.16002197369118448,2.6070390196126803,0.1445549507537812,0.06160660865468609,0.08896035329930121,-0.007769618002160701,0.0,-0.04851352163729613,0
2025-01-31,6040.52978515625,4843770000.0,16.43000030517578,2812.5,165676.0,86.92369842529297,6277400.0,154.0970001220703,-0.005046825754019935,0.03724748402174094,-0.0037194473963868546,-0.001609935824270603,0.0069149839500980415,6064.419991629465,5970.737337239583,16.14428574698312,17.244666862487794,2779.299979073661,2698.816650390625,86.77952357700893,86.34065195719401,155.43914358956474,156.4673329671224,0.16032725450796625,2.60386458295707,0.14499686044176263,0.061754567983912115,0.0901633106034355,-0.012777231847948442,-0.0037194473963868225,-0.0500453538051213,0
2025-02-03,5994.56982421875,4797210000.0,18.6200008392334,2857.10009765625,181344.0,86.98554992675781,8294000.0,155.36300659179688,-0.007608597684666707,0.1332927871807601,0.015857812499999957,0.0007115608583774247,-0.008215646435191237,6046.685686383928,5968.8693359375,16.65857151576451,17.336333560943604,2792.4571358816966,2705.3199869791665,86.88714708600726,86.33050308227538,155.28528703962053,156.50989990234376,0.16144747687377897,2.6200470294582425,0.14982222168952103,0.06180228782822057,0.09247815736891006,-0.02028861271596038,0.0,-0.049369403261655224,0
2025-02-04,6037.8798828125,4410160000.0,17.209999084472656,2875.800048828125,145862.0,87.20117950439453,6742300.0,155.27699279785156,0.007224881828679752,-0.07572511768043466,0.0065450808626603685,0.00247891262190425,0.0005536311109844982,6037.634207589285,5974.393326822917,16.99571418762207,16.98933350245158,2806.3000139508927,2712.7366536458335,87.00020926339286,86.35003178914388,155.15985761369978,156.56673278808594,0.13687840682702282,1.4774912929985398,0.14929278635733514,0.05781825397352917,0.09187951319082578,-0.013210313716621295,0.0,-0.04701287307663221,0
2025-02-05,6061.47998046875,4756250000.0,15.770000457763672,2893.0,167383.0,87.70740509033203,6576300.0,154.13299560546875,0.003908672930614365,-0.08367220821110855,0.005980927352332355,0.005805260763840803,0.007367461024133437,6044.662806919643,5980.873323567708,16.691428593226842,16.712000179290772,2828.3857421875,2722.2333170572915,87.1054916381836,86.39951705932617,154.9297136579241,156.5487325032552,0.13702324537700616,1.4525894335731646,0.137228730215207,0.05818005446079619,0.0922103312126053,-0.009353275581636051,0.0,-0.041480534300258616,0
2025-02-06,6083.56982421875,4847120000.0,15.5,2876.699951171875,167701.0,87.60427856445312,5268500.0,152.6060028076172,0.003644298722618622,-0.01712114457363567,-0.005634306542732448,-0.0011758018125458403,0.009906981901267709,6046.929896763393,5985.963981119791,16.56142861502511,16.616666825612388,2843.9857352120534,2729.9533121744794,87.19470759800502,86.43497467041016,154.60071454729353,156.38079935709635,0.13412720817213397,1.28246073639903,0.13583003061429197,0.05762586375315713,0.07650634076956286,-0.0057430629892719865,-0.0056343065427324574,-0.04260756322538886,0
2025-02-07,6025.990234375,4766900000.0,16.540000915527344,2887.60009765625,192551.0,87.31369018554688,4565300.0,151.1929931640625,-0.009464770111542897,0.06709683325982874,0.003789114843185004,-0.0033170569253927473,0.009259200932849265,6045.027064732143,5987.694661458333,16.558571679251536,16.60866683324178,2860.8143136160716,2738.5999837239583,87.25709533691406,86.47351710001628,153.97699846540178,156.20279897054036,0.1359510343588722,1.2725486663962615,0.13299610819632,0.05690074291184639,0.07825626178870904,-0.01515347632988533,-0.0018665407340995505,-0.04578328843811067,0
2025-02-10,6066.43994140625,4458760000.0,15.8100004196167,2934.39990234375,167232.0,87.29492950439453,3229100.0,151.8459930419922,0.006712541085862833,-0.04413545680190001,0.016207162731946667,-0.00021486528759095957,-0.004318982409595495,6044.351353236607,5988.574658203125,16.554286003112793,16.660000165303547,2876.728585379464,2748.5633138020835,87.29010445731026,86.50987599690755,153.50214059012276,156.02549896240234,0.13354225157189592,1.1974612062438974,0.1382384454716598,0.05693245103990922,0.07842235808185744,-0.008542653576480565,0.0,-0.045988316486264495,0
2025-02-11,6068.5,4324880000.0,16.020000457763672,2932.60009765625,218478.0,87.06993865966797,3379500.0,151.75900268554688,0.00033958278885926063,0.013282734508116123,-0.0006133467650617508,-0.0025773644128463946,0.0005728854262309069,6048.347098214285,5989.604996744792,16.495714596339635,16.703000195821126,2893.8857421875,2757.8533203125,87.31099591936383,86.53655446370443,153.1681409563337,155.84636586507162,0.13353133717949575,1.1951246077674071,0.13838793812415337,0.057580080944686376,0.07839153608081716,-0.008205971725747056,-0.0006133467650617315,-0.04844715224879249,0
2025-02-12,6051.97021484375,4627960000.0,15.890000343322754,2928.699951171875,204625.0,86.469970703125,7280200.0,152.73899841308594,-0.0027238667143857365,-0.008114863341212808,-0.0013299278300822337,-0.006890644070487673,-0.006457578859882629,6056.547154017857,5992.309342447917,16.105714525495255,16.701000213623047,2904.1142926897323,2767.7466552734377,87.23734174455915,86.55070978800455,152.79328264508928,155.6793991088867,0.12955017632141202,1.1728324381728799,0.1347133850194183,0.06072421374881838,0.08014569360930353,-0.010907486466889866,-0.0019424588882116448,-0.05500396423690503,0
2025-02-13,6115.06982421875,4763800000.0,15.100000381469728,2945.39990234375,169496.0,87.1167984008789,6121900.0,154.2550048828125,0.010426292122230674,-0.04971679954588526,0.005702172107181047,0.007480373735462953,-0.009925470806260606,6067.574288504465,5999.247005208334,15.804286139351982,16.624333572387695,2914.05712890625,2778.6566487630207,87.22528730119977,86.56960627237956,152.64728437151228,155.55879923502604,0.1281650293519806,1.151274404363922,0.13217903137210307,0.06220345395301136,0.08613043979565936,-0.0005949189848822746,0.0,-0.04793504071086618,0
2025-02-14,6114.6298828125,4335190000.0,14.770000457763672,2900.699951171875,228078.0,87.48241424560547,5157900.0,152.98899841308594,-7.194380749464546e-05,-0.021854299031079716,-0.015176190892213226,0.004196846663764298,0.008207231076154398,6075.167131696428,6007.013671875,15.661428996494838,16.538333574930828,2915.1571219308034,2787.3133138020835,87.19314575195312,86.60598526000976,152.48385620117188,155.42526601155598,0.1271800822328747,1.1526774381044862,0.14244894461457386,0.06291991933707625,0.08773888687796351,-0.0006668199916400117,-0.015176190892213245,-0.04393937006278661,0
2025-02-18,6129.580078125,4684980000.0,15.350000381469728,2949.0,218757.0,87.01370239257812,4484100.0,151.44400024414062,0.0024449877750611915,0.03926878170143766,0.016651170283438654,-0.005357783699378005,0.010098753406919236,6081.740025111607,6015.714680989583,15.640000479561943,16.452333577473958,2925.4857003348216,2796.6466471354165,87.10877772739956,86.6251828511556,152.31785583496094,155.21609954833986,0.12676657405112032,1.1543988240997154,0.14622030515699308,0.06511085885828884,0.0901135111481698,0.0,0.0,-0.04906173612148133,0
2025-02-19,6144.14990234375,4562330000.0,15.270000457763672,2936.10009765625,159341.0,87.15431213378906,4607000.0,151.93099975585938,0.0023769693899173827,-0.005211721284556492,-0.004374331076212323,0.001615949411927664,-0.0032157068681073486,6098.619977678572,6022.437337239583,15.45857184273856,16.423666954040527,2932.4142717633927,2806.026652018229,87.0860094342913,86.65374018351237,152.42328534807478,155.03506622314453,0.122365052314785,1.1167433648426401,0.1457370577224868,0.06498699510736793,0.09101857852035153,0.0,-0.004374331076212276,-0.0475250679931873,0
2025-02-20,6117.52001953125,4813690000.0,15.65999984741211,2956.10009765625,172197.0,87.33241271972656,7545400.0,151.22000122070312,-0.0043341850761716705,0.025540234312838583,0.006811756866179408,0.0020435085950090137,0.0046797463078552815,6105.917131696428,6027.175341796875,15.437143189566475,16.41100025177002,2935.5142996651784,2816.316658528646,87.09136417933873,86.69103698730468,152.3338579450335,154.82636617024738,0.12262795417414153,1.1189146449196696,0.14486039540179457,0.06504622829231513,0.0913899320364719,-0.004334185076171685,0.0,-0.045578677283100714,0
2025-02-21,6013.1298828125,5434560000.0,18.209999084472656,2953.199951171875,163686.0,87.84803771972656,6156500.0,149.4080047607422,-0.01706412670256352,0.1628352019097845,-0.0009810718137299723,0.005904165291468422,0.01198251848521259,6098.007114955357,6030.645345052083,15.750000136239189,16.424000231424966,2938.4571358816966,2825.9099934895835,87.20252118791852,86.75860392252604,151.9980010986328,154.54853312174478,0.12872607873299877,1.1718422417741043,0.14517958695959315,0.06513498137471381,0.09594323592313193,-0.021324352695443034,-0.000981071813729984,-0.03994361603607827,1
2025-02-24,5983.25,4990120000.0,18.979999542236328,2963.199951171875,162775.0,88.03549194335938,4109500.0,149.38699340820312,-0.00496910650440241,0.04228448635234905,0.0033861574445821496,0.002133846452334831,0.00014063070163283786,6088.18994140625,6032.81201171875,16.191428593226842,16.46666685740153,2943.3857073102677,2835.6033284505206,87.42616707938058,86.82743581136067,151.5191432407924,154.2535664876302,0.1296963828254239,1.1768136578170216,0.1451581852974361,0.06519479264675397,0.09495102531312084,-0.026187496220164332,0.0,-0.037895003127115474,0
2025-02-25,5955.25,5374690000.0,19.43000030517578,2918.800048828125,234850.0,88.72920989990234,7697100.0,149.86399841308594,-0.004679730915472358,0.023709208313628327,-0.01498376858645356,0.007879980462758063,-0.0031930825703103682,6065.358537946428,6037.085677083333,16.810000010899135,16.46300017038981,2939.5857282366073,2842.396663411458,87.65651157924107,86.94026133219401,150.89185660226005,153.98076629638672,0.12182031628089085,1.1405344341119248,0.14970662962236525,0.06365341888245164,0.0960784487384159,-0.030744676699976374,-0.014983768586453606,-0.030313634548635213,0
2025-02-26,5956.06005859375,4869580000.0,19.100000381469727,2930.60009765625,163371.0,88.97296905517578,7379800.0,149.0780029296875,0.00013602428004699796,-0.016984041097423352,0.0040427739587241,0.002747225581614332,0.005244725162289576,6042.705705915178,6041.080338541667,17.428571428571427,16.460000165303548,2943.857177734375,2850.796663411458,87.86944798060826,87.06619542439779,150.33314296177454,153.6871332804362,0.12180742773092902,1.1403953233288813,0.14198019218500735,0.06310922327356024,0.09657718397269478,-0.030612834442442748,-0.01100157061717436,-0.02764968735932462,0
2025-02-27,5861.56982421875,5057680000.0,21.1299991607666,2895.89990234375,207650.0,88.86982727050781,5907900.0,148.83799743652344,-0.015864553655509872,0.1062826564792283,-0.01184064497242443,-0.0011592485421499932,0.0016099323068961002,6004.418526785715,6041.702327473959,18.254285539899552,16.540666834513345,2936.2714494977677,2857.9166585286457,88.13460867745536,87.18775736490885,149.96085684640067,153.4029332478841,0.13091084000389114,1.1760582751032898,0.1483511318234153,0.063486234077591,0.09648589339585831,-0.04599172914339328,-0.022711949897781764,-0.02877688304171241,1
2025-02-28,5954.5,6441140000.0,19.6299991607666,2848.5,210560.0,89.35731506347656,11831500.0,150.01199340820312,0.01585414463498891,-0.07098911782188544,-0.01636793533691816,0.005485413980663045,-0.007887743666938007,5977.32568359375,6041.855322265625,18.8771424974714,16.657666778564455,2923.757149832589,2862.2733235677083,88.44932338169643,87.29566599527995,149.68671308244978,153.13499959309897,0.12810884090324703,1.1186214044732312,0.15458825657200245,0.05869316206174978,0.09896504815802193,-0.030866744034257054,-0.03870813750739767,-0.023449322177606317,0
2025-03-03,5849.72021484375,5613850000.0,22.780000686645508,2901.10009765625,177018.0,89.68167114257812,9637400.0,150.77099609375,-0.0175967394669998,0.16046875499488777,0.018465893507547904,0.003629877183207064,-0.00505961335692362,5939.068568638393,6038.93466796875,19.894285474504745,16.863666788736978,2915.9000069754466,2867.279996744792,88.78493172781808,87.40753402709962,149.62256949288505,152.95219930013022,0.13787587515425925,1.2009506590060957,0.15932371848890434,0.05901435425642107,0.09647923197404254,-0.04792032944829141,-0.020957024344936962,-0.019904563153933373,1
2025-03-04,5778.14990234375,6138110000.0,23.51000022888184,2920.60009765625,188515.0,89.39961242675781,12745500.0,149.30499267578125,-0.012234826602200433,0.032045633021612785,0.006721588136773926,-0.0031451099452851627,0.00972337820901037,5905.5,6031.650992838541,20.651428495134628,17.115000120798747,2911.2428850446427,2873.010001627604,89.00658525739398,87.50781962076823,149.60785348074776,152.75049896240233,0.13828508213355636,1.192134447490755,0.1597388529029792,0.06038202219076588,0.09877602708299317,-0.05956885912897169,-0.014376300694382022,-0.022987071059686507,0
2025-03-05,5842.6298828125,5285970000.0,21.93000030517578,2926.0,183016.0,88.90132141113281,15590000.0,149.7989959716797,0.011159277893187936,-0.06720544059225664,0.0018489016514391388,-0.005573749170705078,-0.003308685711342463,5885.411411830357,6024.763981119791,21.07285717555455,17.34400011698405,2905.9286063058034,2878.570003255208,89.13027518136161,87.58183898925782,149.66671098981584,152.56883239746094,0.1399464378448021,1.1978944449249314,0.1596536601517804,0.06303467606788388,0.09966805117298738,-0.04907432668858422,-0.012553979409038294,-0.028432696062135755,0
2025-03-06,5738.52001953125,5165080000.0,24.8700008392334,2926.60009765625,166364.0,88.85431671142578,9318900.0,148.8979949951172,-0.017819007085749905,0.1340629499838053,0.00020509147513680936,-0.0005287289205708756,0.006014733080940249,5854.449986049107,6013.168977864583,21.85000010899135,17.669666798909507,2907.042898995536,2883.760009765625,89.14814758300781,87.66176732381184,149.5287105015346,152.33963216145833,0.14623323168183697,1.2455187418840767,0.1595915613480613,0.062337374136747434,0.09965862119209466,-0.06601887799934182,-0.012351462648057426,-0.028946391794008763,1
2025-03-07,5770.2001953125,5705140000.0,23.3700008392334,2914.10009765625,237577.0,88.74150848388672,9210200.0,148.10800170898438,0.00552061780274804,-0.06031362884530711,-0.0042711677656303015,-0.0012695863489157189,0.0053056005633838055,5827.898577008928,6001.551985677083,22.46000017438616,17.948000144958495,2904.6857561383927,2888.730013020833,89.11508178710938,87.74541142781575,149.39013889857702,152.06189880371093,0.14632345198348465,1.265125840339705,0.16017796543275067,0.06180449152509551,0.0987107520445387,-0.06086272518979444,-0.016569875244567003,-0.030179228199052468,0
2025-03-10,5614.56005859375,6409370000.0,27.86000061035156,2899.39990234375,221609.0,89.36203002929688,7698500.0,147.60800170898438,-0.0269730913054258,0.19212664141544988,-0.005044505960630219,0.0069924610930276465,0.003375914833976701,5792.611467633928,5985.329313151042,23.4214289528983,18.38166681925456,2905.1857561383927,2892.7466796875,89.18539646693638,87.84382095336915,149.21442522321428,151.7769989013672,0.16337707068998844,1.3584540267433083,0.16107275286835218,0.06417269022454462,0.09881589902956488,-0.0861941606515789,-0.021530794370759086,-0.02339779418502435,1
2025-03-11,5572.06982421875,6221240000.0,26.920000076293945,2920.89990234375,194119.0,89.0423583984375,10408600.0,147.06900024414062,-0.007567865323653167,-0.0337401476476763,0.007415327558857987,-0.003577264647575351,0.0036515734824892343,5737.978585379465,5970.655647786459,24.46285765511649,18.682333501180015,2915.5285993303573,2898.830013020833,89.14040265764508,87.91288528442382,148.79399762834822,151.48783213297526,0.1601845279640537,1.2546567066716394,0.15451973915201922,0.06349426391525022,0.09892961284908672,-0.09310972017573564,-0.014275124704762613,-0.026891358730630414,1
2025-03-12,5599.2998046875,5219830000.0,24.229999542236328,2946.800048828125,209823.0,88.77910614013672,7610300.0,148.04200744628906,0.004886869929446425,-0.09992572535044164,0.008867180441066269,-0.002956483442664526,-0.0066159911370391455,5702.204241071428,5955.042301432291,24.670000348772323,18.943000157674152,2922.0571637834823,2904.806681315104,89.01146480015346,87.97286326090494,148.40414210728235,151.2589324951172,0.15791139432857912,1.2670619953067181,0.1537681203477057,0.06439622224884085,0.10133837445955857,-0.08867786533795526,-0.005534524370272154,-0.02976833831645708,0
2025-03-13,5521.52001953125,5018980000.0,24.65999984741211,2991.300048828125,256564.0,89.13636779785156,6902300.0,148.2790069580078,-0.013890984206835322,0.017746608060236646,0.015101126395629327,0.004024163716527029,-0.0016008936639468896,5665.542829241072,5937.782633463542,24.834286008562362,19.21300017038981,2932.157156808036,2912.1900146484377,88.97385842459542,88.04817632039388,148.257572719029,151.01626586914062,0.16117531397163526,1.2669016675130798,0.15821045580739806,0.06484685439405626,0.10034719821893359,-0.10133702671788515,0.0,-0.0258639672668844,0
2025-03-14,5638.93994140625,4863180000.0,21.770000457763672,3001.10009765625,181492.0,88.82612609863281,4390900.0,147.94900512695312,0.021265869083087807,-0.1171938121464231,0.003276183822470191,-0.003480528844548969,0.0022255465411104014,5636.444266183035,5923.374967447917,24.81142888750349,19.410666847229002,2942.8857421875,2918.1266845703126,88.96311623709542,88.10691833496094,147.99328831263952,150.77556610107422,0.1743747394683347,1.3142576536612505,0.15022902626319398,0.0659209365242254,0.10032835644136165,-0.08222617757824925,0.0,-0.02925447582732653,0
2025-03-17,5675.1201171875,5031770000.0,20.51000022888184,3006.10009765625,142155.0,88.90132141113281,6734000.0,148.59800720214844,0.006416130719105961,-0.05787782280144549,0.0016660557253338482,0.0008465449952923532,-0.0043866606243037065,5627.387137276785,5911.194645182291,24.188571657453263,19.546666844685873,2954.2428850446427,2924.5800211588544,88.96983119419643,88.1728391011556,147.95043291364397,150.59226633707684,0.17602008250344658,1.3283810048202562,0.14922851932611514,0.06556405285951857,0.10044119991814329,-0.0763376207630178,0.0,-0.028432696062135755,0
2025-03-18,5614.66015625,4666270000.0,21.700000762939453,3040.800048828125,177098.0,89.00474548339844,8993300.0,149.37899780273438,-0.010653512117636543,0.0580205032071075,0.011543178884471983,0.0011633580988894554,-0.005255727282557077,5605.167131696428,5898.530989583333,23.9500002179827,19.64933350880941,2972.3428780691966,2930.7033528645834,89.00743647984096,88.24014561971029,148.1320037841797,150.3927993774414,0.17707847185994516,1.2852175462270117,0.14630857709448447,0.06557432345715287,0.0983774868085808,-0.08617786911282399,0.0,-0.02730241537048335,0
2025-03-19,5675.2900390625,4660090000.0,19.89999961853028,3041.199951171875,145404.0,89.27739715576172,5854500.0,149.45199584960938,0.010798495567894584,-0.08294935857713526,0.00013151221301255234,0.0030633385993350526,-0.0004886767748395471,5613.842843191965,5886.444661458333,22.81285721915109,19.739000193277995,2992.600027901786,2936.2166829427083,88.99534606933594,88.30935287475586,148.3954315185547,150.1986328125,0.17900956095972234,1.2894786932827529,0.14580303653242277,0.06572810006279724,0.09849157986274222,-0.07630996488259482,0.0,-0.024322713314007836,0
2025-03-20,5662.89013671875,4678420000.0,19.799999237060547,3043.800048828125,141231.0,89.40901184082031,4409100.0,148.49000549316406,-0.0021848931523151816,-0.00502514489380268,0.0008549578120464751,0.0014742217991521311,0.006436784942058238,5626.817173549107,5873.158333333334,21.79571424211775,19.873333485921226,3010.1571916852677,2941.2433512369794,89.04772513253349,88.36607309977214,148.59843226841517,150.01053314208986,0.17813064272153845,1.2607591549894455,0.14531438234017308,0.06403490836839273,0.09802551737378105,-0.07832812891518458,0.0,-0.02288434858903766,0
2025-03-21,5667.56005859375,9367460000.0,19.280000686645508,3021.39990234375,190470.0,89.33380126953125,4919600.0,148.5959930419922,0.0008246534476661349,-0.02626255406322109,-0.007359270032536891,-0.0008411967623908057,-0.0007137689063727581,5636.568638392857,5859.291341145833,21.088571548461918,19.999333508809407,3020.8143136160716,2946.066682942708,89.12696729387555,88.42372385660808,148.67757306780135,149.87686614990236,0.17751263819355542,1.262779191683202,0.14615815424655249,0.06395936889940719,0.09462461002412402,-0.07756806902907754,-0.007359270032536843,-0.023706295111485982,0
2025-03-24,5767.56982421875,4517990000.0,17.479999542236328,3015.60009765625,202822.0,88.81671905517578,4823500.0,149.677001953125,0.017646000146633645,-0.09336105188294774,-0.0019195753210294875,-0.005788203423644389,-0.007274818714844589,5671.718610491072,5850.677327473958,20.06285721915109,20.030666796366372,3024.2857491629466,2950.333349609375,89.08130318777901,88.47382481892903,148.87728663853235,149.82633310953776,0.18522364298941857,1.2854325385480514,0.14637800937243353,0.06567256686800657,0.0940187565018181,-0.06129083503990513,-0.009264718680431092,-0.02935728167660415,0
2025-03-25,5776.64990234375,4467340000.0,17.149999618530273,3025.89990234375,172592.0,88.9671401977539,6825800.0,150.7740020751953,0.0015743334544251475,-0.018878714665219953,0.0034155074790935824,0.0016936129163325209,-0.007329116081666642,5691.391462053572,5841.017659505208,19.402857099260608,20.07533343633016,3027.8285784040177,2953.383349609375,89.10144805908203,88.52956517537434,149.2808576311384,149.7906000773112,0.18386317164168178,1.279130200508798,0.1397452620428968,0.06570544134739381,0.09569881814443189,-0.05981299379753305,-0.005880854917282305,-0.027713388631707508,0
2025-03-26,5712.2001953125,4183140000.0,18.32999992370605,3022.5,172002.0,88.76030731201172,8281700.0,149.9499969482422,-0.011156934922627149,0.06880468404796969,-0.0011236004010299894,-0.0023248233593037293,0.005465167174790286,5696.688616071428,5829.140999348959,19.09142848423549,20.15233341852824,3030.1714215959823,2956.3800130208333,89.08130318777901,88.58591079711914,149.4739990234375,149.7302998860677,0.18583675663030258,1.2920336880545427,0.13980621416183536,0.06560194760096098,0.09689912457129246,-0.07030259904083366,-0.006997847587368823,-0.029973783257754776,0
2025-03-27,5693.31005859375,4403460000.0,18.690000534057617,3061.0,124359.0,88.68508911132812,5085100.0,150.47300720214844,-0.003306980860763864,0.01963996791325573,0.012737799834574126,-0.0008474306022756561,-0.003487897729579581,5707.92431640625,5817.185660807291,18.661428451538086,20.2456667582194,3033.05712890625,2960.7900146484376,89.03563799176898,88.65974807739258,149.63028608049666,149.65476684570314,0.18586558062785896,1.2916068164620136,0.14362322792458723,0.06179386240464586,0.09544915849999014,-0.07337709055210753,0.0,-0.03079581315883187,0
2025-03-28,5580.93994140625,4513330000.0,21.64999961853028,3086.5,31206.0,89.39961242675781,6224500.0,150.8470001220703,-0.01973722070834405,0.1583734082339292,0.008330610911466918,0.00805685964336944,-0.002485448565664905,5694.445731026785,5799.381331380208,18.911428451538086,20.464000066121418,3039.528564453125,2965.4933512369794,89.05309731619698,88.73584187825521,149.82957240513392,149.54116668701172,0.18892151399510643,1.3495926271715455,0.14448878570335658,0.06235137545531201,0.0907192522174806,-0.09166605142928848,0.0,-0.022987071059686507,1
2025-03-31,5611.85009765625,5257250000.0,22.280000686645508,3122.800048828125,228393.0,89.6628646850586,13255800.0,149.61700439453125,0.005538521570653376,0.02909935700765587,0.011760910036651584,0.002944668899056424,0.008153928991254111,5687.154296875,5782.622005208334,19.265714372907365,20.714333407084148,3050.814278738839,2972.896687825521,89.08936200823102,88.80852355957032,149.9905722481864,149.42876688639322,0.19036453244336893,1.345427961184122,0.13826745082816957,0.061874606267588214,0.09068119289492395,-0.08663522426177277,0.0,-0.02011009147385984,0
2025-04-01,5633.06982421875,4434500000.0,21.770000457763672,3146.0,197314.0,89.97787475585938,18128800.0,149.91299438476562,0.0037812354559083605,-0.02289049430718948,0.007429214425874298,0.0035132724334345777,-0.001978317848510436,5682.227120535715,5766.071663411459,19.621428625924246,20.928333409627278,3068.6142926897323,2979.4633544921876,89.1813725062779,88.90732930501302,150.178715297154,149.3777333577474,0.19072268314715013,1.348604310209775,0.1325294836770141,0.05946245765090825,0.08649383596143138,-0.08318157698757368,0.0,-0.01666747127043433,0
2025-04-02,5670.97021484375,4243830000.0,21.51000022888184,3166.199951171875,223124.0,89.89299011230469,7635900.0,149.7830047607422,0.006728194715792668,-0.011943051144452821,0.00642083635469648,-0.000943394626568006,0.000867100444207014,5668.427176339285,5750.299007161459,20.19714300973075,21.136333401997884,3090.1285574776784,2987.133349609375,89.33512551443917,88.99861857096354,150.19385855538505,149.30613352457684,0.1921490826124261,1.3496249049039089,0.13157175094789422,0.059740474911715934,0.08584883310250156,-0.07701304411852007,0.0,-0.01759514189416734,0
2025-04-03,5396.52001953125,7210470000.0,30.020000457763672,3121.699951171875,382860.0,90.81727600097656,18188000.0,147.8719940185547,-0.04839563335990149,0.39562994599392476,-0.014054703015054293,0.0102820685741698,0.012758528547615167,5614.122907366072,5726.265673828125,22.035714558192662,21.6150000890096,3103.814278738839,2992.6533447265624,89.59943062918526,89.11478068033854,149.77928597586495,149.1945332845052,0.23357986987065718,1.7437785464601492,0.13936841442808118,0.06544413598818709,0.09225334535759513,-0.12168158243133176,-0.01405470301505426,-0.007493987775525721,1
2025-04-04,5074.080078125,8853500000.0,45.310001373291016,3035.39990234375,341150.0,91.07193756103516,27006500.0,146.2310028076172,-0.05974960534553109,0.5093271379872046,-0.027645209398080794,0.0028041092099686526,0.011097376631923894,5522.962890625,5694.964013671875,25.89000047956194,22.51833349863688,3105.6571219308034,2995.393343098958,89.9296635219029,89.22224400838216,149.2480010986328,149.08863321940103,0.28197116149562923,2.205921285697496,0.163433113791585,0.06415856256837661,0.0913463539016954,-0.17416076124877108,-0.041311367205256015,-0.004710892525697919,1
2025-04-07,5062.25,8691980000.0,46.97999954223633,2973.60009765625,328515.0,89.98731994628906,68670600.0,145.43299865722656,-0.0023314724921273955,0.03685716438600095,-0.020359691202395447,-0.011909460189305832,0.005457147493137859,5432.811453683035,5664.264013671875,29.931428909301758,23.451666831970215,3093.1714215959823,2995.7400146484374,90.11569649832589,89.28730494181315,148.5279998779297,148.9568333943685,0.2821169573827972,2.2059015048524726,0.1744949963831218,0.0744811385950589,0.09235738875031002,-0.17608618271683898,-0.060829971728203674,-0.016564248528012842,1
2025-04-08,4982.77001953125,7408140000.0,52.33000183105469,2990.199951171875,197577.0,89.53458404541016,19508000.0,147.78900146484375,-0.015700524562941354,0.11387829589075582,0.005582409527329801,-0.0050311077288348605,-0.016199919064930235,5347.358607700893,5631.848014322916,34.314286368233816,24.54833354949951,3079.4142717633927,2998.120011393229,90.13497815813336,89.31415074666342,148.09114292689733,148.88766682942708,0.2836762011487953,2.2160849761950927,0.1690654331918103,0.07311632102073558,0.10426459197358048,-0.18902206184284007,-0.05558714001459662,-0.021512019738056033,1
2025-04-09,5456.89990234375,9489600000.0,33.619998931884766,3079.39990234375,298325.0,89.25164031982422,24170800.0,145.84500122070312,0.09515387644904849,-0.35753873962348437,0.029830764707529767,-0.003160161278489171,0.013153889835320842,5325.222865513393,5615.209342447916,35.93428611755371,25.032333501180013,3073.2142508370534,3003.0800048828123,90.07623182024274,89.32343978881836,147.55228533063615,148.77990010579427,0.40750448119833993,2.4963468111871183,0.1886671163644688,0.07341025593784803,0.10980200631654294,-0.11185436731252948,-0.027414582201606863,-0.02460419956474688,1
2025-04-10,5268.0498046875,6677140000.0,40.720001220703125,3177.5,234973.0,88.6951675415039,12093800.0,147.3990020751953,-0.03460757958472693,0.21118389394369697,0.03185688795456065,-0.006234874522487721,-0.010655153357917113,5273.0771484375,5595.425341796875,38.64142908368792,25.685333569844563,3077.7142508370534,3012.4666748046875,89.89298793247768,89.31761779785157,147.1931435721261,148.73193359375,0.41633096005205766,2.542218335500231,0.20331254249509423,0.07561634817374119,0.11457634528630566,-0.1425909379785888,0.0,-0.030685669990222188,1
2025-04-11,5363.35986328125,5602550000.0,37.560001373291016,3244.60009765625,247317.0,88.1953125,55446600.0,143.7469940185547,0.018092095201708958,-0.07760313734483593,0.021117261260818143,-0.005635651359134131,0.02477634180167354,5229.1328125,5575.720670572917,40.934286390032085,26.283000310262043,3088.9142717633927,3025.6700113932293,89.6504625592913,89.27888437906901,146.3308563232422,148.52310028076172,0.4172716324281909,2.5446563397984026,0.20101281426697903,0.07540539129264133,0.13207131994382054,-0.1270786116016895,0.0,-0.036148387611569986,1
2025-04-14,5405.97021484375,5031440000.0,30.88999938964844,3226.300048828125,189619.0,88.90267944335938,12630900.0,143.6959991455078,0.007944712390868913,-0.17758258093104395,-0.005640155420492121,0.008020459628842236,0.00035475436126541915,5230.482840401785,5560.92900390625,41.05857195172991,26.55333360036214,3103.8571428571427,3036.510009765625,89.37694876534599,89.25291798909505,145.73428562709265,148.28726704915366,0.4161526042445235,2.586344152002885,0.19850879199234148,0.07846867929260402,0.1306997735106464,-0.12014350223102689,-0.005640155420492071,-0.028417854666214087,1
2025-04-15,5396.6298828125,4317110000.0,30.1200008392334,3240.39990234375,123474.0,89.16674041748047,7708100.0,143.2209930419922,-0.0017277808903947145,-0.024927114458703326,0.004370285869953916,0.002970225147030936,0.003305632072850062,5276.561383928572,5548.211669921875,38.888571875435964,26.77366695404053,3133.1428571428573,3047.1700032552085,89.10477774483817,89.2451555887858,145.30428423200334,148.08446706136067,0.4150856006949563,2.589731572510959,0.1983067512153112,0.07852932699135484,0.12852538631055196,-0.12166370147416174,-0.0012945186420767318,-0.025532036945737437,1
2025-04-16,5275.7001953125,4607750000.0,32.63999938964844,3346.39990234375,258376.0,89.55345916748047,8708400.0,143.18099975585938,-0.0224083715440897,0.08366528818726215,0.03271201184870143,0.004337029123071767,0.0002792417876972264,5307.054268973215,5529.314013671875,36.840000425066265,27.13066692352295,3186.399972098214,3061.1833333333334,89.0427976335798,89.2668935139974,144.9825701032366,147.8638671875,0.41726955727279785,2.582328774609597,0.21544647896216387,0.07774852664455274,0.12781301631980943,-0.14134578759218924,0.0,-0.021305741010470603,1
2025-04-17,5282.7001953125,4714880000.0,29.64999961853028,3328.39990234375,242065.0,89.29879760742188,6987000.0,141.92799377441406,0.0013268380955802073,-0.09160538685752595,-0.005378914811524194,-0.0028436820020802944,0.008751202908080291,5349.901436941965,5514.12001953125,33.60000010899135,27.290000216166177,3234.7142508370534,3074.57666015625,89.00911385672433,89.28170954386393,144.14528329031808,147.63153381347655,0.4150719705729487,2.582599737892754,0.2170323739511171,0.07823931443646698,0.12889933044601018,-0.14020649247223624,-0.00537891481152422,-0.024088836260298407,1
2025-04-21,5158.2001953125,4226340000.0,33.81999969482422,3425.300048828125,243457.0,88.81778717041016,4901300.0,141.92799377441406,-0.023567493023827546,0.1406408138261097,0.02911313223394263,-0.0053865275893898446,-0.0,5307.230050223215,5493.72001953125,33.62857164655413,27.63833351135254,3284.1285574776784,3091.616658528646,88.94713483537946,89.28425216674805,143.58571079799108,147.4255335489909,0.4187755345842463,2.595407978169866,0.22680665049220403,0.07979563860036624,0.1284778571195743,-0.16046966996282908,0.0,-0.02934560866857587,1
2025-04-22,5287.759765625,4666950000.0,30.56999969482422,3419.39990234375,423078.0,88.88380432128906,5233000.0,140.87600708007812,0.025117204723895226,-0.09609698490025054,-0.0017225196042004454,0.0007432874988457794,0.007412115583117496,5310.045758928572,5482.826676432292,32.17857142857143,27.728666814168296,3318.6856863839284,3108.949991861979,88.97408294677734,89.26831130981445,142.6538543701172,147.20113372802734,0.4205049290585852,2.567957618541836,0.22566605076284915,0.07707394889246069,0.12954865413481362,-0.1393830147913662,-0.0017225196042003905,-0.028624133393799513,1
2025-04-23,5375.85986328125,5371390000.0,28.450000762939453,3294.10009765625,377411.0,88.97811889648438,8041300.0,142.68800354003906,0.01666113847096007,-0.06934900075395489,-0.036643799574778035,0.001061099667318377,-0.01286234964716848,5311.831473214285,5476.286344401042,30.877142769949778,27.779666837056478,3325.7571149553573,3121.389998372396,89.0859124319894,89.26616999308268,142.50257001604353,147.0551005045573,0.4234018837302189,2.5758820544479293,0.2566119356807151,0.07646073777872069,0.13587700113760984,-0.12504415603034486,-0.03830319951583849,-0.027593406784902564,1
2025-04-24,5484.77001953125,4697710000.0,26.46999931335449,3348.60009765625,239603.0,89.45914459228516,7308900.0,143.22300720214844,0.020259113708281262,-0.06959583115949242,0.016544730999151103,0.005406112219122017,-0.003749464908304301,5323.088588169643,5472.468684895834,30.24571418762207,27.85433349609375,3343.2285505022323,3134.7833333333333,89.1654074532645,89.28883794148763,142.43499973842077,146.89446716308595,0.4275374028926383,2.5657332159771093,0.2587957859960789,0.0774975090612145,0.13473515333420244,-0.10731832609763844,-0.02239218464908376,-0.022336467619367556,1
2025-04-25,5525.2099609375,4236580000.0,24.84000015258789,3298.39990234375,241249.0,89.7986831665039,5341300.0,142.87899780273438,0.007373133469998461,-0.061579116095565656,-0.014991397553752672,0.0037954596566533993,0.0024019143720989122,5341.457170758928,5472.591682942709,29.49142837524414,27.860333506266276,3351.5142647879466,3145.0199951171876,89.25568498883929,89.31091512044271,142.38614327566964,146.71446685791017,0.42612166083307645,2.575208517494943,0.26264900899578336,0.07740391002635139,0.13454559501056032,-0.1007364649697347,-0.03704789206066502,-0.018625785124435516,0
2025-04-28,5528.75,4257880000.0,25.14999961853028,3347.699951171875,217995.0,90.1570816040039,4950500.0,143.84100341796875,0.0006407067039131409,0.012479849598957982,0.014946656041644246,0.003991132440499756,-0.0067330092597832625,5377.607142857143,5468.918684895833,28.421428407941544,27.973000144958498,3351.6999860491073,3156.5733235677085,89.3419167654855,89.35528030395508,142.48042951311385,146.57753346761066,0.4214989314215833,2.545893949467525,0.26477244152955226,0.07729687648629135,0.13644466493870283,-0.10016030079425622,-0.0226549781187195,-0.014708990659175598,1
2025-04-29,5560.830078125,4747150000.0,24.170000076293945,3333.60009765625,170152.0,90.46831512451172,5350200.0,142.17799377441406,0.005802410694099036,-0.03896618517299222,-0.004211803244400514,0.003452125057406441,0.011561443566424301,5417.339983258928,5465.109016927084,27.638571330479213,28.095000139872234,3352.44287109375,3167.489990234375,89.50899069649833,89.40751342773437,142.51614379882812,146.36353302001953,0.42141742600293963,2.5416847614981037,0.26572736778294176,0.07776371373299983,0.13888008273695482,-0.09493906130060996,-0.026771363052777723,-0.011307642876992926,0
2025-04-30,5569.06005859375,5449490000.0,24.700000762939453,3319.10009765625,207722.0,90.60980987548828,13923200.0,142.2989959716797,0.00147999135976562,0.021928038269446892,-0.004349651900416807,0.001564025490933707,-0.0008510613636707465,5476.034249441965,5463.589013671875,26.33571434020996,28.19500013987223,3337.2714494977677,3176.7666585286456,89.76499394008091,89.46101557413736,142.56914411272322,146.12753295898438,0.42030339053326377,2.538779912402375,0.2655852512342306,0.077797859293954,0.13761740540900144,-0.09359957893127346,-0.03100456884301522,-0.009761302827761182,0
2025-05-01,5604.14013671875,4935270000.0,24.600000381469727,3222.199951171875,214691.0,90.21521759033205,13703300.0,143.00900268554688,0.006299102138585644,-0.004048598315015806,-0.029194704478120448,-0.004354851706437346,-0.004989541275530085,5521.2314453125,5461.217350260416,25.482857295445033,28.351666831970213,3309.100027901786,3182.7999918619794,89.95519583565849,89.49227625528971,142.87385777064733,145.9127665201823,0.4195062105697407,2.522345179556694,0.28151652151515527,0.07872831640747376,0.13881856128466022,-0.0878900701005045,-0.059294104096292315,-0.014073645507922023,0
2025-05-02,5686.669921875,4854380000.0,22.68000030517578,3243.300048828125,210994.0,89.60961151123047,9331600.0,145.447998046875,0.01472657412963474,-0.07804878237889012,0.006548351429456201,-0.006712903823517191,-0.01705483791598117,5565.632882254465,5462.010009765625,24.65857151576451,28.447666867574057,3301.8428780691966,3189.449991861979,90.04540906633649,89.49896291097005,143.2681427001953,145.81136627197264,0.4216295276154462,2.5370932223948452,0.2817845373271608,0.08125695450065815,0.14785933899695283,-0.07445781560346362,-0.05313403129815341,-0.020692074302698274,0
2025-05-05,5650.3798828125,4358260000.0,23.63999938964844,3322.300048828125,184904.0,89.44873809814453,10089400.0,144.62399291992188,-0.006381597588933863,0.04232800139132187,0.024357906703249554,-0.0017952696186588346,0.0056652902619365175,5589.291434151785,5461.437337239583,24.25428581237793,28.593000157674155,3298.0857282366073,3199.4799967447916,90.0439224243164,89.50279413859049,143.4682835170201,145.67896626790363,0.4220947841005391,2.534942395756189,0.2873055318966566,0.08139862148811343,0.1485034091996409,-0.08036425337586511,-0.030070358372031876,-0.02245019606901449,0
2025-05-06,5606.91015625,4717260000.0,24.76000022888184,3422.800048828125,268098.0,89.67585754394531,6081200.0,143.6540069580078,-0.007693239651855532,0.04737736328892739,0.03025012747883782,0.002539101731670934,0.006706950501989994,5600.962890625,5456.082014973958,24.242857251848495,28.835666847229007,3315.857177734375,3213.053328450521,90.02637590680804,89.53143208821615,143.57899911063058,145.47819976806642,0.41939286589801367,2.5137882739118407,0.2971593826584452,0.07976526431069926,0.1473722741887967,-0.08743923156705768,-0.000729863067282327,-0.019968097669058715,0
2025-05-07,5631.27978515625,4987440000.0,23.549999237060547,3391.89990234375,304244.0,89.91240692138672,9471100.0,143.03500366210938,0.00434635623313584,-0.048869183385946036,-0.009027739290512815,0.00263782676765012,0.00430898733008811,5615.610002790178,5451.236344401042,24.014285768781388,29.049000167846682,3322.171456473214,3225.2533284505207,89.99142238071987,89.56294097900391,143.46385628836495,145.22023315429686,0.41959516060107177,2.5196277823981617,0.2996953048799419,0.07995193070578387,0.14527782273761444,-0.08347291738306391,-0.009751013344305988,-0.017382943283939,0
2025-05-08,5663.93994140625,5627400000.0,22.479999542236328,3306.0,327126.0,89.21219635009766,6409000.0,143.84800720214844,0.005799775094835535,-0.04543523267467309,-0.02532501100176765,-0.007787696884827944,-0.0056839481191584,5630.339983258928,5449.627669270833,23.772857121058873,29.187333488464358,3318.228585379464,3234.703328450521,89.81197684151786,89.5780039469401,143.70242963518416,145.01683349609374,0.41873576477930896,2.5229470186691283,0.31126539573193673,0.08305619232573051,0.14636602345238245,-0.07815726643555992,-0.03482907982585068,-0.025035267075505435,0
2025-05-09,5659.91015625,4645090000.0,21.89999961853028,3344.0,232464.0,89.27842712402344,3698700.0,146.01499938964844,-0.0007114809122162891,-0.02580070887529695,0.011494252873563315,0.000742395957452624,-0.015064457475971516,5643.318568638393,5448.514339192709,23.372856957571848,29.29433345794678,3321.785714285714,3244.1366617838544,89.6217793055943,89.59778188069662,144.23328726632255,144.86823323567708,0.41862257050173635,2.5261587287722262,0.3109542536309674,0.08301267754125684,0.1533643809609414,-0.07881313994455631,-0.02373516120315931,-0.024311457199123424,0
2025-05-12,5844.18994140625,6014580000.0,18.38999938964844,3228.0,308534.0,88.71067810058594,9483700.0,145.81199645996094,0.032558782749008364,-0.16027398584573116,-0.03468899521531099,-0.006359308085130078,0.0013902881932408295,5677.611397879465,5457.289339192708,22.485713958740234,29.18566678365072,3322.6142926897323,3248.8533284505206,89.40684509277344,89.57481740315755,144.6337149483817,144.70039978027344,0.4244481996127045,2.5396440483709717,0.32917408934766385,0.08171450582819567,0.1530194435192545,-0.04882041709676991,-0.057600807525059285,-0.030516161237925835,0
2025-05-13,5886.5498046875,5516290000.0,18.21999931335449,3247.800048828125,214423.0,88.64443969726562,13166800.0,148.30999755859375,0.0072482009835321826,-0.009244158887228848,0.006133844122715226,-0.0007466790327677053,-0.017131656923158323,5706.165666852678,5466.44599609375,21.84857095990862,29.050333404541018,3323.257149832589,3253.0199951171876,89.26896340506417,89.54086990356446,145.04257202148438,144.65683288574218,0.42460520227808607,2.5390546518579065,0.3280822859970325,0.08116089663845827,0.16024858479004625,-0.041926076308454935,-0.051820277777045225,-0.031240054492936622,0
2025-05-14,5892.580078125,5233450000.0,18.6200008392334,3188.300048828125,233929.0,88.3132553100586,6994700.0,147.5279998779297,0.001024415597859818,0.02195398139152105,-0.018320093326394504,-0.0037360988273835716,0.005272723980425664,5740.765694754465,5475.096337890625,21.13142830984933,28.945333417256677,3304.1142926897323,3254.429996744792,89.10675157819476,89.48538258870443,145.45743015834265,144.57733306884765,0.4245762423199269,2.5381317504793484,0.3325073439716868,0.0808673848472393,0.160752342775647,-0.04094461043712265,-0.0691910187783646,-0.03485943738936177,0
2025-05-15,5916.93017578125,4991290000.0,17.829999923706055,3226.60009765625,253064.0,88.89047241210938,9024900.0,146.64999389648438,0.004132332074135769,-0.0424275445714678,0.012012686460360689,0.006536018857239867,0.005951453162598375,5785.054268973215,5483.295003255208,20.14142826625279,28.822666740417485,3276.0857282366073,3256.4433349609376,88.9945537022182,89.45196533203125,145.88542829241072,144.4728993733724,0.4243833451590792,2.541570290538726,0.33374224606577313,0.08346297692686155,0.1615309185190097,-0.036981475089959095,-0.05800950233246132,-0.028551260472251552,0
2025-05-16,5958.3798828125,4850850000.0,17.239999771118164,3187.199951171875,245486.0,88.91885375976562,6819200.0,145.61300659179688,0.007005272294898557,-0.03309030595134499,-0.012211041124369437,0.0003192844731960687,0.007071171823024303,5831.782854352678,5502.023665364583,19.239999771118164,28.3966667175293,3246.8428780691966,3258.626668294271,88.85261753627232,89.38868459065755,146.25371442522322,144.39759979248046,0.3969817507555067,2.25721716005315,0.3330691588532962,0.0771824126668303,0.15864279664024242,-0.03023526809793265,-0.0695121870382449,-0.02824109197321445,0
2025-05-19,5963.60009765625,4144010000.0,18.13999938964844,3233.5,185135.0,88.87152862548828,11704900.0,145.29800415039062,0.0008761131291423752,0.052204154900165944,0.014526872972340898,-0.0005322283438921049,0.0021632850579709206,5874.591448102678,5531.674332682292,18.619999749319895,27.490999984741215,3236.4857352120534,3265.2300048828124,88.80395071847099,89.31533762613932,146.46085684640067,144.3664998372396,0.3488800837597509,1.6529797307497451,0.32395834283111913,0.07647144912783599,0.15552201709935637,-0.02938564448413399,-0.055995108777038165,-0.02875828960749594,0
2025-05-20,5940.4599609375,4416850000.0,18.09000015258789,3284.60009765625,224088.0,88.75799560546875,8929600.0,144.97500610351562,-0.0038802294486252054,-0.0027562976153726604,0.015803339309184983,-0.0012774959739689784,0.0022230040169077814,5914.669991629465,5560.947998046875,18.075714111328125,26.528000005086266,3228.0000348772323,3275.596671549479,88.72960335867745,89.27436014811198,146.31228637695312,144.35123341878256,0.3492157073882998,1.6442177510535851,0.3188822773175884,0.06888633074227662,0.15484705979369007,-0.03315185088966504,-0.04107667917151134,-0.02999904698227312,0
2025-05-21,5844.60986328125,5254250000.0,20.8700008392334,3313.5,229503.0,88.14292907714844,11383500.0,144.3280029296875,-0.01613513066101424,0.1536761007847649,0.008798606066038772,-0.006929702773531443,0.004462860124773149,5914.72998046875,5589.675992838542,18.430000032697404,25.47933330535889,3240.2143205915177,3286.37333984375,88.64849635532924,89.22797164916992,146.10028730119978,144.23586680094402,0.3494479633276287,1.6772624582021314,0.3191994188720414,0.07019108463001132,0.1473950052101311,-0.04875207210492005,-0.032639490624003696,-0.03672086527672825,1
2025-05-22,5842.009765625,5157050000.0,20.280000686645508,3295.0,234658.0,88.47411346435547,10981200.0,143.7550048828125,-0.00044487103794299543,-0.02827025054444432,-0.005583220159951718,0.0037573562698054452,0.003970109994206328,5908.367117745535,5602.51298828125,18.72428594316755,25.03466669718425,3246.9571707589284,3293.560009765625,88.62416403634208,89.20205408732096,145.44957406180245,144.16620025634765,0.2236629956993278,1.3478383836984063,0.31031189359710154,0.07078452858021081,0.14301631693624692,-0.0491752547579439,-0.03804047732189292,-0.0331014823803031,0
2025-05-23,5802.81982421875,4662820000.0,22.290000915527344,3365.800048828125,247200.0,88.72959899902344,9860700.0,143.85800170898438,-0.006708297825321674,0.09911243396581493,0.02148711648805013,0.00288768685736418,-0.0007164747151295892,5895.544224330357,5620.338655598958,19.2485716683524,24.42033335367839,3272.3143136160716,3299.836678059896,88.6836417061942,89.20320180257161,144.925288609096,144.04816691080728,0.196553302397385,1.2186040722411122,0.3031432556792146,0.06903416261973434,0.13916412219787427,-0.05555367032871319,-0.017370741001319384,-0.03030938223856777,0
2025-05-27,5921.5400390625,5366380000.0,18.959999084472656,3300.39990234375,297309.0,89.0986328125,10834400.0,142.65499877929688,0.0204590558452733,-0.14939442325168273,-0.0194307877876303,0.004159083526125595,0.008362433200769015,5896.202776227678,5638.944661458333,19.410000119890487,23.800333277384443,3282.8571428571427,3301.696671549479,88.71337890625,89.23331247965494,144.35457502092635,144.0117670694987,0.19821371036589802,1.2664495242503357,0.30381498965609555,0.06788588040612287,0.12158337957062719,-0.036231190127105,-0.03646400160683916,-0.02627635796479771,0
2025-05-28,5888.5498046875,4665050000.0,19.309999465942383,3294.89990234375,127758.0,88.85262298583984,8591500.0,144.177001953125,-0.005571225417268844,0.018459936622906348,-0.0016664647202583316,-0.0027610954163332924,-0.010669119111506475,5886.22705078125,5655.030647786459,19.70571436200823,23.414333279927575,3298.242850167411,3303.983333333333,88.70391736711774,89.23164393107096,144.14943150111608,144.02780049641927,0.1993768529610255,1.1780437252249656,0.30330703528271274,0.06440029561794454,0.12561311518085536,-0.04160056341703979,-0.03806970035486028,-0.02896490184959646,0
2025-05-29,5912.169921875,4569750000.0,19.18000030517578,3317.10009765625,24370.0,89.22163391113281,9679100.0,145.69700622558594,0.004011194261904327,-0.0067322198012426115,0.00673774499088986,0.004153067325336934,-0.010542626437433533,5878.8798828125,5672.215315755208,19.85428592136928,23.049666595458987,3310.185721261161,3306.540006510417,88.75393240792411,89.23347371419271,144.20643179757255,144.11033426920574,0.19890501124724766,1.1776050647733758,0.3036213250592743,0.06496484990638156,0.12868535174818896,-0.03775623709640594,-0.031588459296841086,-0.024932127711712722,0
2025-05-30,5911.68994140625,6378540000.0,18.56999969482422,3288.89990234375,184770.0,89.48661041259766,10268600.0,143.7790069580078,-8.118516130162234e-05,-0.03180399377715093,-0.008501460457109866,0.0029698682914591767,0.013164301156665115,5874.769880022322,5693.414973958334,19.9228572845459,22.580666605631514,3310.799979073661,3304.62333984375,88.85802023751395,89.23124542236329,144.03557477678572,144.13026784261066,0.18396803152710126,1.142914857813016,0.2893252499055693,0.06429434828022494,0.13472980935687032,-0.03783435701150874,-0.039821371716337865,-0.022036304555783263,0
2025-06-02,5935.93994140625,4832240000.0,18.36000061035156,3397.199951171875,180995.0,89.18282318115234,13341900.0,143.81500244140625,0.0041020419271569075,-0.011308513081515592,0.032928958631713856,-0.003394778615981031,-0.0002503528446886616,5887.817034040178,5715.189632161459,19.564285823277064,22.20433330535889,3322.7571149553573,3306.9166748046873,89.00657653808594,89.2273796081543,143.96228899274553,144.19316813151042,0.18381097913078331,1.1202930880075022,0.304519592604181,0.06452431991959232,0.13204752144235707,-0.0338875132031001,-0.008203689386529421,-0.02535627479628308,0
2025-06-03,5970.3701171875,5026680000.0,17.690000534057617,3377.10009765625,168220.0,89.09736633300781,8508900.0,142.45199584960938,0.005800290454605506,-0.03649237766997615,-0.00591659419655044,-0.0009582209342144932,0.009477499347484208,5906.154227120535,5742.261962890625,19.194285801478795,21.66666666666667,3334.4857003348216,3305.310009765625,89.09561266217914,89.23669891357422,143.7761448451451,144.21063486735025,0.16426281047324306,1.0219166071165133,0.29298411482146947,0.06258016820083515,0.1351631716077024,-0.02828378016785689,-0.014071745682065233,-0.026290198817174096,0
2025-06-04,5970.81005859375,4767050000.0,17.610000610351562,3399.199951171875,167220.0,89.75241088867188,10115900.0,143.83700561523438,7.36874595066439e-05,-0.004522324550077617,0.006544032713440284,0.007352008062907034,-0.009722642054711406,5930.15283203125,5765.030305989583,18.525714329310826,21.23466669718425,3339.2571149553573,3304.636678059896,89.24172864641461,89.26565246582031,143.7731454031808,144.30933481852213,0.15319085173009236,0.9962875893005848,0.2936160233168044,0.06599714102363673,0.1359451518772019,-0.02821217686825605,-0.007619798932703561,-0.019131476507946277,0
2025-06-05,5939.2998046875,5091850000.0,18.479999542236328,3375.10009765625,224859.0,89.48661041259766,8762800.0,142.73199462890625,-0.005277383403094138,0.04940368550432428,-0.007089860514771007,-0.0029614856408026746,0.007682383136395687,5932.68994140625,5783.811637369791,18.457142966134207,20.90233332316081,3349.9285714285716,3307.336678059896,89.29715401785714,89.28260218302408,143.78414481026786,144.31080118815103,0.1507381889961714,1.0007635405725128,0.27339019868506714,0.06663793083898734,0.13302003176000868,-0.03334067379738046,-0.014655636135891095,-0.022036304555783263,0
2025-06-06,6000.35986328125,4355710000.0,16.770000457763672,3346.60009765625,185366.0,88.77458953857422,7624200.0,143.54200744628906,0.010280683010067904,-0.0925324202830431,-0.008444194001769323,-0.007956730853258431,-0.005675061288737515,5948.662806919643,5800.997965494792,18.09428596496582,20.579000027974452,3357.3143136160716,3307.270011393229,89.28600638253349,89.25978368123373,143.6934313092913,144.3214345296224,0.14363041970037554,1.0142861502135279,0.2705853847653986,0.06878344568460104,0.13360193603466242,-0.02340275568596557,-0.022976075102909624,-0.029817698464690942,0
2025-06-09,6005.8798828125,4642360000.0,17.15999984741211,3354.89990234375,142005.0,88.93597412109375,6061200.0,144.6909942626953,0.0009199480792858594,0.0232557769232431,0.0024800706523950833,0.001817914150415767,-0.008004533563710892,5962.049944196428,5817.020296223958,17.805714470999582,20.323000017801924,3362.714285714286,3309.1533447265624,89.24519784109933,89.23102671305338,143.54971531459265,144.3818344116211,0.143155049077875,1.0088302809265155,0.266818170368672,0.06800795215888741,0.135296565204353,-0.022504336926822938,-0.02055298674008443,-0.028053990330246907,0
2025-06-10,6038.81005859375,4882880000.0,16.950000762939453,3343.39990234375,158897.0,89.0878677368164,5579900.0,144.5399932861328,0.00548298940767844,-0.012237708994171426,-0.003427822091492505,0.0017078984879148607,0.001043610055566746,5980.2099609375,5834.022298177083,17.5742860521589,20.049666722615562,3370.5,3309.010009765625,89.188234601702,89.1953862508138,143.65842764718192,144.40513407389324,0.1432014044260401,1.0065294743501862,0.26358952230513605,0.0670677673352865,0.13403243346049126,-0.01714473856014109,-0.023910356849583134,-0.026394005209996997,0
2025-06-11,6022.240234375,5111550000.0,17.260000228881836,3343.699951171875,201534.0,89.45812225341797,6594900.0,144.83799743652344,-0.002743888954607865,0.01828905321468688,8.974362531821711e-05,0.00415605992159751,-0.0020617418308626068,5992.53857421875,5849.40263671875,17.41714314052037,19.819333394368492,3362.8571428571427,3309.346671549479,89.2275630405971,89.16171315511068,143.8045697893415,144.4938008626302,0.14388077828165022,1.0064268381768906,0.2632740665714347,0.0674480490015576,0.12938299759810024,-0.0198415842559841,-0.02382275902637122,-0.022347640355623193,0
2025-06-12,6045.259765625,4669500000.0,18.020000457763672,3402.39990234375,230166.0,89.84737396240234,7795400.0,144.2030029296875,0.0038224199557175265,0.04403245763636199,0.017555388350950052,0.0043512170743054135,0.004384170715383107,6003.237095424107,5865.275960286458,17.46428598676409,19.5966667175293,3366.4714006696427,3312.123331705729,89.33470698765346,89.13629862467448,144.0547136579241,144.55726776123046,0.1438683598322486,1.014370958741246,0.2675796933540948,0.06861457054777886,0.1301994470916548,-0.016095007167879698,-0.006685588461720214,-0.018093662715603583,0
2025-06-13,5976.97021484375,5258910000.0,20.81999969482422,3452.800048828125,270627.0,89.51507568359375,9195200.0,143.19400024414062,-0.011296379879250695,0.15538286159444614,0.014813116603270782,-0.0036984751379338654,0.00699709898578782,6004.117117745535,5877.703629557292,17.9228572845459,19.470666694641118,3374.1285574776784,3319.8100016276044,89.30080195835659,89.11296056111654,143.96285574776786,144.5634343465169,0.14907050936369495,1.1201028052321536,0.2545602062758954,0.06830088146752304,0.13121909697131595,-0.027209571732002755,0.0,-0.021725218891829653,0
2025-06-16,6033.10986328125,5111710000.0,19.11000061035156,3417.300048828125,192505.0,89.25875854492188,7508400.0,144.09100341796875,0.009392659896159117,-0.08213252207192678,-0.010281510512619607,-0.0028633963241886384,-0.0062642511019928016,6017.5185546875,5889.251627604167,18.01285743713379,19.351666704813642,3380.1571219308034,3325.610001627604,89.26825169154576,89.10126546223958,144.15699986049108,144.51820119222006,0.14594178492390258,1.1225363602136798,0.25685764447147386,0.06600875271194344,0.12252521164766232,-0.01807248208904256,-0.010281510512619647,-0.024526407304101286,0
2025-06-17,5982.72021484375,4955700000.0,21.600000381469727,3406.89990234375,209083.0,89.69546508789062,5285000.0,144.72900390625,-0.008352184790166306,0.13029825701676723,-0.0030433811300654146,0.004892590375307204,-0.004427760742498066,6014.998604910715,5900.329638671875,18.702857426234655,19.28366673787435,3388.7713797433034,3328.429996744792,89.3998053414481,89.10948969523112,144.32657078334265,144.52170155843098,0.14703449065158283,1.1810138687278555,0.24814052731437036,0.06736785147646263,0.12216441864272753,-0.02627372216918421,-0.013293601087602348,-0.01975381459311104,0
2025-06-18,5980.8701171875,5106470000.0,20.13999938964844,3408.10009765625,0.0,89.75241088867188,6732400.0,145.37600708007812,-0.0003092402101070313,-0.06759263731651577,0.00035228370275119936,0.0006348793746200343,-0.004470445842681414,6011.42578125,5912.794970703125,19.12857164655413,19.1296667098999,3396.371407645089,3327.9399983723956,89.51643916538784,89.11204147338867,144.42442975725447,144.5791015625,0.14436026610309813,1.1876460814076033,0.23208034424293442,0.06699391141925969,0.12108049017163468,-0.026574837487927373,-0.012946000503865289,-0.019131476507946277,0
2025-06-20,5967.83984375,7451500000.0,20.6200008392334,3385.699951171875,280833.0,89.80939483642578,6261700.0,145.21800231933594,-0.002178658486505891,0.02383324052292024,-0.006572619888652764,0.000634901583029146,0.0010868695867753964,6001.287179129465,5924.013639322917,19.65285737173898,19.032000096639,3402.4142717633927,3327.733333333333,89.61951446533203,89.10860773722331,144.5212881905692,144.65186818440756,0.1447531118489872,1.1825454663598087,0.23136211204878565,0.06656839490147973,0.12034359756112017,-0.028695598479212672,-0.019433531252127868,-0.01850872152963764,0
2025-06-23,6025.169921875,5597000000.0,19.82999992370605,3395.0,193872.0,90.12267303466795,9310300.0,146.2239990234375,0.009606504133156335,-0.03831236097838675,0.002746861494594688,0.0034882564214218093,-0.006927493065834733,6001.705705915178,5936.054638671875,20.020000185285294,18.94366677602132,3409.742850167411,3330.7,89.71445029122489,89.13895696004232,144.7192884172712,144.73106791178387,0.1460415024972771,1.1804366452488204,0.21856843828358374,0.06307984380248066,0.12085900553858558,-0.019364758731450195,-0.016740050976233694,-0.015085028274943851,0
2025-06-24,6092.18017578125,5443690000.0,17.479999542236328,3333.89990234375,227429.0,90.43596649169922,7694500.0,145.92799377441406,0.01112172017970181,-0.11850733184624884,-0.01799708325662741,0.0034763000972102276,0.0020243274086355623,6008.408621651785,5950.463639322917,19.94285719735282,18.796333440144856,3399.9571358816966,3330.363330078125,89.7985349382673,89.1775416056315,144.96571568080358,144.72816772460936,0.14807230916928024,1.2266931752941495,0.22290750137869722,0.06372343965041258,0.11294439189811183,-0.008458407979706942,-0.034435862141721625,-0.011661168262992204,0
2025-06-25,6092.16015625,5171110000.0,16.760000228881836,3343.10009765625,130010.0,90.47394561767578,6393300.0,144.95700073242188,-3.2861029504172024e-06,-0.041189893147009715,0.0027595895443748297,0.00041995599151412044,0.006653918942332693,6024.864327566965,5958.729313151041,19.362857273646764,18.74200013478597,3384.285714285714,3334.2,89.93551635742188,89.2363171895345,145.21757289341517,144.69966786702474,0.11755950617441069,1.140918608075954,0.19721763085844424,0.06038178182587224,0.11452843338776329,-0.008461666287457923,-0.03177130144246464,-0.011246109448958147,0
2025-06-26,6141.02001953125,5308140000.0,16.59000015258789,3348.0,155584.0,90.79671478271484,7131900.0,144.9040069580078,0.008020121275230219,-0.010143202504316884,0.0014656762288347558,0.0035675371825056867,0.00036558271864273184,6040.280064174107,5967.211653645833,19.002857208251953,18.687666829427084,3374.3857073102677,3337.539998372396,90.1552243913923,89.30805969238281,145.3337162562779,144.5861348470052,0.11791323117307077,1.1409806249803618,0.1966749530279287,0.06079958307535977,0.10211227226115852,-0.0005094086020437219,-0.03035219165491323,-0.007718693180070073,0
2025-06-27,6173.06982421875,7889350000.0,16.31999969482422,3287.60009765625,218869.0,90.5593719482422,8402400.0,144.69400024414062,0.005218970885222163,-0.01627489181918751,-0.018040592097894215,-0.0026140024453596977,0.0014492816194382474,6067.472865513393,5976.561311848958,18.248571395874023,18.611000124613444,3357.3428780691966,3340.85,90.2786396571568,89.38293024698893,145.32871573311942,144.49166819254557,0.11841093457908243,1.1397780767386703,0.19643681349342393,0.06015453576631415,0.1012396123160254,0.0,-0.04784521224388409,-0.01031251894258207,0
2025-06-30,6204.9501953125,5782900000.0,16.729999542236328,3307.699951171875,144201.0,90.92013549804688,10542300.0,144.51699829101562,0.005164427424532603,0.02512254013963844,0.006113837729216032,0.003983724070114603,0.0012232846754277604,6099.484305245535,5986.161979166666,17.761428560529435,18.57433344523112,3343.0,3343.553328450521,90.4454574584961,89.45058568318684,145.20600019182478,144.42056833902996,0.11864194953344698,1.1357267990002675,0.1943208902567569,0.058487836739332895,0.09999849153257015,0.0,-0.04202389237844709,-0.006369877102402547,0
2025-07-01,6198.009765625,6275310000.0,16.829999923706055,3349.800048828125,168854.0,90.7515640258789,10659800.0,143.8000030517578,-0.001118531087121899,0.005977309277102272,0.01272790708883198,-0.0018540609430964805,0.004961321143786779,6132.36572265625,5994.149641927083,17.219999858311244,18.560666783650717,3337.8714425223216,3348.9733317057294,90.5800530569894,89.51167602539063,145.00342886788505,144.36013488769532,0.11776629815110926,1.131374192890013,0.19313838811313455,0.05896717343788602,0.09896972850103912,-0.001118531087121878,-0.029830861487318977,-0.00821212790515114,0
2025-07-02,6227.419921875,5645710000.0,16.639999389648438,3359.699951171875,132187.0,90.56108856201172,6026200.0,143.40199279785156,0.004745096791088033,-0.011289396014196651,0.002955371126468709,-0.002098867010301597,0.0027678042104282152,6161.258579799107,6002.943636067708,16.764285496303014,18.510666783650716,3332.8285784040177,3353.179996744792,90.64268384660993,89.5679946899414,144.60028512137276,144.29693450927735,0.11816654218902399,1.1216337502667293,0.18935131589623408,0.05942170436208431,0.09907883322353553,0.0,-0.02696365162756761,-0.010293758751108207,0
2025-07-03,6279.35009765625,3378110000.0,16.3799991607666,3342.89990234375,0.0,90.24681854248048,7398900.0,143.5260009765625,0.008338955206607324,-0.015625014328040088,-0.005000461074586515,-0.0034702544384285217,-0.0008647591033532631,6187.997140066965,6014.239973958333,16.60714258466448,18.453666750590006,3334.1142926897323,3355.123323567708,90.61566271100727,89.61762212117513,144.25714329310827,144.2486343383789,0.11866419795329716,1.122479655834872,0.18510024120421045,0.060367211072116886,0.09899439283217616,0.0,-0.03182928201176171,-0.01372829122754254,0
2025-07-07,6229.97998046875,5236740000.0,17.790000915527344,3342.800048828125,235762.0,89.9610824584961,8518600.0,144.4980010986328,-0.007862297279128794,0.08608069761920256,-2.987032772205911e-05,-0.003166162404383166,-0.00677229293268633,6207.685686383928,6027.08564453125,16.754285539899552,18.35100008646647,3334.0714285714284,3356.099991861979,90.54239654541017,89.67822723388672,144.19157191685267,144.25430094401042,0.10984637079531619,1.0567549448660651,0.18348530327383322,0.05721178121437572,0.1002521586727483,-0.007862297279128816,-0.03185820158839891,-0.016850987632364617,0
2025-07-08,6225.52001953125,5739030000.0,16.809999465942383,3316.89990234375,218029.0,89.8277587890625,5282800.0,145.89199829101562,-0.0007158868810946961,-0.055087206247954934,-0.007748039399920081,-0.0014820149534672256,-0.009647172845189012,6219.757114955357,6039.869319661459,16.78571401323591,18.2353333791097,3329.6285574776784,3356.8299886067707,90.4039742606027,89.7233487447103,144.3327135358538,144.32553405761718,0.10990487690603934,1.0651149647654536,0.18420026936753864,0.056782113738984716,0.1032216036530058,-0.00857255564474609,-0.03935940238720145,-0.018308029170180033,0
2025-07-09,6263.259765625,4813340000.0,15.9399995803833,3321.0,167968.0,90.29442596435548,6900800.0,146.8489990234375,0.0060621034026635545,-0.05175490262933857,0.0012361234215578776,0.005195133237030136,-0.00655965195920416,6232.641392299107,6055.217317708333,16.73142828260149,18.023666667938233,3334.399972098214,3355.3366536458334,90.36612483433315,89.77550964355468,144.64057050432478,144.42523396809895,0.10716403088724495,1.0271978696079866,0.1729530349873314,0.058001587049119875,0.10470061763408324,-0.0025624199608261485,-0.03817193204479296,-0.013208008583996435,0
2025-07-10,6280.4599609375,5367350000.0,15.779999732971191,3325.699951171875,168190.0,90.24681854248048,4451900.0,146.11399841308594,0.0027462050044453346,-0.010037631845926431,0.0014152216717480126,-0.0005272465201096033,0.0050051455252633215,6243.428501674107,6067.181315104167,16.595714024135045,17.91766668955485,3336.9714006696427,3356.1799886067706,90.26993669782367,89.8137825012207,144.86871337890625,144.54053395589193,0.09280518912825217,0.9372658135130633,0.16329285893799908,0.0570782413528452,0.10260462895301595,0.0,-0.03681073211852728,-0.01372829122754254,0
2025-07-11,6259.75,4656210000.0,16.399999618530273,3364.0,216883.0,89.8277587890625,6004300.0,146.28799438476562,-0.0032975229626984737,0.03929023422374556,0.011516387344152612,-0.004643485057821972,-0.0011908234225974645,6252.24853515625,6079.554654947917,16.534285409109934,17.820666694641112,3338.9999651227677,3358.4833251953123,90.1379645211356,89.84628702799479,145.22414071219308,144.61090037027995,0.09142121977192073,0.9436127538586713,0.16635084012741863,0.0582424991661736,0.09828425547377888,-0.003297522962698511,-0.025718271423873385,-0.018308029170180033,0
2025-07-14,6268.56005859375,4722250000.0,17.200000762939453,3359.10009765625,195336.0,89.7896728515625,5101600.0,147.2949981689453,0.001407413809457303,0.048780558720578515,-0.0014565702567628236,-0.0004239885088243023,-0.006883707637217906,6258.125697544643,6091.434326171875,16.614285605294363,17.7546667098999,3338.9142717633927,3359.8833251953124,90.02776227678571,89.86522165934245,145.78028433663505,144.66416676839194,0.0912485764778264,0.9557287425115719,0.16547862248716919,0.05716002114643429,0.09557116397618104,-0.0018947501325959687,-0.027137381211424803,-0.01872425528501692,0
2025-07-15,6243.759765625,5133670000.0,17.3799991607666,3336.699951171875,179884.0,89.43730163574219,5628100.0,147.79200744628906,-0.003956298214731202,0.010465022665288926,-0.006668496273750324,-0.003924406946028691,-0.0033742440919390937,6253.041364397322,6102.5033203125,16.757142748151505,17.715000025431316,3338.028564453125,3361.47666015625,89.91211700439453,89.86357803344727,146.38971383231026,144.79793345133464,0.09268502710281096,0.952082025152754,0.16469836397209475,0.057764923112861064,0.08682211995285628,-0.005843552150760256,-0.033624911959687385,-0.02257518063354584,0
2025-07-16,6263.7001953125,5177460000.0,17.15999984741211,3359.10009765625,235160.0,89.68489837646484,12786300.0,148.76100158691406,0.003193657417327689,-0.012658188951534366,0.006713263647367462,0.002768383394783802,-0.006556471878069292,6257.858537946428,6113.428662109375,16.667142595563615,17.675,3340.3571428571427,3360.2066650390625,89.87266213553292,89.88031387329102,146.99871390206474,144.96280008951823,0.0925296262828686,0.9522232655448154,0.13467929690055896,0.05738919177838352,0.08830269076014385,-0.002668557037102459,-0.027137381211424803,-0.01986929399396222,0
2025-07-17,6297.35986328125,5512290000.0,16.520000457763672,3345.300048828125,161740.0,89.65633392333984,4747200.0,148.0030059814453,0.00537376740890938,-0.03729600205940298,-0.0041082576960875805,-0.0003184979148339595,0.0050953919198096775,6268.121372767857,6124.3283203125,16.6257141658238,17.635999997456867,3344.414306640625,3359.146663411458,89.84817286900112,89.89894612630208,147.30028642926897,145.14783376057943,0.09237790734830022,0.9524897422038021,0.1341296247841812,0.05730752664868058,0.08455682522713451,0.0,-0.031134151552298935,-0.020181463580089883,0
2025-07-18,6296.7900390625,5184700000.0,16.40999984741211,3358.300048828125,115413.0,89.90394592285156,4035000.0,148.44200134277344,-9.048620868445933e-05,-0.006658632403358511,0.003886049027068239,0.0027617903685805967,-0.0029661246298142707,6272.911411830357,6135.194319661458,16.69285706111363,17.595999972025552,3349.7428850446427,3357.7833333333333,89.79239000592914,89.90399729410807,147.5278581891741,145.30133361816405,0.09240571623460178,0.95258696783143,0.13317220278163983,0.05377519061013606,0.08088871656039462,-9.048620868445847e-05,-0.027369091364579063,-0.017475410183248715,0
2025-07-21,6305.60009765625,5010840000.0,16.649999618530273,3406.39990234375,191195.0,90.2182388305664,5232300.0,148.43099975585938,0.001399134882868358,0.014625214707483014,0.014322678979327375,0.0034958744523243546,7.411370646137616e-05,6276.502859933035,6147.404329427083,16.817142759050643,17.534999974568684,3361.2714494977677,3358.82666015625,89.7883071899414,89.92838490804037,147.8588583809989,145.49130045572917,0.08996232125077712,0.9419851564239367,0.13814951232833794,0.05387713338081267,0.07663407629349768,0.0,-0.013438411094822342,-0.014040627570927907,0
2025-07-22,6309.6201171875,5662040000.0,16.5,3443.699951171875,227372.0,90.47537994384766,6098000.0,147.40899658203125,0.0006375316336257875,-0.00900898630432001,0.01094999116294626,0.002850212070357294,0.006885375531453186,6283.627162388393,6157.713004557291,16.83142852783203,17.525999959309896,3372.657156808036,3362.0633219401043,89.88082449776786,89.98507792154948,148.01900155203683,145.62020009358724,0.08653696624276061,0.9023444341048266,0.138861692745217,0.04834604489558484,0.07903612405586498,0.0,-0.0026355704146084446,-0.011230434266748744,0
2025-07-23,6358.91015625,5642510000.0,15.369999885559082,3397.60009765625,263025.0,90.15157318115234,5074000.0,146.78500366210938,0.007811886951519131,-0.06848485542066174,-0.013386721889036113,-0.0035789489129117724,0.004233072162421414,6296.534319196428,6169.480680338542,16.569999831063406,17.466333293914794,3378.157156808036,3363.4866617838543,89.93252454485211,90.0255978902181,147.9461451939174,145.69000040690105,0.08829091888996059,0.9216390623866498,0.14486769229766971,0.049711784037316416,0.07741678921183308,0.0,-0.015987010655485183,-0.014769190029150002,0
2025-07-24,6363.35009765625,5282720000.0,15.390000343322754,3373.5,215271.0,90.01824951171875,5867400.0,146.3489990234375,0.0006982236416543941,0.0013012659669868754,-0.00709327082750999,-0.0014788834484972257,0.002970362283571726,6313.61865234375,6180.298681640625,16.285714285714285,17.414333279927572,3383.414306640625,3364.489998372396,90.01551709856305,90.05661061604818,147.74000113351005,145.75030059814452,0.0877004564936604,0.9211764112710794,0.14610713777288556,0.049872924713442734,0.0779481595900525,0.0,-0.02296688128669348,-0.01622623156696542,0
2025-07-25,6388.64013671875,4470720000.0,14.93000030517578,3335.60009765625,196380.0,90.22776794433594,3614000.0,147.0050048828125,0.00397432777929585,-0.029889540473373333,-0.01123459384726544,0.002327510629829721,-0.004482475888133219,6331.467215401785,6192.51201171875,15.967142922537665,17.336666615804038,3380.0571637834823,3364.220003255208,90.09306989397321,90.0822654724121,147.48914446149553,145.8225341796875,0.0868590452099518,0.9227104106941801,0.14991237847360941,0.04893340831752512,0.07870160230712661,0.0,-0.03394345155076457,-0.013936487663589911,0
2025-07-28,6389.77001953125,4565620000.0,15.029999732971191,3310.0,180215.0,90.02774810791016,5073200.0,147.81300354003906,0.00017685810881817865,0.0066978851809362805,-0.0076748102010902874,-0.002216832367494481,-0.005496402369910225,6344.668666294643,6203.995686848958,15.75428567613874,17.23699992497762,3375.0142996651784,3361.1400065104167,90.14612906319755,90.08827794392904,147.46200125558036,145.9428675333659,0.08683159500282514,0.9123814861019078,0.14179760614004946,0.04788829778966511,0.07857541147137109,0.0,-0.04135775220363285,-0.01612242517414252,0
2025-07-29,6370.85986328125,5076120000.0,15.979999542236328,3324.0,113144.0,90.61822509765624,7864000.0,148.47900390625,-0.002959442388724254,0.0632069079270261,0.004229607250755274,0.006558833272585218,-0.004505695373618002,6355.250069754465,6217.125341796875,15.69285706111363,17.075666586558025,3370.1142926897323,3356.846671549479,90.2481689453125,90.12504959106445,147.46728733607702,146.11903432210286,0.07884673518634437,0.8048188699454583,0.1347634410116968,0.05005060458550338,0.07562764904203713,-0.0029594423887242247,-0.03730307200147299,-0.00966933620022426,0
2025-07-30,6362.89990234375,5375070000.0,15.479999542236328,3295.800048828125,19252.0,90.303955078125,7425600.0,148.44200134277344,-0.0012494327466496813,-0.03128911228554565,-0.008483739823067049,-0.0034680663761904595,0.0002492107469951321,6363.435756138393,6228.118343098959,15.525714193071638,16.954666550954183,3354.3143136160716,3352.796671549479,90.26041412353516,90.15988947550456,147.46885899135046,146.26406758626302,0.0763349769114377,0.7768771086888157,0.13381171639992803,0.05042387128181898,0.07419490106155524,-0.004205177511141657,-0.04547034226707844,-0.013103868676658595,0
2025-07-31,6339.39013671875,6077080000.0,16.719999313354492,3293.199951171875,158029.0,90.380126953125,10411800.0,149.2259979248047,-0.0036948193411530106,0.0801033467562382,-0.0007889124393861691,0.0008435054138449249,-0.005281501023560731,6367.688616071428,6240.007340494792,15.557142666407994,16.791999848683677,3332.8143136160716,3349.0066731770835,90.24680655343192,90.18271153767904,147.72843061174666,146.41396738688152,0.07203170722317281,0.7112911239760582,0.13369716010419808,0.04861736711189821,0.07457764541094598,-0.007884459481093474,-0.046223382587826954,-0.012271416446984824,0
2025-08-01,6238.009765625,5827150000.0,20.3799991607666,3399.800048828125,229954.0,91.420654296875,11870100.0,150.77200317382812,-0.015992133140148468,0.21889952139464608,0.03236976170193273,0.011512789136594925,-0.010360160230273419,6350.417131696428,6248.578662109375,16.272856848580496,16.79999984105428,3333.128592354911,3348.7300048828124,90.42810385567802,90.2383196512858,148.2980019705636,146.59383392333984,0.08870273663396917,0.9467243382993525,0.16520308541668008,0.05855641534883258,0.07877344146368552,-0.023750503295482152,-0.015349860765319474,-0.0008999055403514626,1
2025-08-04,6329.93994140625,4842580000.0,17.520000457763672,3426.39990234375,138229.0,91.54486846923828,8449500.0,147.34300231933594,0.01473710033091602,-0.14033360258957683,0.007823946447907737,0.0013587101658658618,0.022742954807987936,6345.644252232143,6260.648665364583,16.577142579214915,16.69666649500529,3340.685721261161,3350.086669921875,90.6461922781808,90.29616877237956,148.44000244140625,146.66466725667317,0.09598979893435149,1.0297883759791602,0.16551698140256413,0.05859551192759212,0.10495607812961505,-0.009363416514541333,-0.00764601080602254,0.0,0
2025-08-05,6299.18994140625,5517410000.0,17.850000381469727,3434.699951171875,154163.0,91.47799682617188,8218700.0,146.79299926757812,-0.004857865996303334,0.0188356115915409,0.0024223818190187707,-0.0007304794270240889,0.003732807416030437,6332.865652901785,6269.782666015625,16.994285447256907,16.630666510264078,3354.842843191964,3351.4100016276043,90.82479640415737,90.34134623209636,148.4097159249442,146.68363393147786,0.09515830367558122,1.0262872927903248,0.1654805333775784,0.058090046012515786,0.10382964193349102,-0.014175796288149491,-0.005242150544568356,-0.0007304794270241051,0
2025-08-06,6345.06005859375,5408560000.0,16.770000457763672,3433.39990234375,151580.0,91.4111099243164,10107500.0,147.55999755859375,0.007281907295092482,-0.06050419611347535,-0.000378504337091079,-0.0007311802201196427,-0.005225033174896199,6326.478515625,6278.211995442708,17.242856979370117,16.60699987411499,3372.4714006696427,3354.726668294271,91.02241952078683,90.3738510131836,148.37357221330916,146.7380340576172,0.09239550969010106,0.9816388736972969,0.1560317672129199,0.05749629389509719,0.10463302040146552,-0.006997115827461329,-0.0056186707049426104,-0.0014611255350355519,0
2025-08-07,6340.0,5306090000.0,16.56999969482422,3453.699951171875,249091.0,91.3442153930664,5725900.0,147.1929931640625,-0.0007974800154801898,-0.01192610360644697,0.005912520942948474,-0.00073179869826967,0.002487153704278988,6322.069963727678,6286.473323567709,17.3271427154541,16.600666522979736,3390.9999651227677,3358.413330078125,91.12613242013114,90.40286000569661,148.18985639299666,146.81256713867188,0.09252688562572078,0.9745043692754637,0.156602509932525,0.057583369151289907,0.1028770281159685,-0.007789015782903107,0.0,-0.002191854983540669,0
2025-08-08,6389.4501953125,4769910000.0,15.149999618530272,3491.300048828125,321346.0,91.1340103149414,5623800.0,146.83700561523438,0.007799715348974834,-0.08569704903117747,0.010886903375463053,-0.002301241268759746,0.002418508797027763,6325.862862723215,6294.754329427084,17.27999986921038,16.552666505177815,3418.928536551339,3363.1899983723956,91.24471173967633,90.41410319010417,147.9605712890625,146.8770004272461,0.09239085107277645,1.0063438537140357,0.1591367881572222,0.05722314825071178,0.1032040013058533,-5.0052539883659555e-05,0.0,-0.004488052265157114,0
2025-08-11,6373.4501953125,4652400000.0,16.25,3404.699951171875,224513.0,91.16267395019533,4920200.0,147.66400146484375,-0.0025041278217863283,0.07260728773380931,-0.02480454170225721,0.00031452182511082505,-0.005632066972111938,6330.728585379465,6301.433675130208,17.21285711015974,16.55033318201701,3434.857107979911,3367.093326822917,91.35650416782924,90.43421325683593,147.73742893763952,146.9760004679362,0.09228403273986072,1.0274828811965244,0.16733070438851394,0.05662930269128988,0.10410103085783515,-0.002554055023712295,-0.024804541702257252,-0.004174942030435959,0
2025-08-12,6445.759765625,5135300000.0,14.729999542236328,3399.0,193820.0,91.1435775756836,6724600.0,148.125,0.01134543584661274,-0.09353848970853362,-0.001674141995952727,-0.00020947580500074725,-0.0031219425898194597,6360.407156808035,6309.460660807292,16.405714307512557,16.483666515350343,3434.7428152901784,3370.1366617838544,91.31692177908761,90.4416613260905,147.35928562709265,147.096267191569,0.09631112811446726,1.0610989919595861,0.16687354698541898,0.05550530533870601,0.1041657566966146,0.0,-0.026437157373255856,-0.004383543286093997,0
2025-08-13,6466.580078125,5195950000.0,14.489999771118164,3408.300048828125,135846.0,91.46843719482422,5925200.0,147.75799560546875,0.0032300788824048965,-0.01629326399026665,0.0027361132180421244,0.003564262318657363,0.002477666798523237,6379.927176339285,6318.413004557292,15.972857066563197,16.40566651026408,3432.1571219308034,3372.086661783854,91.30600302559989,90.46555709838867,147.41857038225447,147.22820027669272,0.09619159454032243,1.0615815578222862,0.1632241252239876,0.05607671170189995,0.10320741838160351,0.0,-0.02377337921095021,-0.0008349050655935522,0
2025-08-14,6468.5400390625,4462050000.0,14.829999923706056,3383.199951171875,165697.0,91.1722412109375,5527500.0,147.1199951171875,0.00030309080129242716,0.023464469148273492,-0.007364403748689963,-0.003238231601747299,0.004317874546598377,6404.120047433035,6326.450341796875,15.541428429739819,16.345333194732667,3424.799979073661,3372.8699951171875,91.26232365199498,90.48592885335286,147.4652840750558,147.35213368733724,0.09572280085806015,1.0639659337864862,0.1646794251363127,0.056589536846756,0.1037856582561753,0.0,-0.030962706196660014,-0.004070433051372997,0
2025-08-15,6449.7998046875,4575060000.0,15.09000015258789,3382.60009765625,118486.0,90.99069213867188,7428500.0,147.6909942626953,-0.0028971350972291088,0.017532045193487722,-0.0001773035954960589,-0.0019912757419836558,-0.003881179747545538,6419.082868303572,6332.131998697917,15.301428386143275,16.302333227793376,3417.5428641183034,3374.1933349609376,91.20226396833148,90.51072463989257,147.48399788992745,147.490966796875,0.094052219394531,1.0645412463507433,0.16392603552684112,0.05590734150066463,0.10415080057407998,-0.002897135097229152,-0.031134519993021158,-0.006053603438762114,0
2025-08-18,6449.14990234375,4162290000.0,14.989999771118164,3378.0,119141.0,90.90470123291016,9669600.0,147.26400756835938,-0.00010076318078544588,-0.006626930447881874,-0.0013599294990375155,-0.0009450516722157021,0.0028910814533245066,6434.675711495535,6339.437662760417,15.075714111328125,16.20899985631307,3406.728585379464,3375.366666666667,91.1394762311663,90.54217859903972,147.49414280482702,147.58316701253256,0.09037995298942421,1.0323534361198983,0.16400482044615022,0.05508228376958194,0.10323836228388078,-0.002997606353467089,-0.032452108739881816,-0.006992934142925113,0
2025-08-19,6411.3701171875,4377440000.0,15.56999969482422,3358.699951171875,133497.0,91.1340103149414,6499300.0,147.91600036621094,-0.005858103118756786,0.03869245714223202,-0.005713454360013359,0.0025225217059317018,-0.004427373725714334,6437.80712890625,6345.632666015625,15.135714122227261,16.167666530609132,3387.785714285714,3376.760001627604,91.1394762311663,90.58572031656901,147.64828491210938,147.6506337483724,0.09251532896183838,1.027565680904152,0.1632305702790129,0.055145315218773694,0.10035482095564116,-0.008838149185095833,-0.037980149457723635,-0.004488052265157114,0
2025-08-20,6395.77978515625,4470390000.0,15.6899995803833,3388.5,135521.0,91.2677764892578,6270700.0,147.7310028076172,-0.0024316693228262354,0.007707121895382585,0.008872495090765042,0.0014677964225882079,0.0012506933539017107,6440.9970703125,6350.05,15.055714062282018,16.159333197275796,3385.471435546875,3379.010001627604,91.1544908796038,90.61816533406575,147.65785653250558,147.6800338745117,0.09174677338641646,1.016223435942111,0.16503315029771978,0.05341097280895485,0.09878308581305215,-0.011248327051678157,-0.029444633056568834,-0.0030268433896280473,0
2025-08-21,6370.169921875,4013560000.0,16.600000381469727,3381.60009765625,123500.0,91.000244140625,5351300.0,147.3179931640625,-0.004004181529308926,0.05799877791100583,-0.0020362704275490584,-0.0029312903077494123,0.0027956869966727638,6430.198521205357,6353.04033203125,15.32285703931536,16.18666655222575,3382.9857352120534,3380.87333984375,91.13401467459542,90.64327952067057,147.54256984165735,147.7201670328776,0.09253033206436986,1.0286255155284834,0.1652104262127739,0.05420766495555044,0.09797205656954183,-0.015207468237571117,-0.03142094624857478,-0.0059492611406863375,0
2025-08-22,6466.91015625,5046860000.0,14.220000267028809,3418.5,186037.0,91.50665283203124,10867700.0,148.38600158691406,0.015186444876893468,-0.1433734975751969,0.010911965128379553,0.0055649157448816045,-0.007249680774989553,6430.245675223215,6359.945670572916,15.28428568158831,16.1139999071757,3384.44287109375,3382.690006510417,91.13947405133929,90.6992426554362,147.63228498186385,147.79010060628255,0.1010708241840287,1.10691281233545,0.16487257660734764,0.05422041038205243,0.10000759661370853,-0.0002519707387845469,-0.020851845389960325,-0.00041745253279693137,0
2025-08-25,6439.31982421875,4059070000.0,14.789999961853027,3417.5,97780.0,91.32511901855467,9936400.0,147.21499633789062,-0.004266385548063467,0.040084365971908564,-0.00029252596167905764,-0.001983831862037211,0.007891615357918713,6426.071358816965,6365.637662760417,15.27857140132359,16.033666547139486,3389.3428780691966,3384.636669921875,91.16131373814174,90.75042419433593,147.64585658482142,147.78743387858074,0.10225431920650678,1.1036995832230512,0.16478164484526742,0.05466878119380841,0.10096812488053823,-0.004517281282529551,-0.021138271645513945,-0.0024004562391987064,0
2025-08-26,6465.93994140625,4867680000.0,14.619999885559082,3433.0,176297.0,91.5639877319336,5871200.0,147.82200622558594,0.004133995191134998,-0.011494258061691465,0.004535479151426491,0.0026155861163497107,-0.004123288406719716,6428.377092633928,6373.043668619792,15.21142850603376,15.941666571299235,3396.5428641183034,3387.846671549479,91.2432131086077,90.82131373087564,147.6645725795201,147.78843383789064,0.10159057555426168,1.1032563296496791,0.16366720501974616,0.05326347450956504,0.10120859840244037,-0.0004019605104936226,-0.01669866468443288,0.0,0
2025-08-27,6481.39990234375,4143680000.0,14.850000381469728,3448.60009765625,153806.0,91.73596954345705,5222800.0,147.46200561523438,0.0023909843081744153,0.015731908188168386,0.004544158944436383,0.0018782691294196852,0.002435365474624751,6432.984235491072,6380.300325520833,15.191428593226842,15.864666589101155,3406.628592354911,3390.8300048828123,91.36196572440011,90.88968276977539,147.69285801478796,147.74513397216796,0.10147930820399967,1.1042638120040422,0.16312909719017465,0.05303804246370831,0.09950828983636818,0.0,-0.012230387126482436,0.0,0
2025-08-28,6501.85986328125,4283760000.0,14.43000030517578,3474.300048828125,156602.0,91.94618225097656,6544700.0,147.3159942626953,0.0031567194195349924,-0.028282832693932947,0.0074522851139919855,0.0022914970928598066,0.0009901625298658345,6445.911342075893,6387.1169921875,15.02857153756278,15.794999917348227,3423.142892020089,3395.1300048828125,91.47799028669085,90.96601104736328,147.60714285714286,147.72223358154298,0.10088086344766937,1.1021025523687928,0.1634684162366854,0.05311649455399364,0.09848563259451687,0.0,-0.004869246344411489,0.0,0
2025-08-29,6460.259765625,4234840000.0,15.359999656677246,3516.10009765625,0.0,91.86973571777344,6818900.0,146.7899932861328,-0.00639818429357164,0.0644490181450581,0.012031214414605307,-0.0008314269427136534,0.003570562580085701,6455.122767857143,6392.565983072916,14.981428691319056,15.759999910990397,3441.3714773995534,3400.3900065104167,91.56398446219308,91.03153737386067,147.47271292550224,147.66716664632162,0.10315064276380291,1.118744553180786,0.16626313243970817,0.0530113626898193,0.09851845273609129,-0.006398184293571648,0.0,-0.000831426942713688,0
2025-09-02,6415.5400390625,4784000000.0,17.170000076293945,3592.199951171875,374141.0,91.5955810546875,8623200.0,147.08399963378906,-0.006922279936861564,0.11783857161935951,0.02164325571002701,-0.002984167320652209,-0.002002904565048702,6461.604213169643,6396.230647786459,15.062857219151088,15.77733325958252,3471.4571707589284,3406.5833414713543,91.64903259277344,91.07744878133138,147.4392852783203,147.6222666422526,0.10557428032487891,1.1691870389173618,0.1723781101285506,0.05339531328565983,0.09875340628343195,-0.01327617420766549,0.0,-0.0038131131462539737,0
2025-09-03,6448.259765625,4465360000.0,16.350000381469727,3635.5,220786.0,91.9119110107422,7586100.0,148.54800415039062,0.0051000736279842585,-0.047757698962177964,0.012053908305966976,0.0034535504050772214,-0.009953526693907255,6458.939871651785,6400.851969401042,15.367142949785505,15.772333272298177,3502.4571707589284,3412.9766764322917,91.70692661830357,91.12533315022786,147.4624285016741,147.6602335611979,0.10637809747680496,1.1781812220493213,0.17291456142939052,0.05365304473325119,0.10100721789420393,-0.008243810045638233,0.0,-0.0003727315196275786,0
2025-09-04,6502.080078125,4670770000.0,15.300000190734863,3606.699951171875,232579.0,92.32410430908205,6395300.0,147.97999572753906,0.008346486409699372,-0.06422019365362708,-0.007921894877767843,0.004484655947276206,0.0038237364823596742,6467.905622209822,6405.624300130208,15.440000125340053,15.76999994913737,3529.4857352120534,3419.946671549479,91.84963880266461,91.19775085449218,147.57171412876673,147.70006663004557,0.1066974473958868,1.176016915082724,0.16941586134450567,0.053375095816167624,0.10085527312906056,0.0,-0.007921894877767845,0.0,0
2025-09-05,6481.5,5066120000.0,15.18000030517578,3653.300048828125,237651.0,92.77467346191406,9566300.0,148.375,-0.003165152978388819,-0.007843129677328475,0.01292042539915439,0.004880298121535009,-0.002669308581331631,6470.128487723215,6409.562630208334,15.520000185285296,15.762999947865804,3560.9571707589284,3429.27333984375,92.02259390694755,91.28963165283203,147.65071323939733,147.767599995931,0.10730402621391881,1.176394065749915,0.16996153872009218,0.054192109076718925,0.10059524335700358,-0.003165152978388827,0.0,0.0,0
2025-09-08,6495.14990234375,5211500000.0,15.109999656677246,3677.39990234375,227640.0,93.062255859375,7599600.0,148.343994140625,0.0021059789159529885,-0.0046113733261695655,0.006596735333402437,0.0030997942297150693,0.00020896956613314366,6472.0927734375,6413.112955729167,15.55714293888637,15.768999926249187,3593.6428571428573,3440.6666666666665,92.21206338065011,91.38411458333333,147.7767116001674,147.8122329711914,0.10693484626886864,1.1726853236286539,0.16503005870822232,0.05440089945135588,0.09988881791563185,-0.0010658398078739826,0.0,0.0,0
2025-09-09,6512.60986328125,4798350000.0,15.039999961853027,3682.199951171875,262656.0,92.8417739868164,8223100.0,147.36399841308594,0.0026881536531127015,-0.004632673488730754,0.0013052833402931174,-0.0023691868472622835,0.006606237975566809,6473.628487723215,6417.2076171875,15.644285746983119,15.769333267211914,3623.342843191964,3453.0733317057293,92.34000505719867,91.47791544596355,147.7835693359375,147.7972661336263,0.1071015362710182,1.1728348023709845,0.16185820993956437,0.05448182285312535,0.10059670939737002,0.0,0.0,-0.0023691868472623385,0
2025-09-10,6532.0400390625,5253010000.0,15.350000381469728,3682.0,182028.0,93.09101104736328,8864500.0,147.39199829101562,0.002983469943562689,0.02061173007998507,-5.4302095086167235e-05,0.0026845357412308424,-0.00019000487385789633,6483.8828125,6422.580289713542,15.642857279096331,15.748333295186361,3647.0428292410716,3465.0066650390627,92.51447296142578,91.5603416442871,147.86957005092077,147.7610326131185,0.10674222545258209,1.160144033573431,0.16219120875485588,0.05217498600628125,0.09965973953798755,0.0,-5.430209508621734e-05,0.0,0
2025-09-11,6587.47021484375,5426460000.0,14.710000038146973,3673.60009765625,214612.0,93.23480987548828,8554300.0,147.33200073242188,0.008485890387959882,-0.04169383240506974,-0.0022813422986828202,0.0015447122821754533,0.0004070611653916867,6508.444266183035,6430.065966796875,15.291428702218193,15.72266664505005,3658.6714215959823,3477.6,92.74864850725446,91.65803680419921,147.90499877929688,147.72403259277343,0.10878405289973864,1.1630645924798415,0.15918878993810484,0.05052228355355246,0.09966111259079763,0.0,-0.002335520512102571,0.0,0
2025-09-12,6584.2900390625,4641640000.0,14.760000228881836,3686.39990234375,154559.0,92.96640014648438,36502700.0,147.2239990234375,-0.00048276131466740146,0.003399061224010902,0.0034842672983557144,-0.002878857471392493,0.0007330499039412963,6527.877162388393,6438.229296875,15.064285823277064,15.657333342234294,3665.9428362165177,3490.7066650390625,92.8992898123605,91.74424591064454,147.71585518973214,147.6572992960612,0.10792837588709332,1.1386400084503354,0.1586289321311822,0.05180300093064689,0.09828525049593774,-0.00048276131466735316,0.0,-0.002878857471392474,0
2025-09-15,6615.27978515625,5045020000.0,15.6899995803833,3719.0,189452.0,93.1197738647461,4990100.0,147.66600036621094,0.004706619226962694,0.0630080851680257,0.008843342697444134,0.0016497758116915673,-0.0030022370381548313,6544.048549107143,6450.804964192708,15.12000002179827,15.501000022888183,3681.9857003348216,3501.3466634114584,93.01295689174107,91.80088322957357,147.6709987095424,147.55376586914062,0.09503549571046245,0.9502494341862873,0.13467416142041305,0.04110257500970128,0.0934599871069128,0.0,0.0,-0.0012338311291224162,0
2025-09-16,6606.759765625,5359510000.0,16.360000610351562,3725.10009765625,192295.0,93.17730712890624,5847700.0,147.40499877929688,-0.0012879303382402618,0.04270242497685861,0.0016402521259075709,0.0006178415364679335,0.0017675130786151128,6561.942801339285,6460.032291666666,15.28857149396624,15.46233336130778,3692.242850167411,3511.3033365885417,93.07047598702567,91.8552978515625,147.53242710658483,147.555832417806,0.0873785485323545,0.8717343702636648,0.1339522184545389,0.04104248543061438,0.06623085348947996,-0.0012879303382402232,0.0,-0.000616751904775033,0
2025-09-17,6600.35009765625,5805340000.0,15.720000267028809,3717.800048828125,256047.0,92.9759750366211,10701700.0,146.41299438476562,-0.0009701681605103207,-0.03911982392701152,-0.001959691991288537,-0.0021607416922514444,0.006729788017681426,6576.971400669643,6470.070963541667,15.375714438302177,15.391333357493084,3698.0142996651784,3520.7400065104166,93.05815015520368,91.90523045857748,147.2565699986049,147.5431655883789,0.08565215413759182,0.8765632535132066,0.13466670380916065,0.041648001434559385,0.06824636937061021,-0.0022568489897434275,-0.00195969199128851,-0.002776160955472018,0
2025-09-18,6631.9599609375,5292400000.0,15.699999809265137,3678.300048828125,224128.0,92.66922760009766,7589200.0,146.89100646972656,0.004789119185128365,-0.0012722937292578562,-0.010624562774012136,-0.003299211827599735,-0.003264820086287923,6594.021414620535,6479.634293619792,15.47000013078962,15.355666669209798,3697.4571707589284,3528.9033447265624,93.03350067138672,91.94716771443684,147.18899972098214,147.52086588541667,0.08450513143481515,0.8592768445137043,0.1398617549301334,0.04297562269635236,0.06715059283503179,0.0,-0.012563433894721527,-0.0060662136400121336,0
2025-09-19,6664.35986328125,9125960000.0,15.449999809265137,3705.800048828125,186954.0,92.63086700439452,5528800.0,147.94700622558594,0.004885418870829605,-0.01592356707243181,0.0074762797039249484,-0.00041395182302239597,-0.007189002112780951,6612.924246651785,6490.4462890625,15.484285763331822,15.318333339691161,3700.857177734375,3537.306681315104,92.96776580810547,91.99005610148112,147.2682865687779,147.5459996541341,0.08477374354325484,0.8598065098433926,0.14028195491069625,0.04290889460022792,0.07001029504085342,0.0,-0.005181081936635249,-0.0064776543428394185,0
2025-09-22,6693.75,5642620000.0,16.100000381469727,3775.10009765625,219170.0,92.4774932861328,5282700.0,148.09500122070312,0.004410046474333074,0.04207123496628107,0.01870042849452691,-0.0016557517296522661,-0.0010003243654117533,6628.107073102678,6500.589615885417,15.682857240949359,15.350000031789143,3715.357177734375,3546.7666829427085,92.85957772391183,92.0348388671875,147.37728663853235,147.5879328409831,0.08320149525302681,0.8294986571417398,0.14610208177930803,0.0425862206638516,0.06960779379619146,0.0,0.0,-0.008122680685109476,0
2025-09-23,6656.919921875,5633620000.0,16.639999389648438,3815.699951171875,291564.0,92.736328125,7077500.0,147.72500610351562,-0.005502159197012135,0.0335403102723042,0.010754642914192258,0.0027988954898068297,0.0024983633082665824,6638.482770647322,6510.038606770833,15.951428549630302,15.363000011444091,3733.82861328125,3560.4666829427083,92.8267102922712,92.08729400634766,147.44885907854353,147.5899663289388,0.0849118497523372,0.8086295749904113,0.12247791596658567,0.04310214381806251,0.06816302328327525,-0.005502159197012138,0.0,-0.005346519729637306,0
2025-09-24,6637.97021484375,5459180000.0,16.18000030517578,3768.10009765625,236560.0,92.48709869384766,5419700.0,147.61300659179688,-0.002846617843333288,-0.02764417676354103,-0.012474737040318429,-0.00268750592342204,0.0007581621735744948,6641.724260602678,6516.445621744791,16.021428653172084,15.411333370208741,3740.8429129464284,3572.77001953125,92.736328125,92.13207804361979,147.4412885393415,147.5728998819987,0.08040524750797678,0.7621434588748459,0.13044072283984098,0.04408091325460908,0.0675549164824454,-0.00833311449579832,-0.012474737040318427,-0.008019656849616214,0
2025-09-25,6604.72021484375,5874670000.0,16.739999771118164,3771.10009765625,262183.0,92.2857666015625,6517500.0,148.75100708007812,-0.0050090613431266195,0.03461059674784095,0.0007961571938777112,-0.0021768667752418702,-0.007709351056226499,6641.432896205357,6521.05029296875,16.075714247567312,15.48633337020874,3747.4143415178573,3584.8633544921877,92.60896519252232,92.15932235717773,147.63357543945312,147.6060002644857,0.08194385993921982,0.7644858938238185,0.13065717645409647,0.043742615929993726,0.07082096714316331,-0.013300434757236228,-0.011688511698077183,-0.010179065900313351,0
2025-09-26,6643.7001953125,5103110000.0,15.289999961853027,3809.0,214083.0,92.23784637451172,7295300.0,149.86099243164062,0.005901836747171263,-0.08661886673181729,0.010050091846489195,-0.0005192591318839979,-0.007462035876939943,6647.625767299107,6526.88896484375,16.0142856325422,15.501666704813639,3760.4429059709823,3599.056689453125,92.50351824079242,92.19484252929688,148.1261465890067,147.6973668416341,0.08329323628690315,0.8079312970959288,0.1278976352016861,0.04252422189094625,0.07245398915641225,-0.007477095004668534,-0.0017558904677023454,-0.010693039459274613,0
2025-09-29,6661.2099609375,5358760000.0,16.1200008392334,3855.199951171875,258145.0,92.50625610351562,6357500.0,149.40499877929688,0.00263554421636214,0.05428390316881204,0.012129154941421527,0.0029099739375320066,0.0030427774762785686,6651.804338727678,6533.935970052084,16.074285779680526,15.536000061035157,3785.7143205915177,3614.810017903646,92.48023659842355,92.245361328125,148.48528834751673,147.75450032552084,0.0826399963661625,0.8208719880025025,0.1293776013837452,0.04251098531771309,0.07252948913539081,-0.00486125700280112,0.0,-0.007814181987882139,0
2025-09-30,6688.4599609375,6057210000.0,16.280000686645508,3873.199951171875,312257.0,92.4679183959961,9257800.0,148.59500122070312,0.0040908483833717035,0.00992554833016479,0.0046690185276974105,-0.0004144336732926357,0.005421489007809477,6655.247209821428,6541.912972005209,16.192857333592006,15.579000091552734,3809.628592354911,3631.316682942708,92.4569582257952,92.29746856689454,148.5778590611049,147.79886678059896,0.08300785274477838,0.820495690688351,0.1282196888281601,0.04237596854829495,0.07388377769618708,-0.0007902952847805789,0.0,-0.00822537720102978,0
2025-10-01,6711.2001953125,6037950000.0,16.290000915527344,3897.5,290470.0,92.77944946289062,8347000.0,147.9969940185547,0.003399920834961989,0.0006142646474234237,0.0062738947470999396,0.0033690719148709025,0.0040244099548156775,6657.740094866072,6551.907307942708,16.22000026702881,15.603000132242839,3827.1142926897323,3649.2766845703127,92.50009482247489,92.35231653849284,148.56385803222656,147.80156656901042,0.08043672150530864,0.8139299882595485,0.12449239683605594,0.042783646777096555,0.07385203713866667,0.0,0.0,-0.004884017173476018,0
2025-10-02,6715.35009765625,5416130000.0,16.6299991607666,3868.10009765625,284217.0,92.87560272216795,9420600.0,147.08299255371094,0.0006183547238911569,0.020871591536571144,-0.007543271929121187,0.001036363761953485,0.0061758110082232864,6666.087262834822,6562.559651692708,16.218571662902832,15.63433345158895,3834.600027901786,3665.2633544921873,92.51999119349887,92.40591074625651,148.4721418108259,147.77996622721355,0.0796105403257718,0.8155119828530927,0.12906409065836463,0.04272585154522859,0.0759433327005805,0.0,-0.007543271929121231,-0.0038527150299339365,0
2025-10-03,6715.7900390625,5713110000.0,16.649999618530273,3908.89990234375,218284.0,92.69290924072266,5154300.0,147.14999389648438,6.551280273581206e-05,0.001202673407877164,0.010547763412901645,-0.0019670772096286315,-0.00045553426409217224,6677.204380580357,6574.080322265625,16.285714421953475,15.6360000928243,3854.714285714286,3682.8400146484373,92.54939270019531,92.46233291625977,148.40599714006697,147.7743662516276,0.07796056631041173,0.7988160648753165,0.12871785173670575,0.04212328573585732,0.07553720244264353,0.0,0.0,-0.0058122136516319785,0
2025-10-06,6740.27978515625,5604460000.0,16.3700008392334,3976.300048828125,278143.0,92.42369842529295,6319600.0,149.6060028076172,0.0036465919796933033,-0.016816743886603813,0.017242740455943206,-0.002904330197799343,-0.016690513170259047,6696.570033482143,6583.192643229167,16.23285743168422,15.707666778564453,3884.028564453125,3701.433349609375,92.56909724644252,92.49290110270182,148.52813938685827,147.81503295898438,0.06713125808318186,0.6740437167974604,0.13254929619029185,0.04060468229243563,0.08745567139885735,0.0,0.0,-0.008699663261806795,0
2025-10-07,6714.58984375,5546150000.0,17.239999771118164,4004.39990234375,297512.0,92.65444946289062,5119900.0,150.33099365234375,-0.0038114057910215715,0.05314593080531016,0.0070668342857844735,0.002496665265826703,-0.004846001036862502,6706.697126116072,6592.368310546875,16.511428833007812,15.78933343887329,3911.9428362165177,3720.9966796875,92.6286119733538,92.53721211751302,148.59528241838728,147.9188995361328,0.06681033384624098,0.6808843198543056,0.13166822649872945,0.04045687857038728,0.08485710839110522,-0.0038114057910215472,0.0,-0.006224718143070239,0
2025-10-08,6753.72021484375,5383130000.0,16.299999237060547,4070.5,348778.0,92.6737060546875,5141900.0,152.05099487304688,0.0058276636405680815,-0.0545243936506532,0.016506867263072822,0.00020783234813337437,-0.01144142787135971,6719.912876674107,6601.960986328125,16.53714288984026,15.845333417256674,3942.6999860491073,3742.2466796875,92.65253339494977,92.57420272827149,148.97328186035156,148.05986582438152,0.06758733382211915,0.7015992561813061,0.13555468326230258,0.03995372052382131,0.0899134662660445,0.0,0.0,-0.006018179492725036,0
2025-10-09,6735.10986328125,5385020000.0,16.43000030517578,3972.60009765625,461023.0,92.60637664794922,7130600.0,152.67999267578125,-0.002755570407195318,0.007975526024544655,-0.024051075382324094,-0.0007265211418063799,-0.004136755588212582,6726.5771484375,6610.417985026042,16.558571406773158,15.898000081380209,3956.9000069754466,3759.713346354167,92.6723131452288,92.60321629842123,149.55685206821985,148.23379872639973,0.06861039243463814,0.7008865778147306,0.1607247906938541,0.03983196562171096,0.08977682963968071,-0.002755570407195282,-0.02405107538232404,-0.006740328299894775,0
2025-10-10,6552.509765625,6596610000.0,21.65999984741211,4000.39990234375,357542.0,93.1833038330078,10417700.0,152.96499633789062,-0.02711167321141361,0.3183201123002275,0.006997886523715691,0.00622988616919784,-0.0018666732760106441,6703.907087053572,6612.106315104166,17.325714111328125,16.13900006612142,3971.5999930245534,3777.250008138021,92.73000662667411,92.64445368448894,150.26656668526786,148.4220987955729,0.10686983338209251,1.1419441225331914,0.16066442104072456,0.04303446045670494,0.08955962545012901,-0.029792535494217995,-0.01722149555490726,-0.0005524336087483571,1
2025-10-13,6654.72021484375,5303960000.0,19.030000686645508,4133.0,357542.0,93.23137664794922,5607600.0,152.05599975585938,0.015598671787557583,-0.12142193810222157,0.033146710552253156,0.0005158951546466728,0.005942513671711724,6695.245675223215,6618.588330078125,17.66857147216797,16.261333433787026,4009.4428362165177,3797.813338216146,92.78083147321429,92.6898417154948,150.97699628557478,148.5976323445638,0.11372019174738045,1.19887114621568,0.17951716785762833,0.04286289393483335,0.09092714253831988,-0.014658587689553913,0.0,-3.68234519236694e-05,0
2025-10-14,6644.31005859375,5666920000.0,20.809999465942383,4163.39990234375,405991.0,93.47175598144533,7650600.0,152.4340057373047,-0.0015643266604626893,0.09353645376092956,0.0073554082612508065,0.002578309386160882,-0.0024859655788145307,6685.034249441965,6626.213997395834,18.26285716465541,16.38266674677531,4045.799979073661,3816.853336588542,92.89209529331752,92.75238087972005,151.73185511997767,148.77596588134764,0.11150970883270872,1.1817641294129828,0.17298502094565074,0.04196290998526825,0.0909753734801098,-0.01619998353048909,0.0,0.0,0
2025-10-15,6671.06005859375,5633060000.0,20.63999938964844,4201.60009765625,309914.0,93.36600494384766,7769300.0,151.7310028076172,0.004026001159503689,-0.008169153323245526,0.009175240478579871,-0.0011313688984152526,0.0046118510517857425,6675.145717075893,6633.640673828125,18.872856957571848,16.5256667137146,4077.9857003348216,3835.72333984375,93.0267105102539,92.80085067749023,152.0354265485491,148.88206583658854,0.11122574848729766,1.170802735255945,0.17216252742198426,0.04142970757230481,0.08856993022331641,-0.01223920352346316,0.0,-0.0011313688984152886,0
2025-10-16,6629.06982421875,6048180000.0,25.309999465942383,4304.60009765625,375196.0,93.79869842529295,11627200.0,150.9739990234375,-0.006294387099829435,0.22625970030968512,0.024514470108056186,0.0046343793086738305,0.0049891173865074245,6662.928571428572,6637.873665364584,20.02571405683245,16.859333356221516,4120.871442522322,3858.986678059896,93.19017464773995,92.85000381469726,152.12728445870536,148.98186594645182,0.1110961668359943,1.3053647512357802,0.1767882759823843,0.04155608331889684,0.08915215439556022,-0.018456552338522336,0.0,0.0,1
2025-10-17,6664.009765625,5358120000.0,20.780000686645508,4213.2998046875,569847.0,93.64485168457033,12491000.0,150.1199951171875,0.0052707155502571545,-0.1789805956097521,-0.021209936091034498,-0.0016401799098008096,0.005656629033966465,6650.11279296875,6643.95732421875,20.665714263916016,17.046000035603843,4141.271414620535,3877.6533365885416,93.32890973772321,92.87900975545247,151.85142735072546,149.04003245035807,0.11125663368905611,1.4256196542571018,0.192141731174914,0.03989049486745306,0.09079097836141478,-0.013283116025680003,-0.021209936091034515,-0.0016401799098007827,0
2025-10-20,6735.1298828125,4672170000.0,18.229999542236328,4359.39990234375,338235.0,93.76985168457033,10437800.0,150.89999389648438,0.010672270853256949,-0.12271419923715232,0.034675932031636325,0.0013348304551865642,-0.005195835362824086,6650.115652901785,6651.956656901041,20.92285701206752,17.150000031789144,4196.528529575893,3900.386669921875,93.49512045724052,92.90259628295898,151.5971418108259,149.12523244222004,0.11474553703907527,1.479214571404623,0.21071467438171623,0.0391404680178126,0.09181861287818648,-0.0027526061844242527,0.0,-0.00030753881670973445,0
2025-10-21,6735.35009765625,5245020000.0,17.8700008392334,4109.10009765625,535325.0,93.9429168701172,7642000.0,150.7740020751953,3.2696450934288634e-05,-0.01974759802757342,-0.0574161146704919,0.0018456378296196618,0.0008349358938708473,6676.235700334822,6659.381331380208,20.381428582327707,17.24433339436849,4212.05712890625,3914.6166748046876,93.60363660539899,92.93930104573568,151.28414263044084,149.23889923095703,0.11471152048533925,1.48118059629828,0.27914837348761673,0.03858682361773897,0.08938166215798282,-0.002719999733942932,-0.057416114670491916,0.0,0
2025-10-22,6699.39990234375,5710010000.0,18.600000381469727,4065.39990234375,468711.0,93.962158203125,6523500.0,151.89300537109375,-0.005337539220865439,0.04085056004214738,-0.01063497950254988,0.000204819412137347,-0.00742172576503175,6682.618512834822,6664.959993489583,20.319999967302596,17.352666727701823,4202.399972098215,3927.3966715494794,93.70803397042411,92.96833928426106,151.26085771833147,149.38893280029296,0.11608087460853324,1.4836339435437373,0.2820914719357089,0.03797323041363095,0.09140278847500612,-0.008043020849547692,-0.06744047497040508,0.0,0
2025-10-23,6738.43994140625,5565750000.0,17.299999237060547,4145.60009765625,271973.0,93.65445709228516,6138300.0,151.95399475097656,0.0058273934429324825,-0.06989253321222011,0.0197275046093901,-0.0032747343901431414,-0.0004015285610670105,6696.065638950893,6669.992317708334,19.81857136317662,17.439000034332274,4199.857142857143,3943.1300048828125,93.73413412911552,92.98232752482096,151.1922847202846,149.54299926757812,0.11481396403290928,1.4944475676710265,0.28539053052754315,0.039165439806199034,0.09132315990936053,-0.0022624972535753044,-0.04904340264185319,-0.0032747343901431396,0
2025-10-24,6791.68994140625,5058220000.0,16.3700008392334,4137.7998046875,297599.0,93.74099731445312,7555200.0,152.6020050048828,0.00790242258787388,-0.05375713519309755,-0.001881583554853683,0.0009240374121510797,-0.004264516079147684,6713.298479352678,6676.905647786459,19.208571570260183,17.492666721343994,4190.742815290178,3958.1766682942707,93.78770446777344,93.00814743041992,151.31671360560827,149.7222661336263,0.11657052425726863,1.5055977544134143,0.2859299260752134,0.03814518780839326,0.09162525563797534,0.0,-0.05083270693682193,-0.002353722955083418,0
2025-10-27,6875.16015625,5290650000.0,15.789999961853027,4019.699951171875,330749.0,93.74099731445312,7272300.0,153.06100463867188,0.012290050865671143,-0.03543071763260408,-0.028541703100724125,0.0,-0.0030078217764857307,6748.454241071428,6685.568326822917,17.848571641104563,17.496000067392984,4150.04279436384,3968.2,93.77946145193917,93.02885487874349,151.61485726492745,149.902099609375,0.12063287127004758,1.501110972773875,0.3005993655757016,0.037929237256347774,0.09162620489565634,0.0,-0.07792355800834919,-0.002353722955083418,0
2025-10-28,6890.89013671875,5695930000.0,16.420000076293945,3983.10009765625,338428.0,93.82755279541016,5539600.0,152.69200134277344,0.0022879438603986557,0.03989867738840602,-0.009105120770259267,0.0009233471313163655,0.0024108249960173023,6780.86572265625,6695.039339192708,17.225714411054337,17.498000049591063,4117.157121930803,3976.8,93.80556161063058,93.05052973429362,151.98228672572546,150.07833302815754,0.12040780775356345,1.5005089531548534,0.30255727594435955,0.03796708997127307,0.09182679093055936,0.0,-0.08631917537209409,-0.0014325491271055867,0
2025-10-29,6890.58984375,6280130000.0,16.920000076293945,4000.699951171875,288266.0,93.22175598144533,11223300.0,151.7310028076172,-4.3578255173426506e-05,0.03045066977325206,0.004418631991192301,-0.00645649167985618,0.006293705804529592,6803.074288504465,6704.713997395834,17.03857163020543,17.538000043233236,4065.9142717633927,3986.2299967447916,93.72726222446988,93.05872243245443,152.1010022844587,150.25559997558594,0.12027701441438597,1.4966106610659076,0.30232105615849697,0.04213476611328161,0.09150805147333152,-4.3578255173429765e-05,-0.08228195605065428,-0.007879791565441597,0
2025-10-30,6822.33984375,6052700000.0,16.90999984741211,4015.89990234375,246321.0,93.08714294433594,8958800.0,152.7220001220703,-0.00990481243951924,-0.0005910300730935791,0.0037993229578294763,-0.0014440088120222239,-0.006531277696158355,6815.501395089285,6711.059993489584,16.901428631373815,17.578333377838135,4052.5999581473216,3997.4833251953123,93.60500880650112,93.07265294392904,152.37928771972656,150.44996643066406,0.12422130909277185,1.4965812663754525,0.29970706892177007,0.04116951008677359,0.09262951736285081,-0.009947959060248745,-0.07879524881746307,-0.009312421889006389,0
2025-10-31,6840.2001953125,6398280000.0,17.440000534057617,3996.5,237172.0,93.12560272216795,9739900.0,153.89999389648438,0.0026179217059763005,0.03134244183488977,-0.004830773379692066,0.0004131588597042768,-0.007713320762381848,6835.61572265625,6716.921337890625,16.7357143674578,17.644666735331217,4042.7571149553573,4007.1733235677084,93.48550088065011,93.08914413452149,152.66600036621094,150.64839935302734,0.12377386019266022,1.4966940123146777,0.3002695017617911,0.041140269965498175,0.09293042390325587,-0.007356080332226445,-0.0832453802067215,-0.008903110538910793,0
2025-11-03,6851.97021484375,6065720000.0,17.170000076293945,4014.0,0.0,93.08123779296876,8012500.0,154.19500732421875,0.0017207127269924793,-0.01548167714997506,0.0043788314775428105,-0.0004763988409455244,-0.0019169164355705703,6851.834333147322,6722.195345052083,16.717143058776855,17.680333391825357,4023.957101004464,4015.136653645833,93.4036124093192,93.10926895141601,152.98614501953125,150.8517328898112,0.1233554817291085,1.4946317020541449,0.29648105723109497,0.04082354917429338,0.09293993784346825,-0.005648025306282504,-0.07923106622038785,-0.00937526794831473,0
2025-11-04,6771.5498046875,5739510000.0,19.0,3960.5,250259.0,93.19699096679688,6119000.0,154.20399475097656,-0.011736830084583816,0.10658124144289749,-0.013328350772296993,0.001243571492738127,-5.828610740232776e-05,6848.957170758928,6726.016341145833,17.092857224600657,17.759000078837076,3998.6285574776784,4019.9633219401044,93.32589721679688,93.12462437947592,153.21500069754464,151.06769917805988,0.12738472507736912,1.5210142179677981,0.29866357565783236,0.04021413748104758,0.09231019501050969,-0.017318565477533,-0.09150339755003639,-0.008143355271533951,0
2025-11-05,6796.2900390625,5939600000.0,18.010000228881836,3992.89990234375,175161.0,92.75328826904295,11749200.0,153.5570068359375,0.0036535556982648654,-0.05210525111148234,0.00818076059683115,-0.0047609122692813255,0.004195662479975826,6837.690011160715,6731.293668619792,17.410000119890487,17.820000076293944,3994.799979073661,4027.456648763021,93.18479592459542,93.13349736531576,153.28585815429688,151.26583251953124,0.12724921505415912,1.52771707617334,0.296306625060546,0.04190698351548508,0.09355338372058761,-0.0137282841228544,-0.08407120434235871,-0.012865497740789874,0
2025-11-06,6720.31982421875,6051900000.0,19.5,3991.0,188688.0,93.2259292602539,7665000.0,154.072998046875,-0.011178189042419073,0.08273180189796547,-0.0004758201783707783,0.00509567908622266,-0.0033602583273115716,6813.322823660715,6735.146988932292,17.85000010899135,17.91200008392334,3995.928536551339,4034.7866455078124,93.09884970528739,93.16483612060547,153.48314339773995,151.44323221842447,0.13090729518227343,1.541364212539983,0.29637832375020723,0.04373554341977252,0.09181070968619295,-0.024753015810120117,-0.08450702174528349,-0.007835377102338718,0
2025-11-07,6728.7998046875,5926070000.0,19.07999992370605,4009.800048828125,208649.0,93.2645263671875,11460300.0,152.947998046875,0.0012618418007710464,-0.02153846545097171,0.004710611081965688,0.0004140168646198372,0.00730173368637721,6790.2099609375,6737.983642578125,18.15857151576451,18.038333415985107,3997.2285505022323,4041.47998046875,93.10495976039341,93.199058787028,153.65699986049108,151.54613240559897,0.12996524460640088,1.5174942965264389,0.2955304744454146,0.04365949450719495,0.0930079006647801,-0.023522408399393364,-0.08019449037645507,-0.007424604215979983,0
2025-11-10,6832.43017578125,5366050000.0,17.600000381469727,4122.0,253812.0,93.13912200927734,9097300.0,153.81700134277344,0.01540101862170995,-0.07756811049026735,0.027981432940693773,-0.0013446093900314482,-0.005681691208747397,6791.651436941965,6743.690983072916,18.257143020629883,18.087666734059653,4012.3857073102677,4050.3733154296874,93.11238534109933,93.22015431722005,153.8134286063058,151.69319915771484,0.13690558817138748,1.5332717804753166,0.30376288173750116,0.043250358653194834,0.09339640631893484,-0.008483658827470004,-0.05445701419044313,-0.00875923041346536,0
2025-11-11,6846.60986328125,4983490000.0,17.280000686645508,4116.2998046875,252249.0,93.4284896850586,4937700.0,154.14599609375,0.002075350517340535,-0.018181800448205276,-0.001382871254852036,0.0031068327630618953,-0.002138871178767987,6792.567103794643,6748.962646484375,18.23428589957101,18.121000067392984,4029.4999651227677,4058.4766438802085,93.15565490722656,93.2521733601888,153.84857177734375,151.87823232014975,0.13661946971753122,1.5349952259660904,0.30387846648023176,0.04399154848768975,0.09143826565748495,-0.0064259148758661,-0.05576457840574611,-0.0056796111144311445,0
2025-11-12,6850.919921875,5293610000.0,17.510000228881836,4213.60009765625,296796.0,93.44778442382812,7188200.0,154.0749969482422,0.0006295171887717999,0.013310158165333874,0.023637805209899332,0.00020651879137267848,0.0004605967544212275,6792.417061941965,6753.619970703125,18.28285734994071,18.161666711171467,4058.0142647879466,4069.0133138020833,93.20801871163505,93.27445119222006,153.83142743791853,152.080832417806,0.13639980192833728,1.5350327380410902,0.31000185177069783,0.04304925007229506,0.09023097639065969,-0.0058004429109622556,-0.03344492543781392,-0.005474265269481304,0
2025-11-13,6737.490234375,5473720000.0,20.0,4194.5,319216.0,93.1776885986328,46965300.0,154.71299743652344,-0.01655685496159698,0.1422044396670561,-0.004532964024486885,-0.0028903395287609435,-0.004140843750888301,6787.551409040178,6754.357975260416,18.42571449279785,18.274000072479247,4091.4428362165177,4079.893310546875,93.20526123046874,93.28452072143554,153.90414210728235,152.33516591389974,0.14530663679284092,1.5842892110336133,0.30925188148647254,0.04391588151165732,0.08766342110769003,-0.022261260780569454,-0.0378262848184895,-0.008348782312942997,1
2025-11-14,6734.10986328125,5042660000.0,19.82999992370605,4094.199951171875,342176.0,93.02336120605467,11288500.0,154.63299560546875,-0.0005017255648851471,-0.008500003814697399,-0.02391227770368931,-0.0016562698098564477,0.0005170983199876966,6778.668526785715,6754.968636067709,18.68571444920131,18.380000082651772,4105.914271763393,4086.0699788411457,93.24384307861328,93.29553578694662,154.05785478864397,152.58459930419923,0.14531881686870535,1.5850438377319964,0.3178442674231271,0.04379710033603762,0.087828758179186,-0.02275181730181442,-0.06083404989510029,-0.009991224286705498,0
2025-11-17,6672.41015625,5204220000.0,22.3799991607666,4074.5,235352.0,93.12946319580078,6648500.0,154.5850067138672,-0.00916226617680782,0.1285930028679485,-0.004811672953646595,0.0011405950975162948,0.000310340567442724,6771.824288504465,6752.706315104167,19.097142900739396,18.580333360036214,4117.842843191965,4089.343310546875,93.23006221226284,93.31906127929688,154.13099888392858,152.7505661010742,0.1473541035710303,1.6190312075565962,0.3149108330940613,0.04292848998840916,0.07552208154884608,-0.03170562527249696,-0.06535300929620586,-0.008862025130628863,0
2025-11-18,6617.31982421875,5159390000.0,24.690000534057617,4066.5,233302.0,93.28380584716795,8769000.0,155.2729949951172,-0.008256436690967983,0.10321722340993555,-0.0019634310958399626,0.0016572913240429088,-0.004450549868160625,6755.898577008928,6749.463981119791,19.89857155936105,18.828666718800864,4125.942836216518,4091.4133138020834,93.23281642368862,93.34003982543945,154.46314130510603,152.91529947916666,0.1488314983378252,1.6356422008426659,0.3144877116389208,0.04261576982300166,0.07536028654971808,-0.039700286475655024,-0.06718812426138694,-0.0072194207639484035,0
2025-11-19,6642.16015625,5021610000.0,23.65999984741211,4082.800048828125,233696.0,93.2162857055664,13075900.0,155.54800415039062,0.0037538357962292324,-0.041717321359500015,0.0040083730058095846,-0.0007238141817688115,-0.001771133192105312,6728.717145647322,6745.7453125,20.764285768781388,19.074000072479247,4120.342843191965,4091.8233154296877,93.24383980887276,93.35812581380209,154.7104274204799,153.03186645507813,0.1481921515433641,1.6311983782907593,0.31109828790792204,0.04270526983909605,0.06873821838084243,-0.036095479035918615,-0.06344906631917761,-0.007938009426584111,0
2025-11-20,6538.759765625,5596080000.0,26.420000076293945,4060.0,272355.0,93.43814086914062,9076400.0,156.99200439453125,-0.015567283563270418,0.11665258861714323,-0.005584414753465383,0.002380004329661567,-0.009283309368241621,6684.738560267857,6739.200309244791,22.069999967302596,19.407000064849854,4112.300013950893,4094.7366455078127,93.24521854945591,93.3858512878418,155.11700003487724,153.17560017903645,0.15439907708668152,1.656012304960967,0.3030436710930925,0.04306836857576015,0.07244867012618726,-0.05110085404168476,-0.06867915517059658,-0.005576897593726696,1
2025-11-21,6602.990234375,5929930000.0,23.43000030517578,4079.5,257813.0,93.74679565429688,12551100.0,157.36900329589844,0.009823035415319481,-0.11317183052550484,0.004802955665024644,0.00330330614763108,-0.0024013891842527,6649.320033482143,6740.882991536459,22.915714263916016,19.466000080108643,4093.1428571428573,4097.373315429688,93.28793443952289,93.40463434855143,155.5875723702567,153.32240041097006,0.13600884562588222,1.4409226351689575,0.3027266858876727,0.04031510869018021,0.07252471159301435,-0.041779784125369895,-0.06420606244296767,-0.0022920136462016944,0
2025-11-24,6705.1201171875,6039740000.0,20.520000457763672,4094.199951171875,223055.0,93.89147186279295,6903900.0,156.68800354003906,0.015467217001293498,-0.12419973578785137,0.0036033707983516017,0.0015432656389620103,0.004327407186908938,6644.695731026785,6742.56298828125,22.99000004359654,19.515666739145914,4078.814278738839,4096.07998046875,93.38990347726005,93.42663752237955,155.86971609933036,153.47680053710937,0.13588075747683603,1.4430873546053409,0.2870231532919789,0.04049371733712749,0.07133084500003913,-0.02695878411141068,-0.06083404989510029,-0.0007522851931437923,0
2025-11-25,6765.8798828125,5003330000.0,18.559999465942383,4140.0,132704.0,94.13262939453124,9193400.0,156.93899536132812,0.009061696817220577,-0.09551661540434953,0.011186568651835316,0.0025684710970417246,-0.0016018572935925235,6649.234305245535,6746.615315755208,22.808571406773158,19.440666739145914,4085.3571428571427,4095.299983723958,93.54837036132812,93.44866663614908,156.1991446358817,153.62696685791016,0.13809474542056746,1.447976368167663,0.28810697621555836,0.04048878689408272,0.07121786747302204,-0.018141379622368555,-0.050328005518785676,0.0,0
2025-11-26,6812.60986328125,4485000000.0,17.190000534057617,4165.2001953125,25088.0,94.20978546142578,7747100.0,156.22999572753906,0.006906711511012631,-0.07381459974709137,0.006087003698671545,0.0008196527324353386,0.004517676643441604,6669.262834821428,6751.333642578125,22.067143031529017,19.325666777292888,4098.314313616072,4094.0866536458334,93.70270211356026,93.47679265340169,156.43414306640625,153.7769332885742,0.13895800257011884,1.4636726017259685,0.28738796869849725,0.040309848303159077,0.0711540957073304,-0.011359965386819371,-0.04454734857585379,0.0,0
2025-11-28,6849.08984375,2558540000.0,16.350000381469727,4254.89990234375,154806.0,94.04581451416016,7798000.0,156.28399658203125,0.005354773163420257,-0.04886562690464402,0.02153550917725333,-0.00174048742880073,-0.0003456497213656373,6702.372837611607,6758.667643229167,20.875714438302175,19.027000141143798,4125.228585379465,4092.42998046875,93.81156049455915,93.48502985636394,156.57857186453683,153.953933207194,0.13793351858170508,1.2986975547496935,0.2852901856497487,0.03855359960964427,0.0689068605093123,-0.006066022261189922,-0.023971189232677995,-0.0017404874288007262,0
2025-12-01,6812.6298828125,4549370000.0,17.239999771118164,4274.7998046875,227572.0,93.54082489013672,9898100.0,155.92799377441406,-0.005323329342915684,0.05443421216412436,0.004676937836490147,-0.0053696129554750005,0.002277922342677763,6726.725655691965,6763.621647135416,19.958571570260183,18.90900011062622,4152.657121930803,4094.47998046875,93.85792323521206,93.48156229654948,156.63285609654017,154.14753316243488,0.13858288105431038,1.209811330521164,0.27853268295782574,0.04141727561787551,0.0666607794049072,-0.011357060169807809,-0.019406363158095758,-0.0071007546404292425,0
2025-12-02,6829.3701171875,4582290000.0,16.59000015258789,4220.7998046875,215921.0,93.61819458007812,7317200.0,155.5570068359375,0.002457235261999813,-0.03770299461483784,-0.012632170503233064,0.0008271221686604324,0.0023792195967921037,6768.241420200893,6766.76298828125,18.554285866873606,18.854333464304606,4175.628522600447,4089.8599772135417,93.88364519391742,93.47650705973307,156.4278564453125,154.30276692708333,0.13549420287258854,1.1610754995858765,0.2615170581878779,0.041297458670106,0.06640361423348756,-0.008927731876529978,-0.03179338917306812,-0.006279505663346227,0
2025-12-03,6849.72021484375,4736780000.0,16.079999923706055,4232.5,176443.0,93.81169891357422,6855100.0,155.8070068359375,0.0029797912994984355,-0.03074142400187263,0.002772032755381071,0.0020669522026572906,-0.0016071278631870634,6803.488560267857,6770.575325520834,17.50428581237793,18.79466676712036,4197.48566545759,4093.9733072916665,93.89291708809989,93.47213312784831,156.20471409388952,154.4705337524414,0.13567526120563672,1.1630877419253838,0.1993713507379503,0.04139064277471363,0.06618699661080334,-0.00597454335480147,-0.02910948873387932,-0.004225532898751363,0
2025-12-04,6857.1201171875,4872440000.0,15.779999732971191,4243.0,161251.0,93.52146911621094,8928900.0,155.10699462890625,0.0010803218396737702,-0.01865672836805088,0.0024808033077377,-0.003093748442085653,0.004492815960249752,6825.202845982143,6775.832666015625,16.82714285169329,18.700666745503742,4218.742815290178,4099.893310546875,93.84005955287388,93.45744349161784,155.9788556780134,154.57766672770182,0.13450599365947286,1.157276192163035,0.19628413879377854,0.0423126217305798,0.06530593067498862,-0.004900675944796058,-0.02670090034207914,-0.00730620860501455,0
2025-12-05,6870.39990234375,4944560000.0,15.40999984741211,4243.0,193599.0,93.32798767089844,9118700.0,155.14199829101562,0.001936641757662061,-0.023447394918898135,0.0,-0.0020688452303083693,-0.00022567429788145077,6840.13427734375,6780.231331380209,16.377142906188965,18.637666765848795,4233.457101004465,4103.139973958333,93.72511073521206,93.44656117757161,155.7221418108259,154.6839335123698,0.1337153674774466,1.1416480574669496,0.1885398666361627,0.041679185092184226,0.06531505215588859,-0.0029735250408094416,-0.02670090034207914,-0.00935993842049875,0
2025-12-08,6846.509765625,4757130000.0,16.65999984741211,4217.7001953125,149813.0,93.13449096679688,14728300.0,155.33999633789062,-0.003477255626794018,0.08111615914194314,-0.0059627161648597715,-0.0020732977205496494,-0.0012762375698138761,6844.977120535715,6782.058658854166,16.301428522382462,18.64733339945475,4240.957101004465,4105.8033203125,93.57149723597935,93.42634429931641,155.5949990408761,154.77519989013672,0.13243635896053685,1.1547312391060578,0.18942124257570964,0.0419356207233761,0.0644668355297267,-0.00644044096092391,-0.03250440661685288,-0.011413830202056725,0
2025-12-09,6840.509765625,4508050000.0,16.93000030517578,4236.2001953125,177366.0,92.99906158447266,8509200.0,155.843994140625,-0.0008763589340257116,0.016206510218282677,0.004386276677645462,-0.0014541270470088685,-0.0032444818759882477,6843.751395089285,6780.903645833333,16.38428565434047,18.685333410898846,4238.285714285715,4113.019995117187,93.42196110316685,93.40161310831705,155.53214154924666,154.8679662068685,0.12748470829939826,1.149441079714006,0.1680784074394423,0.042082964317129185,0.06454721500595703,-0.007311155756974487,-0.028260703259871612,-0.012851360089858778,0
2025-12-10,6886.68017578125,5526570000.0,15.770000457763672,4224.7001953125,186178.0,93.29894256591795,13356900.0,156.83799743652344,0.00674955693920154,-0.06851741444195236,-0.002714697009061351,0.0032245592195885298,-0.006378194433347861,6854.330008370535,6780.763313802084,16.174285752432688,18.663666756947837,4231.128627232143,4121.073331705729,93.38740648542132,93.38399276733398,155.66214207240515,155.00616607666015,0.12887049982590254,1.163561314544351,0.16547443731312983,0.04316065873704299,0.06598468242868341,-0.0006109458798460348,-0.03089868102231943,-0.009668240841932196,0
2025-12-11,6901.0,5021060000.0,14.850000381469728,4313.0,228282.0,93.30862426757812,8672800.0,155.7899932861328,0.002079350841514227,-0.05833862077290064,0.020900845173693616,0.00010377075445777706,0.006682080666164936,6864.562848772322,6781.110319010417,15.925714356558663,18.594666767120362,4244.300083705357,4131.483333333334,93.34318215506417,93.38688837687174,155.69542585100447,155.14146575927734,0.12900941812121897,1.17259836025713,0.17421727653423147,0.038849614332375014,0.06636122733737049,0.0,-0.010643644396744598,-0.009565473368120947,0
2025-12-12,6827.41015625,4910160000.0,15.739999771118164,4328.2998046875,292175.0,93.0570831298828,8348700.0,155.56700134277344,-0.010663649289958,0.059932617291983625,0.003547369507883147,-0.00269579730351599,0.0014313624299977512,6861.375697544643,6781.279329427083,15.877142906188965,18.55566676457723,4257.985770089285,4141.896663411459,93.23537990025112,93.38588638305664,155.66113935198103,155.23629913330078,0.12953755247337068,1.1861567996921265,0.17420331442155618,0.03942852129870969,0.0644637111933185,-0.010663649289957977,-0.007134031828447217,-0.012235484094324333,0
2025-12-15,6816.509765625,4975600000.0,16.5,4335.2001953125,207700.0,93.13449096679688,6117000.0,155.88800048828125,-0.0015965630269072495,0.04828464040237068,0.0015942496907277448,0.000831831756493262,-0.0020634141092719105,6855.57421875,6780.4896484375,15.98000008719308,18.524333413441976,4271.1572265625,4153.186669921875,93.18009730747768,93.3861826578776,155.77271161760603,155.302566019694,0.12938934570578303,1.1910191519156932,0.17282501549277504,0.03948599219405682,0.06105358280276777,-0.012243187128677004,-0.005551155565755617,-0.011413830202056725,0
2025-12-16,6800.259765625,4983180000.0,16.479999542236328,4332.2998046875,212277.0,93.39569854736328,7456400.0,155.01499938964844,-0.0023839179519623555,-0.0012121489553740261,-0.0006690326846119365,0.0028046277791922147,0.005600181514281766,6845.55419921875,6778.765966796875,16.132857186453684,18.501333395640057,4283.914341517857,4163.796663411458,93.1897702898298,93.39666468302408,155.75456891741072,155.32989908854168,0.12943887452493846,1.1900375392350897,0.17303638730487553,0.04027472574671993,0.06331354397681291,-0.01459791832705405,-0.006216474345856671,-0.008641213968116169,0
2025-12-17,6721.43017578125,5122120000.0,17.6200008392334,4373.89990234375,212413.0,93.37635040283205,5673200.0,154.7779998779297,-0.011592143912241393,0.06917483790429602,0.009602312751125552,-0.00020716312241531032,0.001528881157642159,6827.685686383928,6777.0953125,16.270000185285294,18.4553334236145,4306.228585379465,4177.57666015625,93.22432163783482,93.40264333089193,155.67428370884485,155.34903259277343,0.12932764305713854,1.165980288727735,0.1673590771167748,0.04014089741262187,0.06350784707250287,-0.026020841069229098,0.0,-0.008846586949664437,0
2025-12-18,6774.759765625,5101190000.0,16.8700008392334,4364.5,234460.0,93.61819458007812,7357600.0,155.4949951171875,0.007934262269941872,-0.04256526471497213,-0.0021490894976158303,0.0025899938924871524,-0.004632410548161214,6818.292829241072,6776.37763671875,16.261428833007812,18.417333443959553,4324.55712890625,4189.963330078125,93.3127692086356,93.43147354125976,155.62442670549666,155.41363220214845,0.1310244429858419,1.1625937235600439,0.16745582718445226,0.03805766256913163,0.06343490594408673,-0.018293034976814955,-0.0021490894976158624,-0.006279505663346227,0
2025-12-19,6834.5,8554470000.0,14.90999984741211,4387.2998046875,165214.0,93.40757751464844,5806600.0,155.58599853515625,0.008818059450332205,-0.11618262562637516,0.0052239213397868856,-0.0022497450028213795,-0.0005852498204212964,6810.838518415178,6780.183642578125,16.13857160295759,18.26433343887329,4347.78564453125,4203.173323567708,93.32828848702567,93.43752848307291,155.44556971958704,155.4640655517578,0.12909990760303022,1.1829285756480605,0.16723531536080008,0.03592993358785109,0.06282637598626054,-0.009636284596435299,0.0,-0.008515123379681275,0
2025-12-22,6878.490234375,4465030000.0,14.079999923706056,4469.39990234375,203043.0,93.31053924560548,4672800.0,157.67599487304688,0.006436496360377575,-0.05566733281020886,0.01871312682313886,-0.0010388693468443844,-0.013433061827979209,6807.622837611607,6785.173323567708,16.02857153756278,18.097666772206626,4370.128487723215,4218.493318684896,93.32856205531529,93.43906224568686,155.71499851771765,155.62166544596354,0.13019906431085917,1.190871956135263,0.17314394063692237,0.03605465982480148,0.06933415701914851,-0.00326181214679032,0.0,-0.009545146625861863,0
2025-12-23,6909.7900390625,3820560000.0,14.0,4505.7001953125,248418.0,93.2717056274414,5093900.0,156.8769989013672,0.004550388765703239,-0.005681812794001706,0.008121961283821255,-0.00041617611984712255,0.005067327923460985,6819.391392299107,6787.751985677083,15.780000141688756,17.977666759490965,4395.471400669643,4231.2833251953125,93.35922241210938,93.44348169962565,155.90214102608817,155.72366536458333,0.123211219663995,1.1721337354692873,0.15781183326089018,0.035849374826767214,0.07005543735484707,0.0,0.0,-0.00995735028362284,0
2025-12-24,6932.0498046875,1798270000.0,13.470000267028809,4502.7998046875,151576.0,93.5143585205078,3967700.0,156.17599487304688,0.0032214822012188726,-0.03785712378365658,-0.0006437158486526373,0.0026015702343391567,0.004468494637388187,6835.897112165178,6790.599983723959,15.347143036978585,17.850666745503744,4419.414202008928,4244.166658528646,93.41348920549665,93.44634399414062,155.9432830810547,155.79133199055988,0.12339092230994253,1.1754411056404734,0.15764713524779478,0.035503220864213716,0.07145193197360844,0.0,-0.0006437158486526508,-0.007381684795394483,0
2025-12-26,6929.93994140625,2586550000.0,13.600000381469728,4552.7001953125,181246.0,93.60171508789062,3491500.0,156.08999633789062,-0.00030436354912266594,0.0096510847708835,0.011082080658583404,0.0009341513834335569,0.0005506514315862798,6854.4228515625,6793.233984375,14.935714585440499,17.720333417256672,4450.899972098215,4255.469995117188,93.4429201398577,93.45147501627604,156.09685407366072,155.8584986368815,0.12340832389387328,1.174976218101216,0.14725138142889907,0.035596626497099305,0.07146233669909449,-0.000304363549122699,0.0,-0.006454429023024692,0
2025-12-29,6905.740234375,3541750000.0,14.199999809265137,4343.60009765625,316961.0,93.73758697509766,5034600.0,156.46299743652344,-0.00349205148036813,0.044117603747491074,-0.045928808989342484,0.0014515961281205136,-0.0023896540930488097,6880.752859933035,6798.842317708333,14.447143009730748,17.52700007756551,4446.571428571428,4260.439998372396,93.49452536446708,93.47013829549154,156.33756801060267,155.91683197021484,0.11318386046801522,1.0996128484645924,0.20304431753754196,0.03468503876381805,0.07085254234465016,-0.0037953521763085555,-0.04592880898934248,-0.0050122021190831265,0
2025-12-30,6896.240234375,3309930000.0,14.329999923706056,4386.2998046875,189751.0,93.64054870605467,4108600.0,156.01300048828125,-0.0013756671519022934,0.009154937759653814,0.009830487630362317,-0.0010352119376484392,0.002876059871119052,6898.107212611607,6804.246663411458,14.084285736083984,17.343666744232177,4449.685686383928,4270.17666015625,93.49771881103516,93.4907112121582,156.41156877790178,155.96283213297525,0.11330264282029666,1.1008769544406403,0.18983694318712394,0.034441751834454075,0.0714408369402408,-0.005165798186892039,-0.036549823947627236,-0.006042225365264016,0
2025-12-31,6845.5,3261830000.0,14.949999809265137,4341.10009765625,161782.0,93.3299560546875,6802100.0,156.41299438476562,-0.007357666300846111,0.04326586802930943,-0.010304746379384833,-0.0033168606512777865,-0.002563849776829441,6899.678641183035,6810.016324869792,14.090000016348702,17.096000099182127,4443.085728236607,4279.063330078125,93.48663003104073,93.49739430745443,156.5297110421317,156.02376505533854,0.11203497887116115,1.0343462760861843,0.19229435353491134,0.03580542304992137,0.07171052878811018,-0.012485456268501479,-0.04647793366102062,-0.0093390447969816,0
2026-01-02,6858.47021484375,4184120000.0,14.510000228881836,4329.60009765625,154807.0,93.25230407714844,6611800.0,156.7310028076172,0.0018947067188299638,-0.02943141043457509,-0.002649098095252156,-0.0008320155802233886,-0.002033133014954558,6896.818638392857,6818.054671223958,14.151428631373815,16.75666675567627,4423.114327566965,4287.833333333333,93.47831072126117,93.49634424845378,156.39471217564173,156.0723653157552,0.10865495757419574,0.9765763913663653,0.19243316557503098,0.03557512457771505,0.07086174766590848,-0.010614405827551177,-0.049003907150740086,-0.010163290146429478,0
2026-01-05,6902.0498046875,5771930000.0,14.899999618530272,4451.5,211711.0,93.53376770019533,8693200.0,156.98899841308594,0.006354126864826393,0.02687797267378067,0.028155002677900498,0.003018302076633228,-0.0016461044773983247,6895.712890625,6826.717659505209,14.280000005449567,16.464666748046874,4415.371442522322,4300.1233317057295,93.51574816022601,93.50692698160807,156.41071210588728,156.12039845784506,0.10944113241222274,0.9809289621062273,0.20664523105883162,0.03656116854828229,0.07084044039798189,-0.004327724243947843,-0.022228609609896255,-0.0071756639495506565,0
2026-01-06,6944.81982421875,5509680000.0,14.75,4496.10009765625,176584.0,93.4658432006836,12834100.0,156.62600708007812,0.006196712678341321,-0.01006708874970208,0.01001911662501409,-0.0007262029658577918,0.0023122087323129703,6897.537179129465,6840.252994791666,14.462857110159737,16.075666745503742,4414.414341517857,4314.660001627604,93.50881740025112,93.5078503926595,156.4749995640346,156.1081985473633,0.09785224001597957,0.9003562565722921,0.20598045842913873,0.03599364137859903,0.065885461161642,0.0,-0.012432204016975675,-0.007896655926966258,0
2026-01-07,6920.93017578125,5214480000.0,15.380000114440918,4462.5,202783.0,93.64054870605467,7990900.0,156.67999267578125,-0.003439923431013958,0.042711872165486,-0.0074731649488331,0.0018691909192534162,-0.00034467836286933284,6896.250069754465,6850.850992838542,14.71714278629848,15.807333405812582,4401.528599330357,4327.426668294271,93.51436505998883,93.5043088277181,156.55928475516183,156.0852315266927,0.0962084115822822,0.8694647327817634,0.20835908250092455,0.03508269144855176,0.06548363714454339,-0.0034399234310139126,-0.019812461054512422,-0.006042225365264016,0
2026-01-08,6921.4599609375,5333200000.0,15.449999809265137,4460.7001953125,208958.0,93.35906219482422,6931700.0,156.7310028076172,7.65482590914246e-05,0.004551345533378326,-0.00040331757703082616,-0.0030060322704222875,-0.0003255688934162837,6898.495744977678,6858.062320963541,14.895714214869908,15.638333384195963,4418.257184709822,4339.643343098958,93.46029009137835,93.4865618387858,156.59757123674666,156.08666483561197,0.08679285943330796,0.8032219032767267,0.2085950473652454,0.035774636061936885,0.0642743634844882,-0.003363638492072448,-0.02020778791775571,-0.0090300945112532,0
2026-01-09,6966.27978515625,5163900000.0,14.489999771118164,4500.89990234375,217946.0,93.4658432006836,10277300.0,156.8800048828125,0.006475487031883276,-0.062135925566243366,0.009011972396955503,0.0011437669075611279,-0.0009506866703214989,6908.501395089285,6864.742317708334,14.91857133592878,15.502666727701824,4434.628627232143,4351.67333984375,93.43533216203961,93.46433563232422,156.72142900739397,156.08469848632814,0.08503024943910877,0.777075640068807,0.20794274926365527,0.035052050892761887,0.0641624538418098,0.0,-0.011377927547718613,-0.007896655926966258,0
2026-01-12,6977.27001953125,5019040000.0,15.119999885559082,4614.7001953125,307991.0,93.34935760498048,6360600.0,158.1490020751953,0.001577633215136931,0.04347826945426525,0.025283897762198748,-0.0012462905347464526,-0.008088967063270669,6927.32568359375,6870.230989583333,14.94285706111363,15.433666706085205,4473.71435546875,4366.656673177084,93.43810381208148,93.43565470377604,156.96943010602678,156.14866536458334,0.08318934689228706,0.7637450885847716,0.21773336419509132,0.0350235202210415,0.06680592896628261,0.0,0.0,-0.009133104934174812,0
2026-01-13,6963.740234375,5091730000.0,15.979999542236328,4599.10009765625,267451.0,93.4658432006836,7622500.0,157.98599243164062,-0.0019391230550597216,0.056878284602278395,-0.00338052245996312,0.0012478457130473686,0.0010307345693979508,6942.3642578125,6874.052669270834,15.152856963021415,15.421333344777425,4512.21435546875,4378.130013020834,93.46860940115792,93.41632232666015,157.14871433803015,156.2053985595703,0.08240878144294654,0.7701919130020689,0.21170425536649173,0.035028938586067926,0.06693741700209635,-0.0019391230550597157,-0.0033805224599630975,-0.007896655926966258,0
2026-01-14,6926.60009765625,5530830000.0,16.75,4635.7001953125,306299.0,93.65992736816406,7331200.0,159.1790008544922,-0.005333360445499591,0.04818526156577807,0.007958099819332487,0.002076525079474756,-0.007551355689763284,6945.871442522322,6877.851676432291,15.417142731802803,15.405000019073487,4538.528669084822,4390.160026041666,93.48663221086774,93.42029240926107,157.4615718296596,156.3137654622396,0.08241501628924358,0.7665859466504594,0.2121858308568398,0.032004156287698975,0.06956939659390414,-0.007262141458358541,0.0,-0.005836528451567892,0
2026-01-15,6944.47021484375,5114050000.0,15.84000015258789,4623.7001953125,226481.0,93.4658432006836,6172500.0,158.40199279785156,0.0025799262171273263,-0.054328349099230455,-0.002588605710984959,-0.002072222058400186,0.0048813477435437624,6945.821498325893,6881.688346354166,15.57285703931536,15.380000019073487,4556.757254464285,4403.5900390625,93.48663221086774,93.41521402994792,157.7152840750558,156.40859832763672,0.08244024215445196,0.7751912191652495,0.20779267684132374,0.032487487254196354,0.07089622576645065,-0.00470095103037213,-0.002588605710984953,-0.007896655926966258,0
2026-01-16,6940.009765625,5356550000.0,15.859999656677246,4595.39990234375,246155.0,93.10670471191406,11979300.0,158.5959930419922,-0.0006423023039563436,0.0012625949429734273,-0.006120702418690671,-0.0038424570567283656,-0.0012247336079174165,6948.547154017857,6884.697998046875,15.641428402491979,15.372666676839193,4575.742954799107,4415.686702473959,93.41036878313336,93.39171422322592,157.98899841308594,156.5015645345052,0.08218833581142115,0.769827918054446,0.20951602785102252,0.03363224078838443,0.0708583272056673,-0.00534023390265083,-0.008693464044439417,-0.011708770422403472,0
2026-01-20,6796.85986328125,5769500000.0,20.09000015258789,4765.7998046875,414495.0,92.73790740966795,13607700.0,158.177001953125,-0.02062675805627745,0.2667087381764075,0.037080538356812465,-0.00396101766663548,0.002641876890018602,6930.747140066965,6882.689322916666,16.30428559439523,15.516333357493084,4619.32861328125,4433.113362630208,93.3216323852539,93.36559549967448,158.19556971958704,156.60389811197916,0.10234759163541904,1.0866079095445647,0.23182430841572235,0.034355780221383504,0.06989861898672416,-0.025856840246254422,0.0,-0.015623409442541269,1
2026-01-21,6875.6201171875,5835520000.0,16.899999618530273,4837.5,400518.0,92.98054504394533,11969000.0,158.16200256347656,0.011587741323274559,-0.1587854907829206,0.015044735039432044,0.002616380302884469,9.48266148885768e-05,6917.795758928572,6882.863330078125,16.648571286882675,15.566000016530355,4667.414341517857,4452.930029296875,93.25230407714844,93.35401407877605,158.3787122453962,156.7045649210612,0.10783424773060542,1.189002041206588,0.23367089784967618,0.034912777284898756,0.0699222070303683,-0.014568721299190752,0.0,-0.013047905920386236,0
2026-01-22,6913.35009765625,5307580000.0,15.640000343322754,4913.39990234375,265088.0,92.97083282470705,10209500.0,158.45599365234375,0.005487502192628835,-0.07455617181351726,0.01568990229328171,-0.00010445431604744204,-0.0018587972085721827,6908.664341517857,6885.091341145833,16.722857066563197,15.53200003306071,4710.085728236607,4476.12001953125,93.19822910853794,93.34855880737305,158.42256818498885,156.80843149820964,0.10841638324017594,1.188795415761828,0.23368468546429205,0.03441939523317342,0.06998774132787978,-0.00916116499663493,0.0,-0.013150997326344886,0
2026-01-23,6915.60986328125,4871930000.0,16.09000015258789,4979.7001953125,276594.0,93.12612915039062,8147500.0,158.50100708007812,0.0003268698377891788,0.02877236568970143,0.013493770970509411,0.0016703768371784111,-0.00028407526087748103,6901.78857421875,6887.594677734375,16.738571439470565,15.504000027974447,4764.457170758928,4500.903352864583,93.14969852992466,93.35279439290365,158.4961417061942,156.8969985961914,0.10835451532782918,1.1907939137711199,0.23489427807334962,0.03450794587401959,0.06956671475398012,-0.00883728966736226,0.0,-0.01150258761048617,0
2026-01-26,6950.22998046875,4968050000.0,16.149999618530273,5082.5,433111.0,93.2620086669922,6803800.0,155.16600036621094,0.005006083031276365,0.0037289910113973423,0.02064377385294547,0.0014590912114702537,0.021040918132351538,6905.164271763393,6889.713004557291,16.652857099260604,15.516666666666667,4828.285714285715,4529.4966796875,93.09285300118583,93.35156326293945,157.922855922154,156.8412653605143,0.1075799046366263,1.1724528923150077,0.23752744566373366,0.03345906133642598,0.09158797734944205,-0.0038754468419321137,0.0,-0.010060279723507565,0
2026-01-27,6978.60009765625,5331720000.0,16.350000381469727,5082.60009765625,325759.0,93.15524291992188,9857200.0,154.33599853515625,0.004081896177137168,0.012383948462139527,1.9694570831285674e-05,-0.0011447935616694105,0.005349121773428278,6910.039969308035,6892.299674479166,16.72571427481515,15.566666666666666,4893.842843191965,4555.150016276041,93.04848153250558,93.34645055135091,157.34199959891183,156.7927988688151,0.10801877170751342,1.1579556474974366,0.2340500702085687,0.033617140570289784,0.09086466088328173,0.0,0.0,-0.011193556341720881,0
2026-01-28,6978.02978515625,5507670000.0,16.350000381469727,5303.60009765625,112054.0,93.07759857177734,17032400.0,152.4530029296875,-8.172305219089626e-05,0.0,0.04348168176794198,-0.0008334941299147358,0.01220062476247119,6915.471400669643,6897.320328776042,16.795714378356934,15.587000020345052,4995.014299665178,4587.660026041666,93.04432351248605,93.34713439941406,156.4644295828683,156.68899892171223,0.10283410496446899,1.1465309606730727,0.2583703678987413,0.03276733884726187,0.09717497990053346,-8.172305219087398e-05,0.0,-0.012017720708131872,0
2026-01-29,6969.009765625,6877780000.0,16.8799991607666,5318.39990234375,570055.0,93.1746597290039,11049100.0,153.0959930419922,-0.001292631274007694,0.032415826723621866,0.0027905204794833605,0.001042798253456434,-0.0042176283834909345,6940.064243861607,6902.403662109375,16.33714280809675,15.599666659037272,5073.957170758928,4620.433349609375,93.10671670096261,93.3484733581543,155.7385711669922,156.59593200683594,0.10277764714813199,1.1420814230131215,0.2581790986519628,0.032819014758411105,0.09789664955946793,-0.001374248688425476,0.0,-0.010987454512840469,0
2026-01-30,6939.02978515625,6697340000.0,17.440000534057617,4745.10009765625,508003.0,93.11642456054688,8238500.0,153.16200256347656,-0.004301899620894223,0.03317543845574367,-0.10779554287274529,-0.0006250107982835873,-0.00043116426611033987,6949.122767857143,6907.029329427083,16.414285796029226,15.631666692097982,5060.757184709822,4634.193359375,93.12612806047711,93.33916422526042,155.02428545270647,156.53416544596354,0.10343539233189007,1.1452812374116885,0.4210316388928053,0.03177582163182855,0.09676517550115026,-0.0056702364294079,-0.10779554287274527,-0.011605598033407933,0
2026-02-02,6976.43994140625,5772050000.0,16.34000015258789,4652.60009765625,385977.0,92.93335723876952,8987100.0,155.20199584960938,0.00539126612916796,-0.06307341443720693,-0.019493793196415088,-0.001966004629594842,-0.013319186560565965,6958.135602678572,6915.529654947916,16.514285768781388,15.589000002543132,5023.500069754465,4643.483365885417,93.1207744053432,93.32439778645833,154.55942862374442,156.54829864501954,0.09744385493719895,1.1443306485014881,0.42572221178273845,0.03223397144729297,0.10449709693618897,-0.00030954005384625555,-0.12518799204890377,-0.013548786003539919,0
2026-02-03,6917.81005859375,7017660000.0,18.0,4935.0,260114.0,93.02098846435548,7313800.0,155.4429931640625,-0.008403983020698336,0.10159117698350828,0.06069722228781482,0.0009429469481105901,-0.0015527977790095182,6958.449916294643,6920.297998046875,16.78714288984026,15.626666641235351,5017.114327566965,4662.500032552083,93.10575430733817,93.30449091593424,154.12256949288505,156.54656524658202,0.09920956897866151,1.1737396495982557,0.4576264192743023,0.031356000194710944,0.10371779276499792,-0.008710921705187868,-0.07208933314224653,-0.012618614841842003,0
2026-02-04,6882.72021484375,7475750000.0,18.63999938964844,4950.7998046875,245957.0,93.00152587890624,7268600.0,155.7989959716797,-0.005072391906223106,0.03555552164713571,0.0032015814969605927,-0.00020922789330179992,-0.0022902467352867717,6948.8056640625,6921.905338541666,17.142857142857142,15.750999959309896,4998.300013950893,4681.283365885417,93.06854248046875,93.2909558614095,154.21299743652344,156.5536651611328,0.09750546345104538,1.1190520292623518,0.4576368716935833,0.030755306964795327,0.10391755580935826,-0.013739128402657874,-0.06911855152040249,-0.012825202568944047,0
2026-02-05,6798.39990234375,6989120000.0,21.770000457763672,4889.5,234592.0,93.54682159423828,12086800.0,156.91700744628906,-0.012251015567674717,0.16791851773629607,-0.012381798316599357,0.005863298587617249,-0.007175986389620803,6923.062779017857,6919.235660807291,17.917142868041992,16.00733331044515,4970.714285714285,4695.286702473958,93.12448229108539,93.29883193969727,154.5817129952567,156.5283655802409,0.10213931968848751,1.1907781408688833,0.4580897022639291,0.035194424256351484,0.09835743615968215,-0.025821825694385313,-0.08064453787214071,-0.007037101973435134,0
2026-02-06,6932.2998046875,6283680000.0,20.3700008392334,4979.7998046875,177809.0,93.54682159423828,7759900.0,156.78399658203125,0.0196957966973359,-0.06430866279706493,0.018468106081910296,0.0,0.0008476510381026925,6916.529924665178,6919.985986328125,18.49142864772252,16.21966667175293,4924.457101004465,4711.090022786459,93.19151415143695,93.30800247192383,155.20042637416296,156.5252655029297,0.11685224295193786,1.2124992181291447,0.4599910151979281,0.035163408865019785,0.09727572796077395,-0.006634610426280174,-0.06366578367057982,-0.007037101973435134,0
2026-02-09,6964.81982421875,5650260000.0,17.360000610351562,5079.39990234375,124150.0,93.56627655029295,8165100.0,157.24400329589844,0.004691086716887227,-0.1477663281723809,0.020000823640037968,0.00020797025193508567,-0.00293401574073604,6915.931361607143,6921.0783203125,18.560000283377512,16.349333349863688,4890.314243861607,4730.310026041667,93.2474594116211,93.30973307291667,155.79299926757812,156.5608657836914,0.11726648654977459,1.2934801029510543,0.46216006782022845,0.03435915375744804,0.09668601788908181,-0.001974647242235313,-0.04493832814164196,-0.006830595229370431,0
2026-02-10,6941.81005859375,5595950000.0,17.790000915527344,5031.0,105658.0,93.97526550292967,9752300.0,156.1320037841797,-0.003303712975458173,0.02476960196184419,-0.009528665447549711,0.004371114975563639,0.007071808707555083,6916.328543526785,6921.473990885416,18.610000337873185,16.489000034332275,4931.157087053572,4746.253352864584,93.37015097481864,93.32218475341797,156.21728515625,156.56226603190103,0.11769635883745827,1.2940244485669525,0.4634477923392305,0.036528574329972724,0.09897271791062773,-0.005271836549977389,-0.05403879129455771,-0.002489337570905861,0
2026-02-11,6941.47021484375,6175510000.0,17.649999618530273,5098.5,129968.0,93.71234893798828,9106600.0,154.48199462890625,-4.895607156218951e-05,-0.007869662158076385,0.013416815742397059,-0.0027977209059675268,0.01056803932110062,6911.332868303572,6922.664990234375,18.797143118722097,16.604000027974447,4994.857073102678,4771.416682942709,93.48143550327846,93.32134348551432,156.1144278390067,156.49623260498046,0.1172094266264489,1.2916173193570577,0.4394527705748999,0.037266694066309496,0.10331556270285257,-0.005320534533132226,-0.0413470040579015,-0.005280094005109219,0
2026-02-12,6832.759765625,7118700000.0,20.81999969482422,4948.39990234375,161618.0,94.28684997558594,13099900.0,153.2689971923828,-0.01566101212770199,0.17960340763780214,-0.02944005053569676,0.006130473135166126,0.007852031166721285,6899.182826450893,6920.548974609375,19.2000002179827,16.820333353678386,4996.771344866072,4790.153352864583,93.66227286202567,93.34288686116537,155.8038569859096,156.4047658284505,0.1258691454340544,1.3815650618581528,0.4508664317623995,0.04113378341899198,0.10533691951213243,-0.02089822170498496,-0.069569796704634,0.0,1
2026-02-13,6836.169921875,5718360000.0,20.600000381469727,5046.2998046875,123016.0,94.65686798095705,11681500.0,152.8209991455078,0.0004990891480125548,-0.010566729902939609,0.019784153317394804,0.003924386120301104,0.0029229528155173545,6892.532784598215,6920.237972005209,19.480000359671457,17.008666706085204,5010.414202008928,4813.660009765625,93.89875030517578,93.38711725870768,155.37842886788505,156.2850326538086,0.12407593472183305,1.3811599238668029,0.4507552570734827,0.04105804172072382,0.10511860104455911,-0.020409562632638156,-0.05116202291150371,0.0,0
2026-02-17,6843.22021484375,5418480000.0,20.290000915527344,4905.89990234375,166706.0,94.64712524414062,8623800.0,153.60899353027344,0.0010313220779065713,-0.015048517485525714,-0.027822346625805405,-0.00010292688765467517,-0.0051563226858328814,6898.935686383928,6919.729638671875,19.268571853637695,17.201333395640056,5012.757045200893,4832.870003255209,94.05593654087612,93.43361129760743,154.9058554513114,156.18096567789715,0.1239856074066069,1.377831670039222,0.46047706685215983,0.04091063953112652,0.10622182304161028,-0.01939928938727512,-0.07756092200178791,-0.00010292688765468654,0
2026-02-18,6881.31005859375,5098160000.0,19.6200008392334,5009.5,98203.0,94.452392578125,7778800.0,153.1490020751953,0.005566070147410729,-0.03302119497595557,0.02111745035946533,-0.002057459912420123,0.002994560699256632,6891.651436941965,6919.038313802083,19.161428996494838,17.358666769663493,5016.999930245535,4851.470003255208,94.18530382428851,93.46423212687175,154.3865705217634,156.05296579996744,0.1236527821610696,1.3841669303944166,0.45779191081178405,0.040838561078177495,0.10620213934854834,-0.013941197045403803,-0.05808136056252968,-0.0021601750321295393,0
2026-02-19,6861.89013671875,5151690000.0,20.229999542236328,4997.39990234375,87026.0,94.54003143310548,4993000.0,154.6929931640625,-0.0028221256867719813,0.031090656315525544,-0.0024154302138437167,0.000927862731566087,-0.010081626833644552,6876.947195870535,6916.273990885416,19.571428843906947,17.54133342107137,5005.28564453125,4868.179996744791,94.32441166469029,93.5000384012858,154.0221405029297,155.98853200276693,0.12243718724859237,1.3834140617380901,0.4578745351697045,0.04074844392681625,0.11065354145331956,-0.016723978921889624,-0.06035649930320949,-0.001234316646469515,0
2026-02-20,6909.509765625,5432480000.0,19.09000015258789,5080.89990234375,136737.0,94.54003143310548,11200200.0,155.16000366210938,0.006939724763506794,-0.056351923650237334,0.016708688844540687,0.0,-0.0030189505581004195,6872.332868303572,6915.893310546875,19.757143020629883,17.665000089009602,5012.414202008928,4888.793326822916,94.40509251185826,93.53002115885417,153.88328334263392,155.9378657023112,0.12386423896663666,1.3953592798854555,0.4579984465845875,0.04051595680076049,0.1110785300784229,-0.009900313969051453,-0.04465628842527183,-0.001234316646469515,0
2026-02-23,6837.75,5638350000.0,21.01000022888184,5225.60009765625,140957.0,94.88082885742188,9862900.0,154.33900451660156,-0.010385652247284827,0.10057622110776498,0.02847924542771474,0.0036047949122750556,0.005291306561810205,6857.515694754465,6913.102978515625,20.237143107822963,17.85033343633016,5030.571358816965,4914.289990234375,94.57201821463448,93.58074671427408,153.86285618373327,155.858132425944,0.12744891927624502,1.419168655682768,0.46279881623142616,0.04032743015179855,0.11199230140780317,-0.020183144998314813,-0.017448820395511124,0.0,0
2026-02-24,6890.06982421875,5266090000.0,19.549999237060547,5176.2998046875,145961.0,94.86136627197266,9493300.0,154.63499450683594,0.0076516140863223114,-0.06949076515545538,-0.00943437921911816,-0.00020512663815852594,-0.0019177912359966687,6865.702845982143,6910.562646484375,20.055714470999582,18.019000085194907,5063.128487723215,4936.8033203125,94.65409197126117,93.62726414998373,154.05799865722656,155.7832987467448,0.12804240774973816,1.4227533562841468,0.464740310858568,0.04034208141757982,0.11213527194490336,-0.012685964548567947,-0.02671858082609176,-0.00020512663815854015,0
2026-02-25,6946.1298828125,5328060000.0,17.93000030517578,5226.2001953125,110992.0,94.783447265625,8762700.0,155.8800048828125,0.008136355657339944,-0.082864398726613,0.009640166239948345,-0.0008213987359644292,-0.008051284768672007,6881.411411830357,6909.524641927083,19.674285888671875,18.112666765848797,5088.828543526785,4957.186653645834,94.67217472621373,93.67506713867188,154.4949994768415,155.7076655069987,0.1302851667839276,1.446743707606196,0.4610329077717274,0.040201058434780716,0.11211036980590161,-0.00465282641065148,-0.01733598614700237,-0.0010263568833616646,0
2026-02-26,6908.85986328125,5889550000.0,18.6299991607666,5194.2001953125,131633.0,95.03662872314452,8177300.0,156.1999969482422,-0.005365580569328343,0.03904064939635021,-0.006122995446806945,0.0026711568825934506,-0.0020528102091750267,6890.788504464285,6907.695296223958,19.437142780848912,18.201000086466472,5130.014299665178,4977.023323567709,94.72781808035714,93.72742665608725,154.86514282226562,155.64813232421875,0.131077776279959,1.4425910414800807,0.4615125151809983,0.04063690850748019,0.1123293331318678,-0.009993441864998415,-0.02335283342956531,0.0,0
2026-02-27,6878.8798828125,6665660000.0,19.86000061035156,5247.89990234375,151664.0,95.41638946533205,9970300.0,155.85899353027344,-0.00433935281103115,0.06602262506673906,0.01033839763814104,0.003995940799771391,0.0021831205162042844,6890.441336495535,6906.104622395834,19.47142846243722,18.30466677347819,5164.071428571428,4997.42998046875,94.86553192138672,93.78597539265951,155.25228445870536,155.53746541341147,0.13077283209605758,1.4477230300157913,0.4617196533134551,0.041628495500176825,0.1098924204382218,-0.01428942960598084,-0.013255866669396477,0.0,0
2026-03-02,6881.6201171875,6079080000.0,21.440000534057617,5311.60009765625,227839.0,94.84315490722656,17709600.0,156.63299560546875,0.0003983547353176853,0.07955689200142935,0.012138226051920498,-0.006007715878976527,-0.004966040506638958,6893.259905133928,6904.009619140625,19.64428574698312,18.491333452860513,5208.957170758928,5020.359977213541,94.90883527483258,93.8318857828776,155.52942766462053,155.47849884033204,0.13052281493573137,1.4483899023219655,0.46170974865011877,0.04524780512606422,0.11032553423517648,-0.013896767132611674,-0.0012785433236232224,-0.006007715878976517,0
2026-03-03,6816.6298828125,6442080000.0,23.56999969482422,5123.7001953125,273216.0,94.73572540283205,13708500.0,157.2570037841797,-0.009444031095625416,0.09934697330735043,-0.03537538573859522,-0.0011327069887078212,-0.003983887151610688,6879.991350446428,6899.896956380208,20.284285681588308,18.74833345413208,5215.071498325893,5037.969986979167,94.9367915562221,93.88618647257486,155.82899911063058,155.43386586507162,0.13320609862907712,1.4686410428980055,0.47544446949978386,0.04364554773130058,0.11095595787619071,-0.023209556727308015,-0.036608700098961784,-0.007133617885922082,0
2026-03-04,6869.5,5252170000.0,21.14999961853028,5134.7001953125,146885.0,94.54041290283205,12535500.0,157.7729949951172,0.007756049264286302,-0.10267289383229605,0.0021468859575475285,-0.0020616562460412657,-0.0032811970120303346,6884.527064732143,6902.318294270834,20.30428559439523,18.783666769663494,5202.085797991072,5050.266666666666,94.8881607055664,93.94626998901367,156.31956917898995,155.42039896647137,0.12088910391562473,1.3045408128744191,0.4650415007926333,0.042252512503242884,0.11117830893774129,-0.01563352192840095,-0.034540408845580774,-0.009180567064091977,0
2026-03-05,6830.7099609375,5989300000.0,23.75,5078.7001953125,151852.0,94.2474594116211,12599700.0,156.98300170898438,-0.005646704863891072,0.12293146233401187,-0.0109061868989202,-0.00309871178066512,0.005007151484683781,6876.047084263393,6900.8212890625,20.90428570338658,19.012000115712485,5188.142996651785,5058.306673177083,94.80045972551618,93.98850046793619,156.65499877929688,155.38109893798827,0.11727296119091417,1.2516875449421498,0.4652424984951488,0.04317246005199365,0.11209891471901791,-0.021191948907979215,-0.04506989159006592,-0.012250830913442423,0
2026-03-06,6740.02001953125,5793120000.0,29.489999771118164,5158.7001953125,160268.0,94.18885040283205,12758200.0,157.53399658203125,-0.013276795812569242,0.24168420088918596,0.0157520619299083,-0.0006218630099414924,-0.0035099014991974986,6846.602818080357,6895.043619791667,22.555714198521205,19.473666763305665,5178.500139508928,5066.483349609375,94.71551731654576,94.0291010538737,156.8912833077567,155.3503657023112,0.12189509419403954,1.3849496269841841,0.4652583674418165,0.04325666372497291,0.1124671783897702,-0.034187383542026814,-0.03002777338365857,-0.012865075584797787,1
2026-03-09,6795.990234375,6709410000.0,25.5,5103.7001953125,181749.0,94.4818115234375,12134400.0,158.427001953125,0.008304161513105202,-0.1353000950181722,-0.010661600387240178,0.0031103588094822943,-0.005668651786084444,6830.478585379465,6891.056298828125,23.53714288984026,19.787333424886068,5165.571568080357,5070.616682942708,94.63625771658761,94.0742904663086,157.2094268798828,155.3478988647461,0.12470615916913483,1.4605416776554194,0.4653642623370285,0.04381106529688928,0.11373178580960955,-0.026167119583565074,-0.04036922965056362,-0.009794731776495365,1
2026-03-10,6781.47998046875,5944950000.0,24.93000030517578,5242.10009765625,179577.0,94.17909240722656,10571300.0,157.84800720214844,-0.0021351198877325173,-0.022352929208792838,0.027117561190381778,-0.003203993565849883,0.003654646896290248,6816.564313616072,6885.431298828125,24.261428560529435,20.080000114440917,5164.743024553572,5075.936686197917,94.45950099400112,94.1048599243164,157.49357169015067,155.4372990926107,0.12365369665310619,1.46492854966212,0.4680791923165537,0.04497960406489609,0.09546473652905249,-0.028246369533870042,-0.014346383515439608,-0.012967343084754158,0
2026-03-11,6775.7998046875,5511090000.0,24.229999542236328,5179.10009765625,140336.0,93.7494125366211,12197600.0,158.11399841308594,-0.0008376012017449197,-0.028078650395929716,-0.012018084131618867,-0.00456237005074922,-0.0016851097182168928,6801.447126116072,6878.6712890625,24.65999984741211,20.342666753133138,5145.814453125,5079.153352864583,94.30325208391461,94.12466557820638,157.70514351981026,155.563232421875,0.12278852913817588,1.4710933042507237,0.4696994005258708,0.04699869578425735,0.09382552861653186,-0.029060311542548498,-0.0261920516029854,-0.017470551317775654,0
2026-03-12,6672.6201171875,6292170000.0,27.290000915527344,5125.7998046875,153533.0,93.4466781616211,11401400.0,159.0749969482422,-0.015227676506708532,0.12628978254650813,-0.010291419737739838,-0.0032291869016431995,-0.006077883962212871,6780.874302455357,6868.490966796875,25.191428593226842,20.707333437601726,5146.114397321428,5073.226676432291,94.11910247802734,94.13696823120117,157.96485682896204,155.78396555582682,0.12951628834527293,1.5034292236466864,0.4530611205720354,0.04796657195290713,0.08644305550862501,-0.04384546702590292,-0.0362139179438864,-0.02064332254393899,1
2026-03-13,6632.18994140625,5337120000.0,27.190000534057617,5061.7001953125,160333.0,93.34900665283205,11839700.0,159.20599365234375,-0.006059115470564369,-0.0036643597696923713,-0.012505289285075327,-0.0010452111376300088,-0.0008234902191712745,6746.972865513393,6857.263639322917,26.054285866873606,21.05100015004476,5135.685825892857,5064.67001953125,93.9489015851702,94.14277979532878,158.16957092285156,155.98763224283854,0.13019819671283991,1.5047736376031973,0.45419586802854234,0.04800541930949414,0.08605167663336895,-0.04963891774889655,-0.048266341708927483,-0.02166695705092833,1
2026-03-16,6699.3798828125,5176290000.0,23.51000022888184,5002.2001953125,170909.0,93.76892852783205,9092100.0,159.5679931640625,0.010130883162251969,-0.13534388499059746,-0.011754943537568896,0.0044984075359442155,-0.002273780675049464,6728.21142578125,6849.275309244792,26.020000185285294,21.253333473205565,5124.757254464285,5073.240022786458,93.88054003034321,94.16452992757162,158.53885541643416,156.20116526285807,0.13426829483123962,1.5700197571663803,0.32545207785492997,0.04963286629965533,0.08605209708715748,-0.040010920662659204,-0.059453917124942954,-0.01726601631786306,0
2026-03-17,6716.08984375,5063390000.0,22.3700008392334,5008.2001953125,119419.0,93.93495178222656,7209700.0,159.10499572753906,0.0024942548757938,-0.048489977820075136,0.0011994721853840762,0.0017705572304287376,0.0029015683367490386,6724.792829241072,6840.59697265625,25.00285748073033,21.45433349609375,5103.257254464285,5085.093359375,93.84426879882814,94.19791641235352,158.7632838657924,156.33126525878907,0.13330349993256832,1.5643083045788955,0.31906087462331556,0.04937213082882899,0.07905472252884695,-0.03761646322081324,-0.0583257582594624,-0.015526029557466526,0
2026-03-18,6624.7001953125,5275480000.0,25.09000015258789,4896.2001953125,217316.0,93.50525665283205,13048700.0,158.88900756835938,-0.013607567880073446,0.12159138181989015,-0.022363323276259672,-0.0045743902694568295,0.0013575196567023884,6700.322823660715,6830.826643880208,24.94428607395717,21.690666834513348,5073.614397321428,5083.800032552083,93.70476096017022,94.21405868530273,158.82928466796875,156.44613240559895,0.13654958825207703,1.574956018379487,0.27561027476430366,0.05135769265514243,0.07927645041978784,-0.05071216252420118,-0.0793847237484327,-0.020029397708392415,1
2026-03-19,6606.490234375,5973390000.0,24.059999465942383,4605.7001953125,303828.0,93.49549865722656,18464600.0,159.7949981689453,-0.002748797741878972,-0.041052239154301895,-0.05933172427837352,-0.00010435772227990192,-0.005702034485904672,6675.324288504465,6821.618977864583,24.82000023978097,21.871333503723143,4982.700125558035,5072.296712239583,93.60710471017022,94.23052444458008,159.107426234654,156.57933247884114,0.13617304232638858,1.5822224276331773,0.3243483235055933,0.05135171801162976,0.08046281277090586,-0.0533215627882478,-0.1340064154854494,-0.02013166520834879,0
2026-03-20,6506.47998046875,10025820000.0,26.780000686645508,4574.89990234375,226870.0,92.65565490722656,20761500.0,157.9239959716797,-0.015138182356779217,0.11305075981208423,-0.006687428982046439,-0.00898271854861199,0.011708765722988956,6636.850027901785,6811.888313802084,25.18428611755371,22.03833351135254,4896.385811941965,5061.810042317708,93.45085362025671,94.20081888834635,159.08028302873885,156.61289876302084,0.13842383401966,1.5431096797608492,0.3232131320202153,0.054976835017387975,0.08600031897299568,-0.0676525536039901,-0.13979768608079832,-0.028933546674479334,1
2026-03-23,6581.0,6020650000.0,26.14999961853028,4407.2998046875,398666.0,92.94861602783205,28336300.0,159.23399353027344,0.011453200463990454,-0.023525057952272332,-0.036634702667568186,0.003161826667771317,-0.008295114054919672,6623.761439732143,6800.1783203125,25.021428789411278,22.2310001373291,4793.742954799107,5042.726708984375,93.37970188685827,94.18087870279948,159.10299682617188,156.69456532796224,0.12925275290724278,1.530200601243936,0.3322037694174176,0.05588953199326284,0.08903585344415053,-0.0569741913983269,-0.1713109420851824,-0.025863202866176615,1
2026-03-24,6556.3701171875,5278580000.0,26.950000762939453,4402.0,209745.0,92.6361312866211,19785600.0,158.47900390625,-0.0037425745042546366,0.030592778435158285,-0.0012025060518604525,-0.003361908488420995,0.004741384721220987,6612.930036272322,6786.563330078125,24.987143107822966,22.55066680908203,4699.500069754465,5020.146712239583,93.27786254882812,94.14987386067709,158.9991411481585,156.73573201497396,0.12793361169897188,1.4530018811599963,0.3245726125130792,0.05661177499152261,0.09001032246911374,-0.060503535746453674,-0.1723074456924355,-0.02913816163334405,1
2026-03-25,6591.89990234375,4936720000.0,25.32999992370605,4552.2998046875,245178.0,93.12440490722656,15939200.0,158.71800231933594,0.005419124381509377,-0.06011134669284168,0.03414352673500676,0.005270876642016864,-0.0015080761942907195,6597.575753348215,6774.899658203125,25.247143064226425,22.802000109354655,4635.228585379465,5004.1900390625,93.18578774588448,94.12151184082032,158.8777138846261,156.82193196614583,0.1296365129117871,1.470630486830949,0.34291920092602945,0.05731628179711737,0.08731846623616367,-0.05541228755067546,-0.14404710283606909,-0.02402086864687159,1
2026-03-26,6477.16015625,4845560000.0,27.440000534057617,4376.2998046875,247440.0,92.3724594116211,12897300.0,159.38400268554688,-0.017406172392416708,0.08330045861456314,-0.03866177702504847,-0.008074634102140932,-0.004196123668888996,6563.442940848215,6759.42265625,25.971428734915598,23.128333473205565,4544.957101004465,4980.11669921875,92.9625745500837,94.07684885660807,158.91757202148438,156.9853322347005,0.13726332377527042,1.4815490894850247,0.3541569311181682,0.061224307523943956,0.08123786033141155,-0.07185394411332692,-0.17713976289016528,-0.03190154302387341,1
2026-03-27,6368.85009765625,5303490000.0,31.049999237060547,4492.5,74348.0,92.38221740722656,11401900.0,159.70399475097656,-0.01672184352107431,0.13155971693667867,0.02655215604471084,0.00010563749918124365,-0.0020076799430179815,6526.892926897322,6743.959000651042,26.82285717555455,23.469333457946778,4487.28564453125,4964.920035807291,92.80214037214007,94.01336110432943,159.03399876185827,157.1998321533203,0.13819399028862225,1.4422855100407408,0.3575182865734543,0.05798206916124302,0.07674638676929327,-0.0873742572245662,-0.15529104947143718,-0.03179927552391719,1
2026-03-30,6343.72021484375,5458640000.0,30.61000061035156,4526.0,10816.0,93.03650665283205,15430000.0,160.23399353027344,-0.003945748828622642,-0.014170648551379506,0.007456872565386741,0.007082415468783632,-0.0033186319485827287,6489.354352678572,6727.544010416666,27.75857162475586,23.80300013224284,4475.89990234375,4947.576708984375,92.736570085798,93.9593490600586,159.09671238490515,157.44693196614583,0.13801082762718478,1.4429280510848868,0.35245023267885195,0.06081159176262167,0.07582972227271906,-0.09097524918009318,-0.1489921624725041,-0.024942075736000165,1
2026-03-31,6528.52001953125,6396100000.0,25.25,4647.60009765625,176389.0,93.20252990722656,18649700.0,159.84100341796875,0.02913114047102594,-0.17510619090085666,0.026867012297006276,0.001784495789529661,0.002452601371571217,6492.5029296875,6717.05400390625,27.540000098092214,23.968333435058593,4486.28564453125,4938.966715494792,92.814695085798,93.91119588216146,159.37057059151786,157.654665629069,0.16547169330950584,1.5449459554806808,0.3551244185800028,0.06118200900536106,0.07592778352608756,-0.06449432147231915,-0.12612812443680424,-0.02320208897560363,1
2026-04-01,6575.31982421875,5637260000.0,24.540000915527344,4813.10009765625,166758.0,93.1212158203125,13557600.0,158.57899475097656,0.007168516684867399,-0.028118775622679504,0.035609776341011035,-0.0008724450612553891,0.007895400053840707,6491.691476004465,6706.854329427083,27.31000028337751,24.132333437601726,4544.257114955357,4932.420052083334,92.83935219900948,93.86682332356771,159.2769993373326,157.83566538492838,0.16613149329036492,1.5437739941110245,0.36549762872705743,0.061016957541654614,0.0795975115749297,-0.05778813340700536,-0.09500974239729904,-0.02405429148892139,0
2026-04-02,6582.68994140625,4740740000.0,23.8700008392334,4679.7001953125,0.0,93.3367691040039,13171300.0,158.68800354003906,0.0011208758485563575,-0.027302365578560805,-0.0277160041630361,0.0023147601950057606,-0.0006874100143823281,6495.451450892857,6697.54765625,26.870000294276643,24.253666814168295,4583.928571428572,4921.830061848958,92.93944331577846,93.82671457926432,159.3068564278739,157.96883239746094,0.16624404288244632,1.546772190142825,0.37357113684294735,0.0614232849763523,0.07498537853640426,-0.05673203088151816,-0.12009245614452259,-0.02179521121037319,0
2026-04-06,6611.830078125,3906440000.0,24.170000076293945,4684.7001953125,89405.0,93.09181213378906,6104900.0,159.77999877929688,0.0044267825126402816,0.012568044680059565,0.0010684445138191556,-0.002624442356065404,-0.006881397553043733,6498.298618861607,6687.625,26.70428603036063,24.423000144958497,4602.842912946428,4908.623404947916,92.93478720528739,93.77844060262045,159.4585702078683,158.12283223470052,0.16531462756005844,1.5339057988937712,0.3695231208038401,0.06173764207644214,0.07676570234502961,-0.05255638873109079,-0.11915232375662213,-0.024362453290978688,0
2026-04-07,6616.85009765625,4555680000.0,25.780000686645508,4684.7001953125,145711.0,93.32697296142578,6737500.0,159.68299865722656,0.0007592481161695641,0.06661152690399286,0.0,0.002526117198135003,0.0006070855101476536,6518.254324776785,6680.261669921875,26.467143195016043,24.582000160217284,4646.900111607143,4890.593408203125,93.07114628383091,93.72664540608724,159.50128391810827,158.30096537272135,0.1632013041344425,1.5200257124595327,0.3578512643890923,0.06119007677026472,0.07460527679544408,-0.05183704395405793,-0.11915232375662213,-0.021897878505090774,1
2026-04-08,6782.81005859375,5904880000.0,21.040000915527344,4777.2001953125,215119.0,93.53273010253906,12107400.0,158.71600341796875,0.025081414644149813,-0.18386344627110762,0.019745126933107704,0.0022046910403739073,0.0060557181878425625,6577.391462053572,6676.686344401041,25.037143434797013,24.631666882832846,4687.571568080357,4877.290087890625,93.23550524030414,93.68235753377279,159.36014229910714,158.43699900309244,0.17838258335793053,1.606481655677028,0.3635152927123649,0.0617021864271655,0.07741471589881362,-0.028055775703246806,-0.10175987458046362,-0.019741465521260153,0
2026-04-09,6824.66015625,4912410000.0,19.489999771118164,4818.0,133629.0,93.50334167480467,11065900.0,158.64199829101562,0.006170023529293189,-0.07366925270736524,0.008540526463080456,-0.0003142047463189357,0.00046627388139452997,6646.09716796875,6672.637353515625,23.4485718863351,24.683666865030926,4729.285853794643,4863.683414713541,93.3021959577288,93.6396873474121,159.1327144077846,158.52906545003256,0.17764848887630671,1.602207263295893,0.36321224433102367,0.06169407824567629,0.07443732480045467,-0.022058856970175213,-0.09408843101911728,-0.02004946740541305,0
2026-04-10,6816.89013671875,4393220000.0,19.229999542236328,4787.39990234375,121566.0,93.3465576171875,4404800.0,159.11199951171875,-0.0011385210916523558,-0.013340186348648642,-0.006351203332555011,-0.0016767749131625376,-0.0029626531799034073,6687.292898995535,6669.571695963542,22.58857182094029,24.70366687774658,4749.257254464285,4850.123404947916,93.32277134486607,93.5833516438802,159.02857099260603,158.62613220214843,0.1770696606280389,1.6004982857432803,0.36323288915934837,0.061069010683772934,0.07463846517409373,-0.023172263587909272,-0.09984205959502879,-0.021692623874607877,0
2026-04-13,6886.240234375,4785840000.0,19.1200008392334,4767.39990234375,127322.0,93.55232238769533,4300200.0,159.67999267578125,0.010173274948748201,-0.005720161498773413,-0.004177633038386586,0.00220431021518408,-0.0035697695070489033,6731.710100446428,6669.817041015625,21.814286095755442,24.67900021870931,4742.728655133928,4834.10673828125,93.38435799734933,93.52121607462566,159.18585641043526,158.75349884033204,0.17923702947287504,1.5905808051857782,0.36121946070681354,0.06011297400651951,0.07461893797956817,-0.013234726447825673,-0.10360258914663063,-0.019536130931824835,0
2026-04-14,6967.3798828125,5032380000.0,18.36000061035156,4850.10009765625,129586.0,93.85607147216795,5239800.0,159.21400451660156,0.011782866364792755,-0.039748964201003156,0.017347022906939902,0.003246836387597485,0.0029182626537680445,6786.665806361607,6672.675699869792,21.027143205915177,24.576333554585776,4767.071498325893,4818.723404947917,93.4585440499442,93.48831329345703,159.26099940708704,158.83953247070312,0.18241225651495532,1.5785954771232167,0.3634180393122061,0.05891823907706435,0.0743089333085507,-0.0016078030961422032,-0.08805276272683563,-0.016352725165009588,0
2026-04-15,7022.9501953125,5278610000.0,18.170000076293945,4823.60009765625,106707.0,93.65031433105467,5592900.0,158.79200744628906,0.007975783355387733,-0.010348612622076314,-0.005463804759989532,-0.002192262449151161,0.0026505022067232487,6845.397251674107,6679.553043619791,20.170000348772323,24.396333567301433,4786.914341517857,4808.720068359375,93.538330078125,93.45213292439779,159.11985778808594,158.8906992594401,0.18116241956708792,1.550120732870459,0.35019762756586886,0.059121479988388494,0.07413671951791592,0.0,-0.09303546438270806,-0.018509138148840205,0
2026-04-16,7041.27978515625,5173650000.0,17.940000534057617,4808.2998046875,108864.0,93.48373413085938,6618900.0,158.8090057373047,0.0026099558353673835,-0.012658202601573132,-0.0031719654737100145,-0.001778746834809719,-0.000107047522661885,6906.030064174107,6685.279036458333,19.05000032697405,24.28933359781901,4804.571428571428,4797.840055338542,93.56072453090123,93.41691029866537,158.99500165666853,158.92523295084635,0.18011983689900585,1.5220601668992064,0.3500195662099947,0.05905709320429206,0.07360928234137305,0.0,-0.09591232457556557,-0.020254961912752615,0
2026-04-17,7126.06005859375,6145300000.0,17.479999542236328,4879.60009765625,135440.0,93.99324035644533,6912900.0,159.19500732421875,0.012040463669150903,-0.02564108016318145,0.014828587206488386,0.0054502125992608175,-0.002430602629378331,6955.065778459822,6695.124039713542,18.54142870221819,24.080333582560222,4819.199986049107,4791.203385416667,93.6265117100307,93.4084363301595,159.0634307861328,158.99896647135418,0.18183232932928473,1.4771362288042518,0.35223736229656377,0.0607940595457754,0.0721541919153391,0.0,-0.08250598163822292,-0.0149151431621063,0
2026-04-20,7109.14013671875,4661130000.0,18.8700008392334,4828.7998046875,123214.0,93.90505981445312,3868800.0,159.16099548339844,-0.002374372617670484,0.07951952708227816,-0.010410749231919647,-0.000938158336256989,0.00021364891645780926,6995.705775669643,6707.428043619791,18.452857426234655,23.726333618164062,4820.742815290178,4780.206705729167,93.68390001569476,93.3989766438802,159.1375732421875,159.0531997680664,0.17682274803057954,1.3056588082321148,0.34951675853104675,0.060825328008138876,0.07159883800705942,-0.0023743726176704383,-0.0920577817851737,-0.015839308732469245,0
2026-04-21,7064.009765625,5160270000.0,19.5,4719.60009765625,177092.0,93.4935302734375,4872900.0,158.843994140625,-0.006348217959672997,0.03338628154465928,-0.02261425435886688,-0.0043824000733162505,0.0019917024382176685,7031.008579799107,6716.362027994792,18.491428920200892,23.526333618164063,4811.05712890625,4767.403369140625,93.70489610944476,93.36603393554688,159.09928676060267,159.06709950764974,0.17726607323516347,1.2572138614383281,0.35379192369185003,0.06127077919629414,0.07008247343807097,-0.008707517542448967,-0.11259021805103762,-0.02015229461803503,0
2026-04-22,7137.89990234375,4919460000.0,18.920000076293945,4753.0,100063.0,93.59151458740234,4121400.0,159.3730010986328,0.010460084168953943,-0.029743585831079722,0.007076850083195918,0.0010480330957476358,-0.003330355427473508,7066.9599609375,6728.242692057292,18.462857382638113,23.326000277201334,4809.0,4751.100032552084,93.71049499511719,93.3464480082194,159.05543082101005,159.11793263753256,0.17886560624809916,1.2582417698385493,0.3439107891866547,0.060783022635478835,0.06975639670197872,0.0,-0.10631015206182325,-0.019125381794002378,0
2026-04-23,7108.39990234375,5307260000.0,19.309999465942383,4724.0,153536.0,93.44454956054688,6795600.0,159.48800659179688,-0.004132868267081369,0.02061307547969271,-0.00610140963601935,-0.0015702815314333485,-0.0007216121449133972,7087.105678013393,6739.329361979167,18.598571504865372,23.162000274658205,4790.985700334822,4735.930029296875,93.65170615059989,93.33628590901692,159.09457397460938,159.16373291015626,0.17953678646521018,1.258744928809811,0.3429934974544244,0.05952319336269692,0.0696495498712336,-0.004132868267081413,-0.11176291991164591,-0.02066563109162295,0
2026-04-24,7165.080078125,4608830000.0,18.709999084472656,4740.89990234375,103218.0,93.63070678710938,5490000.0,159.7469940185547,0.007973689797975636,-0.03107200404267052,0.0035774560422840995,0.001992167841120329,-0.0016238677270616897,7107.409946986607,6755.744694010416,18.675714220319474,22.876000213623048,4779.17138671875,4723.100032552084,93.64890507289341,93.3424201965332,159.23100062779017,159.1861328125,0.1730479999297271,1.197907097830528,0.3427282419935669,0.05906117648815104,0.06760381658695006,0.0,-0.10858529080250306,-0.01871463265617977,0
2026-04-27,7173.91015625,4783750000.0,18.020000457763672,4693.7001953125,85748.0,93.41514587402344,4055500.0,159.5760040283203,0.0012323767534654362,-0.03687860291140321,-0.009955853952519855,-0.002302245924257096,0.0010703800173824662,7126.357142857143,6773.802034505208,18.687142780848912,22.57033354441325,4762.800013950893,4710.833365885416,93.63910675048828,93.34462483723958,159.340571812221,159.1984664916992,0.17121915454592773,1.200327200134119,0.34215234776084114,0.05937936406366791,0.06766250439386527,0.0,-0.1174600854584013,-0.020973792893680246,0
2026-04-28,7138.7998046875,4900650000.0,17.829999923706055,4608.39990234375,144757.0,93.32697296142578,4867700.0,159.35699462890625,-0.004894172187521972,-0.010543869546671303,-0.018173357781551047,-0.0009438824054994743,0.0013724456928699835,7128.177106584822,6788.449365234375,18.73714283534459,22.38100020090739,4724.05712890625,4697.706689453125,93.54392569405692,93.32989298502604,159.36371285574776,159.19143320719402,0.17107257868593664,1.1407994984975953,0.344195423967851,0.05789735584756166,0.06746307325738692,-0.004894172187521951,-0.13349879908186524,-0.021897878505090774,0
2026-04-29,7135.9501953125,5123100000.0,18.809999465942383,4561.5,126415.0,92.88605499267578,7200300.0,159.552001953125,-0.0003991720531409948,0.054963519149170637,-0.010177046987588367,-0.004724443049623384,-0.001223713616542943,7132.007114955357,6802.444710286459,18.72857121058873,22.262333488464357,4685.871442522322,4682.816682942708,93.39835357666016,93.29492975870768,159.41957092285156,159.20633341471355,0.1712312401882118,1.1471826754113164,0.34471174092026324,0.059072429012547105,0.06699795303154896,-0.0052913906239024765,-0.14231722251841086,-0.02651886627480931,0
2026-04-30,7209.009765625,5723790000.0,16.889999389648438,4629.60009765625,119642.0,93.06242370605467,10382400.0,160.1840057373047,0.010238239941821936,-0.10207337218538048,0.014929320981311056,0.001898764172865386,-0.00396111472399685,7152.721400669643,6821.921695963541,18.355713980538503,21.989000129699708,4673.014299665178,4673.930013020833,93.3367669241769,93.28016866048178,159.61100115094865,159.24950002034504,0.1661190388138347,1.1186207581883167,0.34333725292172695,0.05803670428195449,0.06776002325567172,0.0,-0.12951260103324588,-0.024670455175131587,0
2026-05-01,7230.1201171875,4847390000.0,16.989999771118164,4644.5,93230.0,93.13319396972656,5359200.0,156.97799682617188,0.002928328889657106,0.00592068591376127,0.0032183994361183466,0.0007604601390505117,0.020014538257899117,7165.895717075893,6842.709358723959,18.079999651227677,21.753333473205565,4657.514299665178,4675.22333984375,93.27129255022321,93.26809183756511,159.26885768345423,159.15559997558594,0.16526183227159918,1.115796101753852,0.296692068965547,0.0580969355600857,0.08788138431525448,0.0,-0.12671102487926322,-0.02392875593385394,0
2026-05-04,7200.75,5215480000.0,18.290000915527344,4533.2998046875,117006.0,92.78912353515624,6593900.0,156.8459930419922,-0.004062189384334225,0.07651566579883617,-0.02394233939336854,-0.0036943910103863775,0.0008409062852665627,7179.088588169643,6865.851692708334,17.93428557259696,21.47033348083496,4630.271414620535,4673.836669921875,93.1776602608817,93.27254079182943,158.89142717633928,159.11966654459636,0.15760163686533205,1.0856720822940036,0.30441272490581345,0.05287618553610092,0.08131968223437337,-0.004062189384334172,-0.14761960591009085,-0.02753474476342854,0
2026-05-05,7259.22021484375,5279760000.0,17.3799991607666,4568.5,88281.0,92.9267578125,11281600.0,157.19400024414062,0.008120017337603702,-0.04975405736520189,0.0077648063946933465,0.0014833018364659445,-0.002218782867186686,7192.537179129465,6888.459033203125,17.744285583496094,21.17800013224284,4605.642857142857,4679.210009765625,93.07709612165179,93.2718121846517,158.52671377999442,159.05166676839193,0.15641925421508546,1.0911027381230176,0.2847019471125703,0.052238665531981546,0.07761629850173644,0.0,-0.1410010371753502,-0.026092285264436795,0
2026-05-06,7365.1201171875,6579640000.0,17.389999389648438,4694.2998046875,160439.0,93.38878631591795,9031100.0,157.677001953125,0.014588330317794274,0.0005753871901450491,0.027536347748166712,0.004971964096177839,-0.0030726472272111227,7219.852887834822,6915.417366536459,17.654285430908203,20.859333419799803,4605.728515625,4688.953336588542,93.07333047049386,93.29690068562826,158.25542776925224,159.02493336995443,0.15823745436001532,1.0845739989716823,0.29447631194163154,0.05315764918155987,0.07713668974593824,0.0,-0.11734734301969604,-0.02125005107378106,0
2026-05-07,7337.10986328125,6237040000.0,17.079999923706055,4710.89990234375,159525.0,93.10370635986328,5610100.0,156.50799560546875,-0.003803095327784889,-0.01782630689032183,0.0035362244311012425,-0.003052614423002531,0.007413930587060413,7248.182896205357,6940.257698567709,17.547142573765345,20.584333419799805,4620.371372767857,4694.240006510417,93.04143524169922,93.29621073404948,157.84842790876115,158.95126647949218,0.1597349320549875,1.0752069362943377,0.2786627758422102,0.05181730725411083,0.07975243301808635,-0.0038030953277848516,-0.11422608512990583,-0.024237797284386232,0
2026-05-08,7398.93017578125,5302740000.0,17.190000534057617,4730.7001953125,122010.0,93.34947204589844,3215100.0,156.82899475097656,0.008425703533400997,0.006440316794081857,0.00420308080816989,0.002639698199395246,-0.0020510079645834622,7285.75146484375,6970.983365885417,17.315714154924667,20.24266675313314,4644.542829241072,4706.053352864584,93.10763767787388,93.32877782185872,157.4594268798828,158.86609954833983,0.14723666473165578,1.0392702505943991,0.25164179890118504,0.04632697826733072,0.0789031465854939,0.0,-0.1105031057879379,-0.021662079554839873,0
2026-05-11,7412.83984375,5821910000.0,18.3799991607666,4728.7001953125,147404.0,93.03489685058594,4025400.0,156.85800170898438,0.0018799566475542484,0.0692262123175218,-0.0004227703970718366,-0.003369865821606699,-0.0001849591528266803,7314.870047433035,7005.783024088541,17.528571265084402,19.820333417256673,4658.699986049107,4713.926692708334,93.10370526994977,93.35053380330403,156.98428344726562,158.77123311360677,0.13315021159036317,0.9776479437675989,0.24137774453422672,0.04756793675744558,0.07857058629712979,0.0,-0.11087915874309809,-0.02495894707492976,0
2026-05-12,7400.9599609375,5624790000.0,17.989999771118164,4686.7001953125,146315.0,92.72032928466795,5686700.0,157.2310028076172,-0.0016026088601545085,-0.021218683757119994,-0.008881933357000271,-0.0033811782091098808,-0.002377953910982722,7339.275739397322,7041.024348958334,17.671428407941544,19.39966672261556,4664.728585379465,4719.283365885417,93.04472460065567,93.33999455769857,157.02042715890067,158.67113342285157,0.13193361528814238,0.9777859133681557,0.24270410035560225,0.044021912251165383,0.07821070986671057,-0.0016026088601544934,-0.11877627080146194,-0.028255734636067523,0
2026-05-13,7444.25,5716600000.0,17.8700008392334,4706.7001953125,120048.0,92.72032928466795,3459200.0,157.67100524902344,0.005849246488426552,-0.006670313141271755,0.004267394790902879,0.0,-0.0027984458125260847,7374.061453683035,7071.548681640625,17.61142839704241,19.153666750590006,4689.500069754465,4721.253369140625,93.03489685058592,93.32392120361328,157.13828604561942,158.5988001505534,0.11077120569774067,0.8529269517777867,0.23053060292570807,0.04365697058195458,0.07862037801994265,0.0,-0.11501574124986011,-0.028255734636067523,0
2026-05-14,7501.240234375,5267050000.0,17.260000228881836,4685.2998046875,102965.0,92.66133880615234,5167300.0,157.8509979248047,0.007655604577358366,-0.0341354550477867,-0.004546792813851397,-0.0006362194674104371,-0.0011415711816955554,7408.6357421875,7102.4126953125,17.594285692487443,18.911000061035157,4706.185756138393,4716.993359375,92.99697984967911,93.30859196980795,157.23214285714286,158.57453358968098,0.11088561046407241,0.8542151889919479,0.20543350398727778,0.043629265777983046,0.07547721617495616,0.0,-0.11903958131791688,-0.028873977255036497,0
2026-05-15,7408.5,5582070000.0,18.43000030517578,4561.89990234375,169760.0,91.924072265625,12498700.0,158.3820037841797,-0.012363320128051747,0.06778679378787822,-0.02633767474608395,-0.007956571208945107,-0.003363968972992737,7414.832868303572,7129.939697265625,17.742857251848495,18.729666709899902,4687.271484375,4713.066682942708,92.78773498535156,93.26150207519531,157.3328574044364,158.564333597819,0.12081863911193373,0.8816833912286628,0.20389825649334808,0.048453132679267236,0.07612874097546053,-0.012363320128051742,-0.14224203028933952,-0.03660081060786649,0
2026-05-18,7403.0498046875,5489500000.0,17.81999969482422,4558.0,151971.0,91.8847427368164,8422900.0,158.843994140625,-0.0007356678561787344,-0.03309824201035161,-0.0008548855580426951,-0.0004278479819186387,-0.002916937186088653,7424.252859933035,7156.313688151042,17.848571504865372,18.518000030517577,4665.428641183035,4708.843343098958,92.6135973249163,93.22126642862956,157.66657148088728,158.53313344319662,0.12157502107734026,0.8827979847833082,0.2038237772668576,0.04803413118747498,0.07382290572720146,-0.0130898926870166,-0.14297531518994117,-0.03701299900683,0
2026-05-19,7353.60986328125,5441140000.0,18.059999465942383,4511.2001953125,140957.0,91.53084564208984,10069800.0,158.86099243164062,-0.006678320788135905,0.01346800085456068,-0.010267618404453671,-0.0038515327374885056,-0.00010701248799227514,7417.778529575893,7180.872347005208,17.972857066563197,18.26066665649414,4634.071498325893,4703.060009765625,92.35379355294364,93.16139551798503,157.95685686383928,158.50573323567707,0.12505434308498659,0.8565270036582974,0.20562323726503645,0.04817916513172677,0.0738164618163348,-0.019680794972706337,-0.15177491761676806,-0.04072197496693112,0
2026-05-20,7432.97021484375,5384150000.0,17.440000534057617,4535.2998046875,152270.0,92.15016174316406,14892500.0,159.03500366210938,0.010792026370445518,-0.03432995294678509,0.005342172444495308,0.006766201019227092,-0.001095367892427257,7420.654296875,7202.544352213542,17.838571548461914,18.140666643778484,4606.44287109375,4694.996663411458,92.22740282331195,93.11530990600586,158.26785714285714,158.51636657714843,0.10958063755557762,0.6859015844632073,0.19694317590467422,0.05217063885771249,0.07173484191333404,-0.009101164260597532,-0.14724355295493066,-0.03423130701623029,0
2026-05-21,7445.72021484375,5440620000.0,16.760000228881836,4542.5,153243.0,92.20914459228516,7762000.0,158.88800048828125,0.0017153304306989359,-0.03899084199268488,0.001587589712384263,0.000640073202318181,0.0009243447696611895,7427.048618861607,7223.246354166667,17.66285732814244,18.04966665903727,4585.842843191965,4685.813330078125,92.15437643868583,93.07217000325521,158.50457109723772,158.52456665039062,0.10924873352796705,0.6628564782390058,0.19483471412931247,0.05227196196437171,0.07177725432081333,-0.007401445333909627,-0.1458897255924326,-0.03361314435621344,0
2026-05-22,7473.47021484375,4952440000.0,16.700000762939453,4523.2001953125,108508.0,92.28778839111328,6321900.0,159.01800537109375,0.0037269732409066503,-0.003579920353401156,-0.0042487186984039305,0.0008528850275735245,-0.0008182171240935787,7431.222935267857,7245.132356770833,17.495714460100448,17.96533336639404,4559.628557477678,4677.006673177083,92.09258488246373,93.0368776957194,158.6969996861049,158.52143351236978,0.10858215685157396,0.662287683873285,0.19451120394147295,0.05227412365314163,0.07129154652724433,-0.0037020570817065408,-0.14951859988580696,-0.032788927476190964,0
2026-05-26,7519.1201171875,5496060000.0,17.010000228881836,4502.2998046875,254516.0,92.68099975585938,5494400.0,158.95399475097656,0.006108260424063872,0.01856284142395559,-0.004620708728890532,0.004260708503271093,0.00040253693264358237,7433.777204241072,7266.228352864583,17.46000017438616,17.89500001271566,4533.485700334822,4668.170003255208,92.09539358956474,93.00783360799154,158.85457066127233,158.49723358154296,0.10690486861260988,0.6654250891723712,0.19456214731537871,0.05348162689628868,0.07048338204888337,0.0,-0.1534484267150737,-0.028667923035030882,0
2026-05-27,7520.35986328125,5524250000.0,16.290000915527344,4448.39990234375,81062.0,92.72032928466795,5958800.0,159.2429962158203,0.00016487914469087706,-0.042328001391321646,-0.01197163775891441,0.0004243537393013863,-0.0018181453400809566,7449.757184709822,7284.661018880209,17.154285975864955,17.826000022888184,4517.271414620535,4654.779996744792,92.20914459228516,92.96997553507487,158.97756958007812,158.49819997151693,0.10382872513318614,0.6667020223168241,0.18788881872377503,0.052468153497020734,0.07019858674474563,0.0,-0.16358303549467995,-0.028255734636067523,0
2026-05-28,7563.6298828125,5494860000.0,15.739999771118164,4499.2998046875,153472.0,92.93659210205078,5938300.0,159.5679931640625,0.005753716619668614,-0.03376311316747249,0.0114422946365349,0.0023324207220927207,-0.0020408869210279956,7472.697195870535,7302.683675130208,16.85714312962123,17.745000012715657,4508.885672433035,4643.969986979167,92.35940878731864,92.94618479410808,159.08099801199776,158.52406616210936,0.1030199402868969,0.6723347929890687,0.19215433099818635,0.0527634190908484,0.06996671793239702,0.0,-0.15401250614781398,-0.025989218174957848,0
2026-05-29,7580.06005859375,7858290000.0,15.31999969482422,4593.0,133439.0,93.04473114013672,9639700.0,159.27000427246094,0.002172260678511728,-0.026683613875561507,0.02082550605204836,0.0011635786899437672,0.0018674728289349574,7505.047223772322,7320.643017578125,16.465714590890066,17.657666651407876,4520.571358816965,4636.793326822916,92.57567814418248,92.93155136108399,159.1394282749721,158.53943277994793,0.10302353010981231,0.6751434113470284,0.20340750376242345,0.052711551419339725,0.07021623462300883,0.0,-0.13639438847463795,-0.024855879985450816,0
2026-06-01,7599.9599609375,6583960000.0,16.049999237060547,4506.2998046875,116787.0,92.88395690917967,8054100.0,159.35299682617188,0.0026252961308912415,0.04765010161736183,-0.01887659379762685,-0.0017279240746571611,-0.0005210808782862841,7528.902901785715,7336.439680989583,16.26714297703334,17.609999974568684,4516.428501674107,4624.349983723959,92.68050602504185,92.89457524617514,159.18485586983817,158.5446990966797,0.0989660064060891,0.6883725231070812,0.20343033868147428,0.05012480368349857,0.06988425761543827,0.0,-0.15269632080475332,-0.02654085498668433,0
2026-06-02,7609.77978515625,5904410000.0,15.770000457763672,4519.89990234375,100306.0,92.95298767089844,15426600.0,159.63600158691406,0.0012920889411551784,-0.017445407639044563,0.0030180188282420417,0.0007431935935531264,-0.001775961333509768,7552.339983258928,7353.127669270833,16.125714438302175,17.506666628519692,4513.199916294643,4614.0533203125,92.78676932198661,92.86283950805664,159.29171316964286,158.56053263346354,0.0980703769790554,0.6446461899521955,0.20265431248947555,0.05020208147025351,0.07005857040726672,0.0,-0.15013914234770337,-0.025817386386524758,0
2026-06-03,7553.68017578125,5753860000.0,16.059999465942383,4466.89990234375,106691.0,92.71627044677734,7056500.0,159.96800231933594,-0.007372041104846239,0.01838928343441748,-0.011725923393240967,-0.00254663384203635,-0.002079735956310058,7563.798549107143,7369.450016276041,16.034285681588308,17.391999944051108,4505.157017299107,4605.62998046875,92.84798104422433,92.83693084716796,159.42742701939173,158.5979995727539,0.09889538094830554,0.6382862841075493,0.1954147031498305,0.04918760834662887,0.06999153244225385,-0.007372041104846258,-0.16010454565944823,-0.028298272798676215,0
2026-06-04,7584.31005859375,5398910000.0,15.399999618530272,4505.0,109643.0,92.83464050292967,4417900.0,159.94000244140625,0.004054961568363158,-0.04109588227644334,0.008529427228995967,0.0012766913032840055,0.0001750342413715522,7573.111397879465,7384.330354817708,15.804285594395227,17.274666595458985,4505.542759486607,4597.363313802083,92.86992972237724,92.81170171101888,159.5682852608817,158.616899617513,0.09597698900506722,0.6428390396432947,0.19602983819434094,0.04924542668371197,0.06938329208751949,-0.0033469728798435966,-0.15294071850168603,-0.02705770965417223,0
2026-06-05,7383.740234375,5591290000.0,21.51000022888184,4365.2998046875,179306.0,92.34146881103516,9880800.0,159.99000549316406,-0.026445361894386843,0.39675329621434674,-0.03101003225582688,-0.00531236712096661,-0.0003126363073311378,7553.594308035715,7393.508365885416,16.5499997820173,17.34799995422363,4493.671316964285,4585.406640625,92.81580679757255,92.77493235270182,159.6750008719308,158.63363291422527,0.1256498499618583,1.3326504907645467,0.21340106400435965,0.05125977510079598,0.0693629940977012,-0.02970382286517228,-0.1792080541435463,-0.03222633628800334,1
2026-06-08,7405.72998046875,4898180000.0,18.920000076293945,4363.39990234375,144089.0,92.24282836914062,5352200.0,160.32699584960938,0.0029781310549599205,-0.12040911785348363,-0.00043522837577159024,-0.0010682139147730751,-0.002106321300549663,7531.037179129465,7401.530029296875,17.004285539899552,17.35499998728434,4474.257045200893,4572.823307291666,92.7166976928711,92.72866973876953,159.78342982700892,158.65296630859376,0.12416898410740092,1.378884148879711,0.212717106246448,0.05078877427967793,0.06946826089827508,-0.026814153687538055,-0.17956528608898775,-0.0332601255819314,0
2026-06-09,7386.64990234375,6006390000.0,19.8700008392334,4286.39990234375,138100.0,92.49927520751952,8007300.0,160.1739959716797,-0.0025763939780845124,0.05021145661250648,-0.0176467895960305,0.002780127657758147,0.0009542989134107005,7503.407156808035,7408.621354166667,17.65428570338658,17.416666666666668,4430.45703125,4559.246630859375,92.63877541678292,92.69814071655273,159.9125714983259,158.6728993733724,0.1246319280416726,1.3798172296870488,0.21614490481898796,0.051348261963682564,0.06945164126632311,-0.029321463841534612,-0.19404332486265483,-0.030572465319204028,0
2026-06-10,7266.990234375,5247300000.0,22.21999931335449,4133.2998046875,206026.0,92.41050720214844,5804900.0,160.38400268554688,-0.016199450298948426,0.11826866506623435,-0.035717642110932535,-0.0009596616316390749,-0.0013111161558603257,7455.840053013393,7412.894368489583,18.535714285714285,17.562999979654947,4377.171316964285,4543.4099609375,92.57113974434989,92.66759185791015,160.05985804966517,158.7071329752604,0.1332879882642433,1.4160874315025436,0.23227477233503402,0.05134993942883884,0.06938128940497877,-0.045045922544289706,-0.2228301969421276,-0.03150278772889164,1
2026-06-11,7394.2998046875,5658920000.0,19.440000534057617,4114.0,206270.0,93.05162811279295,11281600.0,160.52699279785156,0.017518885564244746,-0.12511246018023314,-0.004669345462337993,0.0069377490726467705,-0.0008915484706104593,7425.057198660715,7421.506022135417,19.060000010899135,17.584000015258788,4319.185616629465,4528.493294270834,92.58523123604911,92.67311096191406,160.18714250837053,158.73963267008463,0.14192528217982148,1.4626007303054978,0.2314493425756041,0.05373410195427995,0.06934634810893184,-0.02831619134223417,-0.22645907123550196,-0.024783597092596837,0
2026-06-12,7431.4599609375,4950530000.0,17.68000030517578,4238.7998046875,136146.0,92.89381408691406,8861800.0,160.1300048828125,0.0050255138730570525,-0.09053498871043908,0.030335392486023238,-0.001695983499478304,0.0024730290409101796,7407.59716796875,7428.921028645834,19.29142870221819,17.6103333791097,4286.599888392857,4515.466617838541,92.61059461321149,92.66749064127605,160.21028573172433,158.73783264160156,0.13983737869983218,1.4556463696573214,0.24587002381045872,0.05367803399098528,0.06882933455705648,-0.023432980881599664,-0.2029934035574279,-0.02643754802034842,0
2026-06-15,7554.2900390625,5674670000.0,16.200000762939453,4351.60009765625,132136.0,92.9924545288086,3787600.0,159.9550018310547,0.016528391294663436,-0.08371037990327757,0.026611375428490236,0.0010618623302758312,0.0010928810742614203,7403.30859375,7439.726692708334,19.40571457999093,17.584000078837075,4264.685616629465,4505.703287760417,92.63313947405133,92.66279932657878,160.2124285016741,158.83706614176432,0.14680544949772162,1.4782085381766288,0.259814047142344,0.053724905861354845,0.03411614310925696,-0.007291899064147575,-0.18178396180051143,-0.02540375872642035,0
2026-06-16,7511.35009765625,5286210000.0,16.40999984741211,4354.39990234375,89925.0,93.22917175292967,4675000.0,160.22900390625,-0.005684179609759754,0.012962905838441063,0.0006433965954288912,0.002545553027076375,-0.0017129947301348647,7421.53857421875,7450.080029296875,18.677143096923828,17.52133337656657,4263.128487723215,4499.739957682292,92.75995418003627,92.67746760050456,160.24657113211495,158.94983317057293,0.14741391034409695,1.4617938608141288,0.2514397780478462,0.05308163667438834,0.03396281214572915,-0.01293463020993044,-0.18125752438720857,-0.02292287231426904,0
2026-06-17,7420.10009765625,5883740000.0,18.440000534057617,4381.39990234375,160543.0,92.73599243164062,11508300.0,160.41900634765625,-0.012148282108228825,0.12370510088491216,0.006200624794582499,-0.005289967850363841,-0.0011858180277861674,7423.591448102678,7455.442692057291,18.60857173374721,17.556666755676268,4265.699916294643,4493.503287760416,92.83040618896484,92.67110875447591,160.2597154889788,159.05733337402344,0.1511035557851508,1.496539972698858,0.25099457230670724,0.055205291243987036,0.03369595867181418,-0.024925778781403375,-0.1761808094925461,-0.028091578907052422,0
2026-06-18,7500.580078125,9061110000.0,16.399999618530273,4245.89990234375,139534.0,93.07135772705078,6836500.0,160.60000610351562,0.010846212235623431,-0.11062911369007722,-0.03092618866575425,0.0036163444916748055,-0.0011282937102048418,7439.8671875,7459.958024088542,18.112857273646764,17.523666763305663,4259.914202008928,4478.556624348958,92.9121322631836,92.66052780151367,160.32057407924108,159.15476684570314,0.1484976456815276,1.53412754356905,0.24987622885714697,0.0542627562357403,0.03295908229455938,-0.014349916832581223,-0.20165839720464854,-0.02457682324202062,0
2026-06-22,7472.7900390625,5976740000.0,17.280000686645508,4202.7001953125,177657.0,92.71627044677734,4572200.0,161.43299865722656,-0.003705051979052687,0.0536586029624615,-0.010174452536529044,-0.003815215431957064,-0.005186752939311923,7469.267159598215,7464.480696614583,17.407143184116908,17.530333455403646,4269.828543526785,4461.616634114584,92.955812726702,92.64761327107747,160.4704306466239,159.31893361409504,0.14847236613620723,1.5400531023588275,0.24981423867688785,0.054665897546259896,0.02572671046990186,-0.01800180162387409,-0.2097810859502264,-0.028298272798676215,0
2026-06-23,7365.4599609375,5640530000.0,19.489999771118164,4149.39990234375,118495.0,92.83464050292967,6504600.0,161.57000732421875,-0.014362785193208105,0.1278934604545825,-0.012682392388635888,0.0012766913032840055,-0.0008487029797612511,7465.147181919643,7463.365022786458,17.414285932268417,17.607000096639,4274.885672433035,4442.239957682292,92.92481449672152,92.63045221964518,160.6194327218192,159.47696736653646,0.15273537381331115,1.5811017128365725,0.24997900073673365,0.05420590052302434,0.025549314339793426,-0.03210603080726776,-0.21980295229112742,-0.02705770965417223,0
2026-06-24,7358.22021484375,5994860000.0,18.6299991607666,4008.800048828125,189386.0,93.43630981445312,5179800.0,161.5989990234375,-0.0009829319733113406,-0.044125224240688765,-0.03388438251907422,0.00648108624392707,-0.00017943738258652253,7454.684361049107,7461.544368489584,17.550000054495676,17.61533342997233,4242.028564453125,4418.2432861328125,93.00231388636996,92.64383265177409,160.82928902762276,159.63500061035157,0.15263722050490364,1.5773929677990026,0.2639595873430627,0.05663116104032019,0.02555083963470763,-0.033057404736362525,-0.24623944749594728,-0.020751986760076994,0
2026-06-25,7357.490234375,5565760000.0,18.88999938964844,4047.60009765625,147347.0,93.49549102783205,5630500.0,161.76300048828125,-9.92061187945481e-05,0.01395599788481916,0.009678718907286887,0.0006333856024114404,-0.0010148668360252522,7426.570103236607,7460.095377604167,17.93428557259696,17.645333417256673,4198.599993024553,4396.939949544271,93.07417624337333,92.66967137654622,161.0875745500837,159.78606719970702,0.15257949326088144,1.5756611258747741,0.26726585009041426,0.05564279031875923,0.025212592409539006,-0.03315333135833572,-0.23894401098485937,-0.020131745167300912,0
2026-06-26,7354.02001953125,9105600000.0,18.40999984741211,4096.2998046875,118966.0,93.73220825195312,5584100.0,161.80499267578125,-0.00047165741757115853,-0.025410246572023065,0.012031748655073171,0.0025318571143779778,-0.000259590804901233,7404.094377790178,7457.087711588541,18.219999858311244,17.663333384195962,4161.728550502232,4376.593269856771,93.14603860037667,92.70340067545573,161.3127158028739,159.92386678059896,0.15151539001324832,1.5778934852507314,0.27046718510323403,0.056013323709615204,0.024661908651885268,-0.033609351761254486,-0.229787176612591,-0.017650858755149604,0
2026-06-29,7440.43017578125,5794570000.0,17.649999618530273,4038.89990234375,107421.0,93.76178741455078,5901500.0,161.78700256347656,0.011750057250389023,-0.04128192477897652,-0.014012622386199824,0.00031557095633716337,0.00011118391347009204,7406.998674665178,7455.060709635417,18.10714258466448,17.67633336385091,4112.79997907366,4355.046606445312,93.29258074079242,92.74008229573568,161.50814383370536,160.05506693522136,0.15384496388041216,1.5795791051929624,0.27187573006314913,0.05593292982944074,0.024806344359399653,-0.02225420631820856,-0.24057987806372758,-0.017340857897190046,0
2026-06-30,7499.35986328125,6037540000.0,16.450000762939453,4038.5,125413.0,93.27848815917967,8034000.0,161.92300415039062,0.007920198981480553,-0.06798860518563254,-9.901268994505497e-05,-0.005154543963995617,-0.000840621216532611,7406.824358258928,7458.089371744792,18.114285605294363,17.6103333791097,4083.1714215959823,4337.599943033854,93.3221708025251,92.7852294921875,161.6971435546875,160.17310028076173,0.151147419847294,1.5817158221050571,0.2643394760953977,0.05279697318628018,0.023609016212394907,-0.014510265078943119,-0.2406550702927989,-0.022406017646781143,0
2026-07-01,7483.22998046875,5782730000.0,16.59000015258789,4082.39990234375,146949.0,93.05187225341795,7890500.0,162.6280059814453,-0.0021508346187620875,0.008510600799718215,0.01087034848180024,-0.0024294551748630377,-0.004353932504858271,7408.315778459822,7460.762044270833,18.01571410042899,17.56933339436849,4065.985665457589,4321.746606445313,93.37011391775948,92.82413380940756,161.86785888671875,160.29923400878906,0.15129949091752593,1.5786300165014024,0.267683858607847,0.05341542885505525,0.025082636350054217,-0.01662989051724597,-0.23240072628899358,-0.024781038406124126,0
2026-07-02,7483.240234375,5463520000.0,16.149999618530273,4125.7001953125,0.0,93.14094543457033,7605500.0,162.53900146484375,1.3702513856905796e-06,-0.026522033153145053,0.010606577994451527,0.0009572422240982092,0.0005472889866934283,7425.141531808035,7465.083056640625,17.538571221487864,17.505666732788086,4062.5999930245534,4308.8966064453125,93.41387176513672,92.87780380249023,162.00628662109375,160.42183430989584,0.14981403204543814,1.5803342541225545,0.2699443607873093,0.051864637493513804,0.025307289086915496,-0.01662854305299083,-0.2242591247238935,-0.023847517638345174,0
2026-07-06,7537.43017578125,4971110000.0,15.56999969482422,4167.5,147556.0,93.2003173828125,4600500.0,161.45199584960938,0.00724150765029874,-0.03591330881770238,0.010131566209050202,0.0006374419753327754,0.006687660225779601,7450.742954799107,7468.565055338541,17.10142844063895,17.443333371480307,4085.271414620536,4296.636612955729,93.38015856061664,92.91280899047851,161.98528616768974,160.50240071614584,0.1480635953485011,1.5806445843943693,0.2715567697836083,0.04844838309724762,0.033234533319877656,-0.00950745112442363,-0.21639965468496705,-0.023225277071762584,0
2026-07-07,7503.85009765625,5049590000.0,16.1299991607666,4157.39990234375,110330.0,92.72530364990234,5813600.0,162.08799743652344,-0.0044551096782159405,0.03596656884511917,-0.0024235387297540933,-0.005096696516161847,-0.0039392612247821646,7471.651506696428,7470.502718098958,16.707142693655832,17.422333335876466,4100.957101004465,4283.799943033854,93.27013179234096,92.9300142923991,162.0317143031529,160.60906728108725,0.14870484325598896,1.5793000653245526,0.27125858834501904,0.05097051579229357,0.03438624421972725,-0.013920204065119996,-0.2182987404704867,-0.02820360139918586,0
2026-07-08,7482.7099609375,5102020000.0,16.899999618530273,4082.39990234375,170826.0,92.53728485107422,5509600.0,162.36300659179688,-0.002817238676629863,0.0477371666352322,-0.018040121653372432,-0.0020276967712935523,-0.0016966657594812418,7490.035784040178,7470.810709635417,16.49142837524414,17.42899996439616,4098.971400669643,4269.106599934896,93.09942844935826,92.93833084106446,162.11143057686942,160.72056732177734,0.14860458227043485,1.5844376302244518,0.27481732454459,0.051327988747726344,0.03451379629060483,-0.016698226204471027,-0.23240072628899358,-0.030174109818983472,0
2026-07-09,7543.64013671875,4442950000.0,15.84000015258789,4140.7998046875,125061.0,92.7352066040039,3223100.0,162.53900146484375,0.008142795337428232,-0.06272186330585061,0.01430528702252376,0.002138832506791255,-0.0010839591896036893,7504.780064174107,7471.628043619791,16.23285702296666,17.38999996185303,4113.528529575893,4257.0565999348955,92.95277404785156,92.9401377360026,162.21885899135046,160.8400675455729,0.14943598404893027,1.5957356608993123,0.27944216086251417,0.050187312348784784,0.034371096563070004,-0.00869140110552384,-0.2214199983602769,-0.028099814679136463,0
2026-07-10,7575.39013671875,4006370000.0,15.029999732971191,4113.7001953125,98745.0,92.65603637695312,6507600.0,162.36300659179688,0.004208843399813977,-0.05113638963471623,-0.006544535030242882,-0.0008537235204408855,0.0010827854943168402,7515.641531808035,7473.462386067708,16.02999973297119,17.34799992243449,4124.271414620535,4245.8999430338545,92.86385236467633,92.93799463907878,162.2817164829799,160.9440678914388,0.14989804044182004,1.598064413465584,0.2783069423269931,0.05023546548144817,0.03461224197209956,-0.004519138451888051,-0.22651544245485458,-0.02892954872686572,0
2026-07-13,7515.33984375,4729990000.0,17.15999984741211,4005.699951171875,154814.0,92.319580078125,5769700.0,161.8780059814453,-0.007927023147980106,0.14171657699822537,-0.02625379561293495,-0.003631239927632146,0.0029871374060651545,7520.228655133928,7471.852718098959,16.111428260803223,17.395333258310952,4113.31427873884,4229.446614583333,92.75923919677734,92.91742757161458,162.17457362583704,161.02106831868488,0.1508033533048185,1.6444760311839686,0.28334925725923227,0.050781031275724815,0.03589936985030358,-0.012410338284751151,-0.24682234793840627,-0.03245573852207245,0
2026-07-14,7543.58984375,4836950000.0,16.5,4069.699951171875,151122.0,92.57686614990234,5315900.0,162.4290008544922,0.0037589783811964317,-0.03846152991147278,0.015977232638524574,0.0027869068680730358,-0.0034037661244112893,7528.850027901785,7470.637044270833,16.1614283152989,17.43466660181681,4105.314243861607,4212.003279622396,92.67865644182477,92.9018320719401,162.1588592529297,161.1263682047526,0.15108733202809596,1.6469593481888152,0.28002999771127124,0.05137898493409289,0.03615189313519887,-0.008698010096870488,-0.2347886533732804,-0.02975928277459498,0
2026-07-15,7572.39990234375,5236550000.0,15.670000076293944,4051.800048828125,113034.0,92.80447387695312,6735500.0,162.18699645996094,0.003819144358387927,-0.0503030256791549,-0.0043983346582088245,0.002458581031272278,0.0014899087801940603,7533.845703125,7469.718375651041,16.175714084080287,17.421999963124595,4088.7856794084823,4196.853287760417,92.62210736955915,92.89918263753255,162.26385934012276,161.22083485921223,0.15131506248985924,1.6504991715953883,0.276409679915786,0.05170261928332482,0.036683697612988814,-0.004912084694673262,-0.23815430896000334,-0.0273738673514566,0
2026-07-16,7533.77001953125,5365300000.0,16.729999542236328,3992.10009765625,125063.0,92.7450942993164,4841200.0,162.07200622558594,-0.005101405539945647,0.06764514746531392,-0.014734179982336837,-0.0006398352919434469,0.0007089978659502449,7538.119977678572,7467.184716796875,16.261428424290248,17.453999932607015,4065.1714215959823,4179.2599609375,92.62493460518974,92.89225285847982,162.2615748814174,161.30203501383463,0.15194566666818676,1.6593385804972847,0.2776192286853609,0.05167980226771052,0.03669279768516043,-0.009988431698544784,-0.24937948049055447,-0.027996187876991614,0
2026-07-17,7457.68994140625,5303290000.0,18.770000457763672,4018.800048828125,112279.0,92.86384582519533,7561300.0,162.37600708007812,-0.010098540030789804,0.12193669882519642,0.006688196818398939,0.0012804076245334084,-0.0018757147614316683,7534.545689174107,7463.985042317709,16.528571401323592,17.544333299001057,4056.0857282366073,4164.323299153646,92.67158617292132,92.89717203776041,162.263432094029,161.3823018391927,0.15324980730321883,1.6924670192818139,0.27828479280707913,0.05127449294226119,0.03662152909759512,-0.01998610315198197,-0.24435918272014637,-0.02675162678487371,0
2026-07-20,7443.27978515625,5152910000.0,18.64999961853028,4015.89990234375,102847.0,92.56697082519533,3784800.0,162.51199340820312,-0.0019322546744660052,-0.006393225162855898,-0.0007216448813422982,-0.0031968846149106334,-0.0008374779659283682,7520.20849609375,7459.284033203125,16.92999989645822,17.65266663233439,4038.2428850446427,4148.019962565104,92.64755249023439,92.88824971516927,162.25957380022322,161.46803487141926,0.15272536280221197,1.6863072877289882,0.27613125026969276,0.051984958537135244,0.03657672363254954,-0.021879739585208155,-0.2449044870480697,-0.029862989535691952,0
2026-07-21,7509.2001953125,5149030000.0,17.049999237060547,4076.39990234375,119957.0,92.33936309814452,2786200.0,162.48699951171875,0.008856366018608064,-0.08579090692741909,0.015065116529595635,-0.002458843851341208,0.00015379724265396355,7510.752790178572,7463.466031901042,17.218571254185267,17.503999932607016,4032.9142717633927,4138.389965820313,92.60231345040458,92.88817952473958,162.27728707449776,161.5512680053711,0.13388304604204404,1.2519570312113477,0.2686885060767778,0.05011883212065447,0.036626254554625086,-0.01321714854875854,-0.23352888515447412,-0.03224840495883063,0
2026-07-22,7498.9599609375,4890390000.0,16.639999389648438,4151.89990234375,132783.0,92.13153839111328,3428200.0,163.18600463867188,-0.0013636917526039793,-0.024046912947709553,0.018521244678813442,-0.0022506621234796853,-0.004301914178080013,7508.412806919643,7466.573697916667,17.144285474504745,17.42799990971883,4053.799979073661,4131.3399658203125,92.57545035226005,92.88446985880533,162.46414402553015,161.64656829833984,0.13380314497286394,1.2048602445868033,0.2752705536082464,0.050454706086734726,0.037980881182717745,-0.014562816184893655,-0.2193328860971772,-0.034426486818726884,0
2026-07-23,7408.2998046875,5515210000.0,18.700000762939453,4050.199951171875,159889.0,91.88414764404295,5002200.0,163.08099365234375,-0.012089697334330851,0.12379816399347465,-0.024494798420950703,-0.0026851906675009474,0.0006435048554601641,7489.085658482143,7467.295361328125,17.45857129778181,17.388999907175698,4051.0142647879466,4123.466634114583,92.4764905657087,92.86396560668945,162.55728585379464,161.74346822102865,0.13843448567582842,1.2503384488970293,0.2794431002608072,0.05029073681241282,0.03788147217601455,-0.026476453479213662,-0.23845516968609218,-0.03701923580510738,0
2026-07-24,7411.97998046875,4860620000.0,18.57999992370605,4070.800048828125,120072.0,92.0622787475586,5092700.0,163.83200073242188,0.0004967638835191579,-0.006417156916443845,0.005086192757048913,0.0019386489191335343,-0.00460511714614098,7466.168526785715,7472.128352864584,17.874285561697825,17.267666594187418,4053.7285505022323,4121.383308919271,92.37046269008091,92.85235799153646,162.7922864641462,161.8584014892578,0.12948427948775937,1.1998556124357125,0.2607238710856236,0.05061954756234586,0.03958178296018545,-0.025992842141546756,-0.2345818058859816,-0.03515235418745447,0
2026-07-27,7413.18017578125,5038290000.0,18.670000076293945,4077.0,135087.0,92.3096694946289,4046300.0,163.61099243164062,0.0001619264104413265,0.00484392642397502,0.0015230301408835079,0.0026872107711854998,0.001348993479864835,7448.94140625,7472.757698567709,18.151428495134628,17.241999912261964,4065.857107979911,4120.149975585938,92.30825914655414,92.82762603759765,163.01214163643974,161.9612014770508,0.11925008435253832,1.1429124157347599,0.26045553794169624,0.04682592931923236,0.040023806052136415,-0.025835124658730616,-0.23341605090596537,-0.03255960520107412,0
2026-07-28,7428.77978515625,5590890000.0,18.209999084472656,4038.699951171875,167757.0,92.58676147460938,3320700.0,163.77099609375,0.002104307328987254,-0.024638510441431172,-0.009394174350778717,0.003001765486730479,-0.0009779517850931896,7444.811383928572,7472.668359375,18.071428298950195,17.259666538238527,4068.699951171875,4113.47998046875,92.26867566789899,92.81739095052083,163.21142578125,162.0825678507487,0.11850242791052974,1.1125569656183276,0.2450153375981796,0.04755018587538845,0.03892790025668651,-0.02378518237190796,-0.24061747417826324,-0.029655576013497855,0
2026-07-29,7316.14990234375,5836350000.0,20.65999984741211,4036.300048828125,89664.0,92.20081329345705,5391000.0,163.86399841308594,-0.015161289750108109,0.13454150939680853,-0.0005942264522655893,-0.004168502872391455,-0.0005678802813331441,7426.649972098215,7464.730354817709,18.358571188790457,17.408333174387614,4071.6142578125,4102.969978841146,92.21636744907924,92.79100290934245,163.4045693533761,162.2128677368164,0.11568788557344561,1.1436308777680135,0.23013198241386892,0.048832940296020415,0.03853937091878381,-0.03858585808031644,-0.24106871936249477,-0.0337004595320946,1
2026-07-30,7437.6298828125,5594430000.0,17.09000015258789,4100.10009765625,149370.0,92.24040222167967,3973000.0,163.3000030517578,0.016604359135647728,-0.17279766317478462,0.015806567414790695,0.0004293772127217377,0.0034418503563323766,7416.425641741072,7462.273014322916,18.364285605294363,17.430999851226808,4075.0,4094.4933186848957,92.20223018101282,92.75804392496745,163.52071271623885,162.315234375,0.12553172825288716,1.2609616350417578,0.23599685581289664,0.04814916678314618,0.040341213947432064,-0.02262219238979138,-0.22907262091190456,-0.033285552528754134,0
2026-07-31,7489.72021484375,5391020000.0,15.989999771118164,4107.0,110633.0,91.98310089111328,8490100.0,160.18299865722656,0.00700361981598796,-0.064365147551105,0.001682861925174528,-0.002789464533643593,0.019087595445686056,7415.105678013393,7464.593684895834,18.271428516932897,17.349333159128825,4068.5857282366073,4085.3466552734376,92.18102482386998,92.7329475402832,163.09171186174666,162.30736745198567,0.12204558117652484,1.2235646777542208,0.23501113703881307,0.04643518465758231,0.06990165143268788,-0.015777009808705632,-0.22777525657856262,-0.035982168194136,0
2026-08-03,7600.5,5201470000.0,15.859999656677246,4090.5,93289.0,92.16979217529295,5758500.0,157.58200073242188,0.01479091100582064,-0.008130088574218153,-0.0040175310445580426,0.0020296259027043906,0.01623766533657245,7442.562848772322,7467.924348958333,17.865714073181152,17.33133316040039,4074.3428780691966,4080.1666585286457,92.22183118547711,92.70289535522461,162.30614144461495,162.2067672729492,0.1254834806386299,1.1796863375946938,0.21864790903830916,0.045500243847252035,0.08406542459497961,-0.0012194551509034843,-0.23087769345863413,-0.034025572632033915,0
2026-08-04,7736.52001953125,5906940000.0,16.5,4152.60009765625,118831.0,92.5967788696289,5461600.0,157.5290069580078,0.01789619360979544,0.040353112054028806,0.01518154202573041,0.004632609928466369,0.00033629332136764223,7488.925711495535,7476.715348307292,17.56857122693743,17.305333137512207,4086.0285993303573,4078.4966552734377,92.29818834577289,92.698912302653,161.4057137625558,162.0766342163086,0.13452788873884508,1.1751985588465266,0.22187973082173984,0.04643976049196903,0.08225571744534228,0.0,-0.2192012308389497,-0.029550589909164374,0
2026-08-05,7723.5498046875,5615640000.0,15.8100004196167,4305.2001953125,211902.0,92.65635681152344,5609200.0,157.69200134277344,-0.0016764921193257454,-0.0418181563868667,0.03674808410816599,0.00064341268262047,-0.001034694421764959,7533.264229910715,7488.651676432291,17.15999984741211,17.182666492462157,4118.628627232143,4083.6899983723956,92.34771510532924,92.69296951293946,160.56014360700334,161.9473673502604,0.12657125272042483,1.117587377667488,0.24314935702920742,0.046319988453310104,0.08228992215044717,-0.0016764921193257452,-0.190508371998267,-0.028926190450870286,0
2026-08-06,7709.9599609375,5330830000.0,15.149999618530272,4299.60009765625,167624.0,92.2988739013672,4831900.0,157.60000610351562,-0.0017595333873230423,-0.041745780111903885,-0.0013007752025904207,-0.003858158495087527,0.0005833855774196595,7573.432826450893,7500.376334635416,16.722857066563197,17.066666507720946,4155.90007672991,4093.383333333333,92.30658830915179,92.65505498250326,159.67857360839844,161.814067586263,0.12672964485958213,1.116876712109196,0.2192970752822825,0.04322207341487114,0.08224100143168347,-0.0034330756627912475,-0.19156133863467623,-0.03267274711853922,0
2026-08-07,7757.64013671875,5019970000.0,14.899999618530272,4399.7001953125,190635.0,92.517333984375,55016600.0,158.40899658203125,0.006184231308959065,-0.01650165058052011,0.023281257647848497,0.002366877013486146,-0.005133188116656973,7636.502859933035,7513.714664713541,15.89999989100865,16.933666515350343,4207.814383370535,4105.120003255209,92.35180555071149,92.62244974772135,158.8992876325335,161.7022674560547,0.12730967592833978,1.115992297019884,0.22662582633945383,0.04387095692771295,0.08388986497852302,0.0,-0.1727398698669483,-0.030383202479175433,0
2026-08-10,7753.10986328125,4879540000.0,15.460000038146973,4419.7001953125,118606.0,92.11021423339844,8610100.0,157.89100646972656,-0.0005839757139619595,0.03758392174186764,0.00454576428214537,-0.004400469981607147,0.0032699538756085778,7681.571428571428,7527.017659505208,15.667142731802803,16.835333188374836,4253.471540178572,4115.900016276041,92.33320726667132,92.5683832804362,158.12657383510046,161.5718012491862,0.1273274901612767,1.121154229015081,0.22503262722858686,0.04451427808488358,0.08416792618199224,-0.0005839757139619227,-0.16897934031534648,-0.03464997209032785,0
2026-08-11,7728.2001953125,4739500000.0,15.279999732971191,4441.10009765625,138129.0,92.21944427490234,5052200.0,159.156005859375,-0.003212861472107087,-0.011642969258191305,0.004841935289286559,0.0011858624194178713,-0.008011852086654336,7715.639997209822,7536.609993489584,15.565714154924665,16.756333192189533,4301.200125558035,4129.306689453125,92.36697060721261,92.51697184244792,157.97986057826452,161.48410135904948,0.12451494183130575,1.1157323272345223,0.21947982636745217,0.04473697473940818,0.0879548462234162,-0.0037949609529970047,-0.1649555920570932,-0.03350519977064589,0
2026-08-12,7748.5,4574170000.0,14.550000190734863,4467.5,153093.0,92.30880737304688,4810300.0,159.26499938964844,0.0026267182752088836,-0.047774839986491235,0.005944451096178138,0.0009690266390907087,-0.0006848219750483775,7736.782854352678,7544.914664713541,15.378571374075753,16.692999839782715,4355.057268415178,4143.606689453125,92.38682992117745,92.48464914957682,158.2202889578683,161.39550120035807,0.12300359089563158,1.1069135864020891,0.21937463032100984,0.04273442528493812,0.08793488384936282,-0.001178210971077089,-0.15999171141093949,-0.032568640562680884,0
2026-08-13,7798.990234375,4833230000.0,14.630000114440918,4420.39990234375,139219.0,92.64643096923828,7637900.0,159.3280029296875,0.0065161301380911585,0.005498276471294972,-0.010542831036653655,0.0036575447760576196,-0.0003955893654004061,7745.707170758928,7555.440006510416,15.111428533281599,16.627666505177817,4393.314383370535,4154.873356119791,92.3939230782645,92.47113444010417,158.47728838239397,161.2855010986328,0.12356515699294669,1.1067053660916684,0.2218562822314622,0.04378275371972247,0.08676244503042367,0.0,-0.1688477768669225,-0.0290302170477765,0
2026-08-14,7785.759765625,4159900000.0,14.25,4437.2998046875,126955.0,92.38824462890624,4659900.0,159.42599487304688,-0.0016964335577297485,-0.025974033593193835,0.0038231614146018167,-0.0027867920828787973,-0.0006150327723783988,7754.594308035715,7565.523990885416,14.888571330479213,16.56433318456014,4412.185756138393,4165.260009765625,92.35562133789062,92.4460444132487,158.7250017438616,161.18173421223958,0.12383077735012632,1.106600342066676,0.22063639883770064,0.04430757688913006,0.08684192551240202,-0.001696433557729704,-0.16567014775777966,-0.031736107951622246,0
2026-08-17,7745.06005859375,4452630000.0,15.1899995803833,4473.7001953125,121052.0,92.1896514892578,4755400.0,159.22300720214844,-0.005227454770816764,0.06596488283391588,0.008203275015708167,-0.00214954987451188,0.0012732407350513064,7759.608607700893,7572.444986979167,14.894285610743932,16.551666514078775,4437.057198660715,4175.466682942709,92.34001813616071,92.41235555013021,158.9568590436663,161.10743459065756,0.12395006811466644,1.1186623300882297,0.22012877261455738,0.04454902285504803,0.08495727209163864,-0.00691502029885179,-0.15882591052602152,-0.03381743947926921,0
2026-08-18,7691.759765625,4602700000.0,15.84000015258789,4420.60009765625,131150.0,92.27902221679688,6312600.0,159.33999633789062,-0.006881843725615733,0.04279134892432879,-0.011869391183586209,0.0009694225555185731,-0.0007347501959542591,7750.197126116072,7578.708642578125,15.02857140132359,16.54199988047282,4440.042898995535,4184.240022786458,92.30597359793526,92.39747950236003,159.08985900878906,161.01583455403645,0.12506174753501054,1.1206592365047479,0.22362392440932438,0.042359240837122204,0.08402134194667249,-0.01374927593541131,-0.16881013484748508,-0.03288080031235179,0
2026-08-19,7707.97998046875,5184100000.0,14.890000343322754,4545.2998046875,250482.0,92.72586059570312,7762300.0,159.5500030517578,0.002108778138942835,-0.05997473485566407,0.028208773532209852,0.004842253073038316,-0.0013179786537829141,7743.75,7586.217643229166,14.94714287349156,16.47499990463257,4457.985700334822,4199.67001953125,92.3939230782645,92.40376536051433,159.3268585205078,160.92206776936848,0.12461907154709813,1.125755159220012,0.22748953034324162,0.044355890496337695,0.08394024029723698,-0.011669491968987372,-0.14536328817912975,-0.028197764395669983,0
2026-08-20,7641.16015625,4759610000.0,16.010000228881836,4571.39990234375,186475.0,92.34852600097656,4956800.0,158.2760009765625,-0.008668915122777232,0.07521825787340108,0.005742216966487801,-0.004069356620714393,0.007984970547333825,7731.315708705357,7589.468310546875,15.051428658621651,16.480666573842367,4476.599958147322,4214.023356119792,92.41236332484654,92.39087600708008,159.2011435372489,160.77996775309245,0.1257879568247932,1.1318587073537152,0.22535971362827828,0.045476985981117504,0.08646580140520425,-0.02023724525635956,-0.14045577875232865,-0.03215237425715149,0
2026-08-21,7674.3701171875,4497270000.0,15.130000114440918,4680.60009765625,195566.0,92.16979217529295,4508700.0,158.88299560546875,0.004346193543703691,-0.054965652833246614,0.02388769253298384,-0.001935426946410801,-0.0038350389519643535,7720.725725446428,7592.767643229166,15.134285790579659,16.483999919891357,4507.042829241072,4232.92001953125,92.3925040108817,92.37466786702474,159.14657156808036,160.66396738688152,0.12582416596363374,1.1334975618108691,0.23088255358324064,0.04573281848715343,0.08752939231760067,-0.01597900669733136,-0.11992325067666121,-0.034025572632033915,0
2026-08-24,7652.85986328125,4400800000.0,15.850000381469728,4697.7998046875,206802.0,92.35845947265624,5809600.0,158.9040069580078,-0.0028028689752760405,0.04758759164460291,0.003674679885569132,0.002046953702623755,-0.0001322441867299684,7699.849958147322,7597.351643880208,15.308571543012347,16.44033327102661,4546.67138671875,4255.990014648438,92.3513652256557,92.37596384684245,159.08600071498327,160.56483408610026,0.12371379185093662,1.0638514071799747,0.21184669525361052,0.044954321385830824,0.08728990113577248,-0.018737088610479673,-0.11668925034816573,-0.03204826770129316,0
2026-08-25,7677.27978515625,4260240000.0,15.449999809265137,4694.5,176784.0,92.8549575805664,7753500.0,159.13900756835938,0.003190953749482306,-0.025236628553790608,-0.000702414922876704,0.005375772947546542,-0.001478884106513867,7684.352818080357,7601.807975260416,15.48000008719308,16.405333264668783,4583.414271763393,4276.816682942708,92.41803850446429,92.38523356119792,159.04500252859933,160.45516764322917,0.12360000931629869,1.0604320220994425,0.21012707102778855,0.046923068045657566,0.0866983604367504,-0.015605924044153353,-0.11730970100025863,-0.026844778964271048,0
2026-08-26,7675.7001953125,4100600000.0,15.210000038146973,4653.2998046875,151459.0,92.6662826538086,5671200.0,159.22300720214844,-0.00020574863596922732,-0.01553396595993739,-0.008776269104803447,-0.0020319316455893466,-0.0005278381150704003,7674.444266183035,7605.251318359375,15.482857295445033,16.389999930063883,4609.071358816965,4296.866674804687,92.48612867082868,92.3806271870931,159.04500252859933,160.3563680013021,0.1232432931728802,1.0508518923887293,0.21217567733627526,0.04676983805647954,0.08672923025563896,-0.015808461782537454,-0.12505642860047983,-0.028822163853964074,0
2026-08-27,7730.990234375,4362240000.0,14.510000228881836,4664.0,140302.0,92.57691955566406,10555700.0,159.2550048828125,0.0072032567265023495,-0.04602234105914027,0.002299485475172114,-0.0009643539762825837,-0.00020096141397107914,7680.048618861607,7611.825325520834,15.29285730634417,16.315999952952065,4643.8427734375,4319.263338216146,92.52868543352399,92.3750213623047,159.0328608921596,160.26246795654296,0.12355958224208305,1.039918063794875,0.2042046509902866,0.04681510980317653,0.08675939290352977,-0.008719077464705842,-0.12304450856645142,-0.029758723061929074,0
2026-08-28,7711.759765625,4297560000.0,14.43000030517578,4529.89990234375,274603.0,92.19957733154295,8008400.0,159.3209991455078,-0.0024874522107780628,-0.005513433662586609,-0.028752165020636822,-0.004075985957755046,-0.00041439364963058445,7680.588588169643,7620.294319661459,15.227143015180316,16.171333281199136,4641.642787388393,4336.3,92.45350211007255,92.35287907918294,159.0001460484096,160.16063435872397,0.11958230884690142,0.9705179267178342,0.2266749880807643,0.04804398391781126,0.08650447042328877,-0.011184841386968415,-0.14825887757190245,-0.033713412882363,0
2026-08-31,7686.14013671875,5386090000.0,14.920000076293944,4481.5,152216.0,92.0903549194336,8136100.0,160.1219940185547,-0.0033221508040809367,0.03395701737736001,-0.010684541245317147,-0.001184630290837485,-0.005027553664255668,7687.014299665178,7628.389664713542,15.071428707667758,16.046999963124595,4628.799944196428,4351.820003255209,92.41662052699498,92.33699188232421,159.26385934012276,160.08096771240236,0.11996032818597611,0.9777214446130769,0.23032502487996662,0.04731437405682566,0.08795750053773874,-0.014469834461242103,-0.1573593407248182,-0.034858105243092546,0
2026-09-01,7631.47021484375,4858180000.0,16.34000015258789,4396.39990234375,198560.0,91.78340911865234,8030400.0,159.7469940185547,-0.007112792754561781,0.09517426736144285,-0.018989199521644573,-0.003333093905977247,0.0023419643397429857,7680.8857421875,7632.46533203125,15.24428585597447,16.023333326975504,4588.199916294643,4362.486669921875,92.36142294747489,92.3184600830078,159.38728768484933,159.98963419596353,0.11991451603619704,0.9892879028245954,0.23686065053474503,0.047748094811894216,0.08811573529835154,-0.021479706282088302,-0.17336041232884472,-0.03807501381091018,0
2026-09-02,7666.60009765625,4738910000.0,15.199999809265137,4414.60009765625,187568.0,91.8631362915039,6075800.0,160.1959991455078,0.004603291610071336,-0.06976746222013974,0.004139795222631415,0.0008686447105978878,-0.00281072660998527,7682.8486328125,7638.053336588541,15.151428631373815,15.975333340962727,4547.742815290178,4371.243343098959,92.29066249302456,92.30951334635417,159.57185799734933,159.8899673461914,0.12032645299485135,1.0078360815166563,0.23209549815985347,0.04743707661992112,0.0875058592490238,-0.01697529202373204,-0.16993829371296565,-0.037239442759665044,0
2026-09-03,7747.7099609375,4726400000.0,14.31999969482422,4539.89990234375,209167.0,91.9627914428711,7194800.0,158.92300415039062,0.01057963924661287,-0.05789474509759618,0.028383047595641253,0.0010848220014061383,0.007946484318630875,7692.910086495535,7649.367008463541,14.99000004359654,15.829333305358887,4525.657087053572,4387.566674804688,92.1632101876395,92.3121348063151,159.54100036621094,159.7513676961263,0.11717836543458895,0.9480524420407522,0.22993293500039594,0.046902237782538624,0.09005896382214731,-0.006575245242836174,-0.14637861279610154,-0.03619501892508476,0
2026-09-04,7718.60009765625,4103570000.0,14.529999732971191,4476.60009765625,189656.0,91.93289184570312,3011600.0,155.66000366210938,-0.0037572216084515997,0.014664807445692318,-0.013942995671517133,-0.00032512711607435296,0.020531958263219297,7699.038643973215,7659.587679036458,14.892857142857142,15.694333299001057,4500.414271763393,4401.093343098958,92.05844007219586,92.3078219095866,159.03199986049108,159.47896779378254,0.11814597439165962,0.9501523278730407,0.23563272320923506,0.046560532688116205,0.10505922406421815,-0.010307762197780512,-0.15828065210299994,-0.03650837805903975,0
2026-09-08,7673.52001953125,4966930000.0,15.720000267028809,4439.0,217162.0,91.84320831298828,3481200.0,153.85499572753906,-0.005840447432778451,0.08189955649877212,-0.008399253191263556,-0.0009755325968138218,0.011595836387672476,7690.82861328125,7668.265673828125,15.065714291163854,15.595999972025554,4468.271414620535,4413.160009765625,91.95362418038505,92.2922732035319,158.2605699811663,159.15376790364584,0.11995019598680623,0.9837316263939915,0.23801779284684613,0.045899874861200785,0.10890354810078075,-0.01608800768729325,-0.1653504660219721,-0.037448295543000186,0
2026-09-09,7636.35986328125,4896940000.0,16.459999084472656,4460.7001953125,164390.0,91.58409881591795,5440600.0,153.47799682617188,-0.004842647983639425,0.04707371532276139,0.004888532397499423,-0.0028212156546983946,0.0024503520316936367,7680.057198660715,7675.185009765625,15.355714116777692,15.53766663869222,4458.3857421875,4427.2266845703125,91.8656986781529,92.25885111490885,157.4258553641183,158.8106679280599,0.12116799860550291,0.992471190746958,0.23516485133683165,0.04551002467684133,0.10853492421578877,-0.02085274711294506,-0.16127025473456272,-0.04016386148007088,0
2026-09-10,7591.7001953125,4893500000.0,17.84000015258789,4407.2998046875,201300.0,90.86656951904295,9840800.0,153.572998046875,-0.005848292742657635,0.08383968073346026,-0.011971302326283961,-0.007834649313056219,-0.0006189891884680332,7666.565778459822,7684.37001953125,15.772856984819684,15.443666648864745,4447.785714285715,4439.593343098958,91.69087219238281,92.21437632242838,156.4902845110212,158.46763458251954,0.11315046209700441,0.9416827769414984,0.23913225678543867,0.04926248095168896,0.10854609950332948,-0.02657908688599761,-0.1713109420851824,-0.04768384102337253,0
2026-09-11,7656.97998046875,4722480000.0,15.84000015258789,4408.89990234375,187975.0,90.69715881347656,8728500.0,154.48199462890625,0.008598836028398171,-0.11210762235951421,0.0003630562310619201,-0.0018643898021361016,-0.005918987019800204,7670.210030691965,7691.681689453125,15.701428413391113,15.40199998219808,4449.571428571428,4449.886669921875,91.5356935773577,92.16293487548828,155.73814174107142,158.17370096842447,0.10585916985052166,0.8595081389144344,0.23614051016493992,0.04934259275741625,0.11093246771985527,-0.018208800067516753,-0.17101008135909357,-0.04945932955857795,0
2026-09-14,7619.97998046875,4963750000.0,17.100000381469727,4351.89990234375,164499.0,90.617431640625,8884700.0,153.4239959716797,-0.004832192338804386,0.07954546822879793,-0.012928395124075953,-0.0008790481851314036,0.006848685892281936,7663.550013950893,7696.023681640625,15.972857066563197,15.439000002543132,4440.6142578125,4458.05,91.35773577008929,92.11741256713867,154.77071271623885,157.94840087890626,0.10557484155386905,0.8686312960282284,0.2403553345978823,0.04890037166356344,0.09946059079719705,-0.022953003982136108,-0.1817275905811588,-0.050294900609823084,0
2026-09-15,7585.72998046875,5154930000.0,17.200000762939453,4332.7998046875,146019.0,90.5078125,9403700.0,154.38499450683594,-0.004494762464965607,0.005847975394087879,-0.004388910150705305,-0.0012096915421276888,-0.006263678175437715,7640.410016741072,7695.53134765625,16.38428579057966,15.483666706085206,4411.028529575893,4466.12666015625,91.14988163539341,92.0620132446289,154.12242562430245,157.84183400472006,0.09753282541001472,0.8679235922442932,0.24043909782299094,0.048345858760528486,0.09137638694644772,-0.027344598146344566,-0.18531891466489928,-0.05144375083607094,0
2026-09-16,7551.81005859375,5307920000.0,17.709999084472656,4387.5,249081.0,90.41812133789062,13144400.0,155.26600646972656,-0.004471543537976519,0.029651063890188123,0.01262467637053577,-0.0009909770176953492,-0.005706590628868469,7616.582868303572,7689.374348958333,16.838571412222727,15.52400000890096,4398.299944196428,4473.956656901041,90.93348584856305,91.9893913269043,154.0661403111049,157.7664006551107,0.0820991619983594,0.8645924109538374,0.23933549314293362,0.045731635348999836,0.09322606483856256,-0.03169386912318126,-0.17503382961734684,-0.05238374827898364,0
2026-09-17,7637.759765625,5058210000.0,15.4399995803833,4399.7001953125,169188.0,90.93633270263672,8137600.0,156.01400756835938,0.01138133856179846,-0.12817615027883267,0.002780671296296333,0.005731277724843942,-0.004817545808255552,7611.474260602678,7686.514680989583,16.79857131413051,15.51166664759318,4392.685686383928,4477.106656901042,90.8039321899414,91.9320571899414,154.37457057407923,157.71046752929686,0.08928530136434681,0.9373481697090932,0.21547155229424073,0.04935094631279157,0.09439240633742754,-0.020673249216207126,-0.1727398698669483,-0.04695269636379482,0
2026-09-18,7650.5,8858350000.0,14.8100004196167,4424.89990234375,142919.0,90.48788452148438,6721300.0,156.12899780273438,0.0016680590599797984,-0.04080305556271013,0.005727596407159252,-0.004931452235035438,-0.0007370507056849718,7613.494280133928,7684.532682291667,16.562857219151088,15.500333340962728,4387.571358816965,4481.283317057291,90.64733014787946,91.87169087727865,154.75328499930245,157.66143391927082,0.0893700356989341,0.9369792409026778,0.21583503765484097,0.05005595962058551,0.09444030800868848,-0.01903967435688164,-0.16800165771781211,-0.05165260361940608,0
2026-09-21,7764.7001953125,4828050000.0,14.869999885559082,4383.89990234375,138203.0,90.83667755126952,8832400.0,157.04600524902344,0.014927154475197657,0.004051280502525234,-0.009265746323048663,0.0038545826508114,-0.0058733960967820575,7638.208565848215,7684.768017578125,16.1385714667184,15.499333349863688,4384.228515625,4480.756640625,90.64305986676895,91.81566899617513,155.24942888532365,157.61600087483723,0.09800837068820023,0.9355457680169219,0.20713837474770413,0.051013088425580985,0.09483358185420374,-0.004396728041966571,-0.17571074329859587,-0.04799712019837525,0
2026-09-22,7764.64013671875,5286270000.0,14.210000038146973,4376.39990234375,178132.0,90.84664154052734,8941200.0,157.36900329589844,-7.734824557181774e-06,-0.04438465719512641,-0.0017108054853146593,0.0001096912560700769,-0.0020567097288646252,7653.588588169643,7685.152360026042,15.905714307512556,15.457666683197022,4379.585658482143,4479.313297526041,90.66441454206195,91.77354990641275,155.66185869489397,157.59860076904297,0.09799027514208716,0.9383329375412747,0.20672862897290606,0.04975714962595384,0.09462604135510912,-0.00440442885860374,-0.17712094188044655,-0.04789269380670753,0
2026-09-23,7706.02978515625,5110910000.0,15.18000030517578,4318.39990234375,143873.0,89.87997436523438,14504900.0,157.46400451660156,-0.007548366766584991,0.06826180608197219,-0.013252902224254792,-0.010640648447766021,-0.0006036844531860375,7665.881417410715,7684.413346354167,15.631428582327704,15.454333368937174,4374.799944196428,4475.223291015625,90.55906350272042,91.6955675760905,156.23900277273995,157.54220072428384,0.10003591651365899,0.9588848783058089,0.2094920781809441,0.057561056271269,0.0914963658601663,-0.01191954938076669,-0.1880264775800919,-0.058023732936459876,0
2026-09-24,7704.1298828125,5316390000.0,15.670000076293944,4298.0,164814.0,89.38169860839844,11008900.0,158.26499938964844,-0.000246547495496241,0.032279299161218855,-0.004723949334261124,-0.0055437905980163515,-0.005086844295023818,7682.795689174107,7682.934342447917,15.412857055664062,15.491666698455811,4369.828543526785,4469.573291015625,90.39819008963448,91.59799728393554,156.7932891845703,157.5088673909505,0.09970727164723456,0.9511307002522916,0.2087661513255539,0.05885326584641984,0.09280497968960535,-0.012163158141215697,-0.19186219936076507,-0.06324585210936128,0
2026-09-25,7743.41015625,4499180000.0,14.869999885559082,4321.2001953125,140092.0,89.69062805175781,17320200.0,158.81100463867188,0.005098599586843999,-0.051052979377142815,0.005397904912168405,0.003456294165015361,-0.003449943140486633,7710.167131696428,7681.081673177084,15.007142884390694,15.499666690826416,4360.357142857143,4466.266634114583,90.2942624773298,91.49947052001953,157.29971749441964,157.49163411458332,0.09896283368138488,0.9645042201568979,0.20767980801610988,0.05871561078978971,0.0933937273158633,-0.00712657362744526,-0.18749994835698552,-0.06000815421395286,0
2026-09-28,7683.68994140625,5129710000.0,16.06999969482422,4168.39990234375,229031.0,89.22224426269531,11366200.0,157.46299743652344,-0.007712392038996874,0.08069938254878606,-0.035360614195681817,-0.00522221551166091,0.008488122124883146,7716.728585379465,7677.679345703125,15.097142900739398,15.560333347320556,4327.314243861607,4457.303304036458,90.04939270019531,91.39393717447916,157.50671604701452,157.42620086669922,0.10125243850272928,0.9865848895034399,0.23014263240537092,0.059748291999207705,0.09647123056243104,-0.014784002736732495,-0.21623044921710569,-0.06491699421185154,0
2026-09-29,7670.83984375,5023590000.0,16.040000915527344,4179.7001953125,149747.0,89.14251708984375,12706300.0,157.36099243164062,-0.0016723862824035152,-0.0018667566811800818,0.002710942623906254,-0.0008935795497009291,0.0006478030174925653,7719.63427734375,7675.205338541667,15.27285725729806,15.588666725158692,4292.285714285715,4447.503304036459,89.85719735281808,91.29236602783203,157.6827152797154,157.3641337076823,0.10030555225229931,0.9701513484932661,0.22857604365892642,0.05967742708135413,0.09643877432713206,-0.016431664455760123,-0.21410569493456852,-0.06575256526309668,0
2026-09-30,7651.5400390625,4276550000.0,16.34000015258789,4186.7001953125,156277.0,89.00299835205078,14324400.0,157.4040069580078,-0.002515996302963508,0.01870319326292158,0.0016747612682483926,-0.0015651200162134504,-0.000273349358710151,7703.468540736607,7673.864680989584,15.482857295445033,15.605333391825358,4264.114327566965,4439.706640625,89.59524318150112,91.1831652323405,157.7338583809989,157.29960072835286,0.09860040514803348,0.9641981609331792,0.2269430939693219,0.05936018998816718,0.09640193960725721,-0.01890631875170138,-0.21278950959150789,-0.06721477462329953,0
2026-10-01,7666.4501953125,5783800000.0,16.389999389648438,4202.2998046875,130846.0,89.30000305175781,13505900.0,157.55799865722656,0.0019486477459282892,0.003059928800100309,0.0037259915081728767,0.003337019035383859,-0.0009783213413354641,7689.44140625,7672.480354817709,15.794285774230957,15.655333360036215,4239.242885044643,4428.273307291666,89.37429482596261,91.06896998087565,157.76085771833147,157.2332005818685,0.09856952928835942,0.9456440063962935,0.20930189114401163,0.05817789486116231,0.09635467823922876,-0.016994512761192293,-0.20985636998910126,-0.06410205257029265,0
2026-10-02,7722.72021484375,5277430000.0,15.3100004196167,4162.2998046875,169001.0,89.05000305175781,16934100.0,157.927001953125,0.007339775006385052,-0.06589377731849344,-0.009518597401209083,-0.0027995519759960175,-0.002342015632613048,7691.825753348215,7675.1990234375,15.812857219151088,15.63200003306071,4216.94287109375,4414.636637369792,89.25572749546596,90.95901921590169,157.8270002092634,157.22156728108723,0.09747692512185482,0.9429501956137804,0.20873484056089284,0.05775759318388748,0.09390887441672463,-0.009779473654817593,-0.21737742909230492,-0.06672214751835012,0
2026-10-05,7773.9501953125,5840900000.0,15.520000457763672,4156.7998046875,169001.0,88.91999816894531,11069400.0,157.73399353027344,0.006633670396382074,0.013716527262657596,-0.0013213848732871458,-0.0014599087968243385,0.0012221369396276938,7701.800083705357,7678.518359375,15.791428702218193,15.645000044504801,4196.771414620535,4397.176627604166,89.1897702898298,90.85069274902344,157.75114222935267,157.18326721191406,0.09850731921583619,0.9289179924407921,0.19264622474178847,0.057721786228438335,0.0932291499532293,-0.0032106770633117316,-0.21841157471899544,-0.06808464806506946,0
