Date,SP500_Close,SP500_Volume,VIX_Close,Gold_Close,Gold_Volume,IEF_Close,IEF_Volume,JPY_Close
2023-01-03,3824.139892578125,3959140000.0,22.899999618530277,1846.0999755859373,212272.0,84.83380126953125,6808300.0,130.79400634765625
2023-01-04,3852.969970703125,4414080000.0,22.01000022888184,1859.0,198354.0,85.48413848876953,7800100.0,131.2480010986328
2023-01-05,3808.10009765625,3893450000.0,22.459999084472656,1840.5999755859373,188603.0,85.36109924316406,3177900.0,132.24600219726562
2023-01-06,3895.080078125,3923560000.0,21.1299991607666,1869.699951171875,215367.0,86.45963287353516,6807700.0,133.3070068359375
2023-01-09,3892.090087890625,4311770000.0,21.96999931335449,1877.800048828125,204550.0,86.67933654785156,4988000.0,131.86199951171875
2023-01-10,3919.25,3851030000.0,20.57999992370605,1876.5,170514.0,86.13448333740234,4026900.0,131.72900390625
2023-01-11,3969.610107421875,4303360000.0,21.09000015258789,1878.9000244140625,222250.0,86.68811798095703,7118700.0,132.1009979248047
2023-01-12,3983.169921875,4440260000.0,18.82999992370605,1898.800048828125,265174.0,87.46147918701172,5768000.0,131.90199279785156
2023-01-13,3999.090087890625,3939700000.0,18.350000381469727,1921.699951171875,247878.0,86.99571990966797,5573500.0,129.1719970703125
2023-01-17,3990.969970703125,4235560000.0,19.36000061035156,1909.9000244140625,268368.0,86.72328186035156,3709000.0,128.3209991455078
2023-01-18,3928.860107421875,4298710000.0,20.34000015258789,1907.0,218967.0,87.90093231201172,7926400.0,128.281005859375
2023-01-19,3898.85009765625,3991500000.0,20.520000457763672,1923.9000244140625,214246.0,87.73394012451172,4234100.0,128.53900146484375
2023-01-20,3972.610107421875,4013360000.0,19.850000381469727,1928.199951171875,165272.0,87.1539077758789,8822700.0,128.3699951171875
2023-01-23,4019.81005859375,3945210000.0,19.809999465942383,1928.5999755859373,190094.0,86.87269592285156,4334900.0,129.35400390625
2023-01-24,4016.949951171875,3320430000.0,19.200000762939453,1935.4000244140625,201713.0,87.37362670898438,3540300.0,130.5970001220703
2023-01-25,4016.219970703125,3724020000.0,19.07999992370605,1942.5999755859373,190302.0,87.47028350830078,2924700.0,130.23899841308594
2023-01-26,4060.429931640625,3809590000.0,18.729999542236328,1930.0,223255.0,87.1539077758789,2875400.0,129.23699951171875
2023-01-27,4070.56005859375,3907760000.0,18.51000022888184,1929.4000244140625,150902.0,87.0220947265625,5524100.0,129.8000030517578
2023-01-30,4017.77001953125,3802000000.0,19.940000534057617,1922.9000244140625,27220.0,86.7496566772461,2584600.0,129.85400390625
2023-01-31,4076.60009765625,4679320000.0,19.399999618530277,1929.5,194077.0,87.1890640258789,4856400.0,130.47900390625
2023-02-01,4119.2099609375,4856930000.0,17.8700008392334,1942.800048828125,210613.0,87.8161392211914,20159100.0,130.11000061035156
2023-02-02,4179.759765625,5624360000.0,18.729999542236328,1930.800048828125,259844.0,87.78087615966797,5823000.0,128.6219940185547
2023-02-03,4136.47998046875,4694510000.0,18.32999992370605,1876.5999755859373,310612.0,86.83854675292969,5267000.0,128.74600219726562
2023-02-06,4111.080078125,4114240000.0,19.43000030517578,1879.5,164540.0,86.08993530273438,5500400.0,132.00900268554688
2023-02-07,4164.0,4355860000.0,18.65999984741211,1884.800048828125,179673.0,85.87857055664062,5678900.0,132.6230010986328
2023-02-08,4117.85986328125,4029820000.0,19.6299991607666,1890.699951171875,131904.0,86.19563293457031,6137600.0,131.04200744628906
2023-02-09,4081.5,4270200000.0,20.709999084472656,1878.5,183551.0,85.80810546875,7358300.0,131.38699340820312
2023-02-10,4090.4599609375,3891520000.0,20.530000686645508,1874.5,155270.0,85.39414978027344,5290000.0,131.5189971923828
2023-02-13,4137.2900390625,3448620000.0,20.34000015258789,1863.5,131217.0,85.59674072265625,17262300.0,131.55099487304688
2023-02-14,4136.1298828125,3929200000.0,18.90999984741211,1865.4000244140625,217012.0,85.20924377441406,7133600.0,132.33700561523438
2023-02-15,4147.60009765625,4075980000.0,18.229999542236328,1845.300048828125,169531.0,84.95381164550781,4964700.0,132.99099731445312
2023-02-16,4090.409912109375,4143660000.0,20.170000076293945,1851.800048828125,168509.0,84.67198181152344,27126400.0,133.9029998779297
2023-02-17,4079.090087890625,4045480000.0,20.020000457763672,1850.199951171875,165081.0,84.90979766845703,4540500.0,134.07400512695312
2023-02-21,3997.340087890625,4121590000.0,22.8700008392334,1842.5,210165.0,83.98503112792969,11382100.0,134.33599853515625
2023-02-22,3991.050048828125,4079320000.0,22.290000915527344,1841.5,141500.0,84.13472747802734,30136400.0,134.9759979248047
2023-02-23,4012.320068359375,3952940000.0,21.13999938964844,1826.800048828125,179972.0,84.46062469482422,7059800.0,134.9320068359375
2023-02-24,3970.0400390625,3877700000.0,21.670000076293945,1817.0999755859373,169473.0,83.94976806640625,10757200.0,134.6280059814453
2023-02-27,3982.239990234375,3836950000.0,20.950000762939453,1824.9000244140625,130427.0,84.2052001953125,3693200.0,136.39500427246094
2023-02-28,3970.14990234375,5043400000.0,20.700000762939453,1836.699951171875,184507.0,84.33732604980469,4690000.0,136.31700134277344
2023-03-01,3951.389892578125,4249480000.0,20.57999992370605,1845.4000244140625,182583.0,83.66307830810547,8328600.0,136.34800720214844
2023-03-02,3981.35009765625,4244900000.0,19.59000015258789,1840.5,139755.0,83.31886291503906,12952800.0,136.19400024414062
2023-03-03,4045.639892578125,4084730000.0,18.489999771118164,1854.5999755859373,158961.0,83.98961639404297,5696900.0,136.7050018310547
2023-03-06,4048.419921875,4000870000.0,18.61000061035156,1854.5999755859373,136224.0,83.83956909179688,3766400.0,135.86000061035156
2023-03-07,3986.3701171875,3922500000.0,19.59000015258789,1820.0,248226.0,83.84842681884766,5053300.0,135.99899291992188
2023-03-08,3992.010009765625,3535570000.0,19.11000061035156,1818.5999755859373,208292.0,83.82191467285156,5163500.0,137.39100646972656
2023-03-09,3918.320068359375,4445260000.0,22.61000061035156,1834.5999755859373,228473.0,84.34256744384766,12498800.0,137.2259979248047
2023-03-10,3861.590087890625,5518190000.0,24.799999237060547,1867.199951171875,345814.0,85.89586639404297,11041300.0,136.39500427246094
2023-03-13,3855.760009765625,6558020000.0,26.520000457763672,1916.5,452332.0,86.93721771240234,23930600.0,134.97999572753906
2023-03-14,3919.2900390625,5665870000.0,23.729999542236328,1910.9000244140625,261275.0,86.11648559570312,47886700.0,133.11399841308594
2023-03-15,3891.929931640625,6594010000.0,26.13999938964844,1931.300048828125,385454.0,87.36084747314453,25157400.0,134.39700317382812
2023-03-16,3960.280029296875,5695790000.0,22.989999771118164,1923.0,248084.0,86.57540130615234,13961000.0,132.9290008544922
2023-03-17,3916.639892578125,9354280000.0,25.51000022888184,1973.5,351092.0,87.59912109375,12293700.0,133.3679962158203
2023-03-20,3951.570068359375,5347140000.0,24.149999618530277,1982.800048828125,338016.0,87.24608612060547,7982400.0,132.28399658203125
2023-03-21,4002.8701171875,4920240000.0,21.3799991607666,1941.0999755859373,248934.0,86.48712158203125,9851600.0,131.39199829101562
2023-03-22,3936.969970703125,4533010000.0,22.26000022888184,1949.5999755859373,245031.0,87.6255874633789,10705200.0,132.34800720214844
2023-03-23,3948.719970703125,4991600000.0,22.61000061035156,1995.9000244140625,262247.0,88.12861633300781,7118800.0,131.1790008544922
2023-03-24,3970.989990234375,4583970000.0,21.739999771118164,1983.800048828125,285442.0,88.15509796142578,9135800.0,130.86500549316406
2023-03-27,3977.530029296875,4233540000.0,20.600000381469727,1953.800048828125,206630.0,87.0696029663086,8284400.0,130.8459930419922
2023-03-28,3971.27001953125,4014600000.0,19.96999931335449,1973.5,183582.0,87.01663970947266,13324800.0,131.23300170898438
2023-03-29,4027.81005859375,4145250000.0,19.1200008392334,1966.9000244140625,88563.0,86.86663818359375,13404700.0,131.04600524902344
2023-03-30,4050.830078125,3930860000.0,19.020000457763672,1980.300048828125,10119.0,86.99899291992188,4157500.0,132.5760040283203
2023-03-31,4109.31005859375,4525120000.0,18.700000762939453,1969.0,162212.0,87.47557830810547,6330100.0,133.2010040283203
2023-04-03,4124.509765625,4234700000.0,18.549999237060547,2000.4000244140625,187986.0,87.88763427734375,7226600.0,133.3470001220703
2023-04-04,4100.60009765625,4227800000.0,19.0,2038.199951171875,233301.0,88.45354461669922,6763200.0,132.2989959716797
2023-04-05,4090.3798828125,3968020000.0,19.07999992370605,2035.5999755859373,197371.0,88.82496643066406,6257100.0,131.48500061035156
2023-04-06,4105.02001953125,3486690000.0,18.399999618530277,2026.4000244140625,0.0,88.85148620605469,4264700.0,130.9340057373047
2023-04-10,4109.10986328125,3423650000.0,18.96999931335449,2003.800048828125,136231.0,87.97604370117188,6025100.0,132.0970001220703
2023-04-11,4108.93994140625,3665830000.0,19.100000381469727,2019.0,126376.0,87.94068908691406,5459000.0,133.468994140625
2023-04-12,4091.949951171875,3633120000.0,19.09000015258789,2024.9000244140625,228494.0,88.19711303710938,5857200.0,133.593994140625
2023-04-13,4146.22021484375,3596590000.0,17.799999237060547,2055.300048828125,198461.0,87.90530395507812,39858200.0,133.0850067138672
2023-04-14,4137.64013671875,3575690000.0,17.06999969482422,2015.800048828125,262825.0,87.47203063964844,4968500.0,132.48699951171875
2023-04-17,4151.31982421875,3611180000.0,16.950000762939453,2007.0,183425.0,86.91492462158203,5681000.0,133.9709930419922
2023-04-18,4154.8701171875,3536640000.0,16.829999923706055,2019.699951171875,164975.0,87.0564193725586,5061300.0,134.4250030517578
2023-04-19,4154.52001953125,3572560000.0,16.459999084472656,2007.300048828125,218808.0,86.87071228027344,4648100.0,134.04400634765625
2023-04-20,4129.7900390625,3772080000.0,17.170000076293945,2019.0999755859373,162840.0,87.37471771240234,4608000.0,134.70399475097656
2023-04-21,4133.52001953125,3611750000.0,16.770000457763672,1990.5,210502.0,87.16250610351562,5948100.0,133.99600219726562
2023-04-24,4137.0400390625,3290940000.0,16.889999389648438,1999.800048828125,139878.0,87.58696746826172,5143700.0,133.96099853515625
2023-04-25,4071.6298828125,3978640000.0,18.76000022888184,2004.5,222551.0,88.45354461669922,13076800.0,134.08399963378906
2023-04-26,4055.989990234375,3837030000.0,18.84000015258789,1996.0,241399.0,88.10871124267578,5903000.0,133.71099853515625
2023-04-27,4135.35009765625,3750550000.0,17.030000686645508,1999.0,203898.0,87.53392028808594,5065800.0,133.46499633789062
2023-04-28,4169.47998046875,4087800000.0,15.779999732971191,1999.0999755859373,172445.0,88.18827056884766,8525900.0,133.802001953125
2023-05-01,4167.8701171875,3321370000.0,16.079999923706055,1992.199951171875,173016.0,87.15029907226562,17442000.0,136.38600158691406
2023-05-02,4119.580078125,4486130000.0,17.780000686645508,2023.300048828125,245637.0,88.28486633300781,8540700.0,137.52099609375
2023-05-03,4090.75,4246510000.0,18.34000015258789,2037.0,229674.0,88.86104583740234,9534800.0,136.46600341796875
2023-05-04,4061.219970703125,4920090000.0,20.09000015258789,2055.699951171875,311003.0,88.84332275390625,12014100.0,134.54400634765625
2023-05-05,4136.25,4186270000.0,17.190000534057617,2024.800048828125,283299.0,88.36465454101562,11254400.0,134.1790008544922
2023-05-08,4138.1201171875,3641640000.0,16.979999542236328,2033.199951171875,182213.0,87.82398223876953,7022400.0,135.19900512695312
2023-05-09,4119.169921875,3810140000.0,17.709999084472656,2042.9000244140625,199701.0,87.71761322021484,7317200.0,135.072998046875
2023-05-10,4137.64013671875,4057160000.0,16.940000534057617,2037.0999755859373,260807.0,88.3735122680664,9930800.0,135.28799438476562
2023-05-11,4130.6201171875,3752900000.0,16.93000030517578,2020.5,296976.0,88.70150756835938,5979600.0,134.08700561523438
2023-05-12,4124.080078125,3533740000.0,17.030000686645508,2019.800048828125,220500.0,88.16967010498047,5107300.0,134.4980010986328
2023-05-15,4136.27978515625,3562170000.0,17.1200008392334,2022.699951171875,163251.0,87.97467041015625,4459100.0,135.82200622558594
2023-05-16,4109.89990234375,3654200000.0,17.989999771118164,1993.0,229938.0,87.69102478027344,7194000.0,136.0449981689453
2023-05-17,4158.77001953125,4039080000.0,16.8700008392334,1984.9000244140625,206552.0,87.4073715209961,5542600.0,136.42999267578125
2023-05-18,4198.0498046875,3980500000.0,16.049999237060547,1959.800048828125,227733.0,86.86668395996094,9448900.0,137.61399841308594
2023-05-19,4191.97998046875,4041900000.0,16.809999465942383,1981.5999755859373,234604.0,86.53868865966797,12923500.0,138.6199951171875
2023-05-22,4192.6298828125,3728520000.0,17.209999084472656,1977.199951171875,165768.0,86.37914276123047,7034700.0,137.69200134277344
2023-05-23,4145.580078125,4155320000.0,18.530000686645508,1974.5,214358.0,86.52095794677734,8264200.0,138.6719970703125
2023-05-24,4115.240234375,0.0,20.030000686645508,1964.5999755859373,229885.0,86.29936981201172,7415400.0,138.59800720214844
2023-05-25,4151.27978515625,4147760000.0,19.13999938964844,1943.699951171875,253875.0,85.7586669921875,11647700.0,139.2830047607422
2023-05-26,4205.4501953125,3715460000.0,17.950000762939453,1944.300048828125,166036.0,85.91822052001953,7408900.0,140.01699829101562
2023-05-30,4205.52001953125,4228510000.0,17.459999084472656,1958.0,37838.0,86.59188079833984,7883000.0,140.4409942626953
2023-05-31,4179.830078125,5980670000.0,17.940000534057617,1963.9000244140625,207753.0,86.91987609863281,10817900.0,139.79200744628906
2023-06-01,4221.02001953125,4391860000.0,15.649999618530272,1995.5,176911.0,87.1615219116211,18161600.0,139.1269989013672
2023-06-02,4282.3701171875,4454200000.0,14.600000381469728,1969.5999755859373,209694.0,86.46849060058594,7585400.0,138.7480010986328
2023-06-05,4273.7900390625,3813290000.0,14.729999542236328,1974.300048828125,179985.0,86.44184112548828,6243100.0,140.20700073242188
2023-06-06,4283.85009765625,3996560000.0,13.960000038146973,1981.5,135995.0,86.49513244628906,3986200.0,139.38299560546875
2023-06-07,4267.52001953125,4537800000.0,13.9399995803833,1958.4000244140625,189529.0,85.86430358886719,8226600.0,139.52699279785156
2023-06-08,4293.93017578125,3826740000.0,13.649999618530272,1978.5999755859373,191843.0,86.44184112548828,5841900.0,139.8990020751953
2023-06-09,4298.85986328125,3786510000.0,13.829999923706056,1977.199951171875,130408.0,86.13085174560547,6421900.0,138.86300659179688
2023-06-12,4338.93017578125,3945670000.0,15.010000228881836,1969.699951171875,122542.0,86.27303314208984,5261700.0,139.37100219726562
2023-06-13,4369.009765625,4275400000.0,14.609999656677246,1958.5999755859373,198397.0,85.65996551513672,9173500.0,139.4600067138672
2023-06-14,4372.58984375,4252110000.0,13.880000114440918,1968.9000244140625,199710.0,85.77546691894531,7704400.0,140.177001953125
2023-06-15,4425.83984375,4176690000.0,14.5,1970.699951171875,266353.0,86.44184112548828,5959100.0,139.9770050048828
2023-06-16,4409.58984375,6848600000.0,13.539999961853027,1971.199951171875,160514.0,86.06866455078125,6538100.0,140.26800537109375
2023-06-20,4388.7099609375,4055790000.0,13.880000114440918,1947.699951171875,250140.0,86.32633972167969,5477300.0,141.8990020751953
2023-06-21,4365.68994140625,3709330000.0,13.199999809265137,1944.9000244140625,182021.0,86.40631103515625,5119600.0,141.3350067138672
2023-06-22,4381.89013671875,3511000000.0,12.90999984741211,1923.699951171875,171779.0,85.91761016845703,4102100.0,141.68800354003906
2023-06-23,4348.330078125,6053620000.0,13.4399995803833,1929.5999755859373,186861.0,86.27303314208984,4112100.0,143.02999877929688
2023-06-26,4328.81982421875,3415030000.0,14.25,1933.800048828125,147769.0,86.48623657226562,2976600.0,143.54100036621094
2023-06-27,4378.41015625,3573500000.0,13.739999771118164,1923.800048828125,180436.0,86.18417358398438,4752500.0,143.4600067138672
2023-06-28,4376.85986328125,3739330000.0,13.43000030517578,1922.199951171875,162493.0,86.53068542480469,5257300.0,143.8820037841797
2023-06-29,4396.43994140625,3696660000.0,13.539999961853027,1917.9000244140625,205252.0,85.6421890258789,8268700.0,144.38900756835938
2023-06-30,4450.3798828125,3923450000.0,13.59000015258789,1929.4000244140625,180688.0,85.82876586914062,7450600.0,144.77999877929688
2023-07-03,4455.58984375,2034280000.0,13.56999969482422,1929.5,152959.0,85.45648956298828,4687100.0,144.3979949951172
2023-07-05,4446.81982421875,3482620000.0,14.18000030517578,1927.0999755859373,245932.0,85.04678344726562,10181200.0,144.406005859375
2023-07-06,4411.58984375,3682020000.0,15.4399995803833,1915.4000244140625,231513.0,84.35208129882812,9285100.0,144.48899841308594
2023-07-07,4398.9501953125,3630480000.0,14.829999923706056,1932.5,214272.0,84.24520111083984,6577600.0,143.9510040283203
2023-07-10,4409.52978515625,3429600000.0,15.06999969482422,1931.0,208085.0,84.68162536621094,6622700.0,142.20899963378906
2023-07-11,4439.259765625,3624220000.0,14.84000015258789,1937.0999755859373,189372.0,84.85974884033203,6327100.0,141.2969970703125
2023-07-12,4472.16015625,3920290000.0,13.539999961853027,1961.699951171875,270869.0,85.68805694580078,8255100.0,140.1179962158203
2023-07-13,4510.0400390625,3839530000.0,13.609999656677246,1963.800048828125,241215.0,86.40056610107422,9742600.0,138.31500244140625
2023-07-14,4505.419921875,3647450000.0,13.34000015258789,1964.4000244140625,209306.0,85.97306060791016,7491100.0,138.0749969482422
2023-07-17,4522.7900390625,3538240000.0,13.479999542236328,1956.4000244140625,165833.0,86.11554718017578,3182400.0,138.6820068359375
2023-07-18,4554.97998046875,4090010000.0,13.300000190734863,1980.800048828125,264086.0,86.21351623535156,3626500.0,138.72900390625
2023-07-19,4565.72021484375,4115670000.0,13.760000228881836,1980.800048828125,159409.0,86.50743103027344,5059300.0,139.02699279785156
2023-07-20,4534.8701171875,3761770000.0,13.989999771118164,1970.9000244140625,189926.0,85.8216552734375,9486600.0,139.59800720214844
2023-07-21,4536.33984375,3570190000.0,13.600000381469728,1966.5999755859373,156540.0,85.89289093017578,4560100.0,139.86399841308594
2023-07-24,4554.64013671875,3856250000.0,13.90999984741211,1962.199951171875,197213.0,85.68805694580078,7451100.0,141.75
2023-07-25,4567.4599609375,3812470000.0,13.859999656677246,1963.699951171875,188848.0,85.5277328491211,4079300.0,141.52200317382812
2023-07-26,4566.75,3990290000.0,13.1899995803833,1970.0999755859373,208106.0,85.8216552734375,4880100.0,140.91299438476562
2023-07-27,4537.41015625,4553210000.0,14.40999984741211,1945.699951171875,194253.0,84.88648223876953,8522800.0,140.36700439453125
2023-07-28,4582.22998046875,3981010000.0,13.329999923706056,1960.4000244140625,23155.0,85.1625747680664,5794100.0,138.86399841308594
2023-07-31,4588.9599609375,4503600000.0,13.630000114440918,1970.5,139955.0,85.26944732666016,6347000.0,140.75799560546875
2023-08-01,4576.72998046875,4042370000.0,13.93000030517578,1978.800048828125,167756.0,84.77122497558594,7714000.0,142.322998046875
2023-08-02,4513.39013671875,4270710000.0,16.09000015258789,1975.0,169658.0,84.60155487060547,8009200.0,142.97000122070312
2023-08-03,4501.89013671875,4149120000.0,15.920000076293944,1968.800048828125,141345.0,83.97654724121094,11057900.0,143.343994140625
2023-08-04,4478.02978515625,4143310000.0,17.100000381469727,1976.0999755859373,156416.0,84.86943054199219,10189900.0,142.59800720214844
2023-08-07,4518.43994140625,3493920000.0,15.770000457763672,1970.0,104407.0,84.66407775878906,4007400.0,141.87600708007812
2023-08-08,4499.3798828125,3884910000.0,15.989999771118164,1959.9000244140625,142336.0,85.09266662597656,5401400.0,142.5240020751953
2023-08-09,4467.7099609375,3803100000.0,15.960000038146973,1950.5999755859373,139259.0,85.14624786376953,5317200.0,143.2779998779297
2023-08-10,4468.830078125,4504370000.0,15.850000381469728,1948.9000244140625,168264.0,84.49442291259766,8462100.0,143.7270050048828
2023-08-11,4464.0498046875,3753290000.0,14.84000015258789,1946.5999755859373,122320.0,84.04798126220703,5915000.0,144.85400390625
2023-08-14,4489.72021484375,3896410000.0,14.81999969482422,1944.0,120983.0,83.91404724121094,6218400.0,144.81700134277344
2023-08-15,4437.85986328125,3832250000.0,16.459999084472656,1935.199951171875,167153.0,83.75333404541016,9602600.0,145.43699645996094
2023-08-16,4404.330078125,3753910000.0,16.780000686645508,1928.300048828125,128612.0,83.431884765625,7199600.0,145.60800170898438
2023-08-17,4370.35986328125,3943700000.0,17.889999389648438,1915.199951171875,152329.0,83.32471466064453,9858300.0,146.33299255371094
2023-08-18,4369.7099609375,3940400000.0,17.299999237060547,1916.5,114737.0,83.57472229003906,7510500.0,145.71400451660156
2023-08-21,4399.77001953125,3726850000.0,17.1299991607666,1923.0,138109.0,83.0568618774414,10864000.0,145.30499267578125
2023-08-22,4387.5498046875,3522760000.0,16.969999313354492,1926.0,131088.0,83.09259033203125,6330500.0,146.23800659179688
2023-08-23,4436.009765625,3837270000.0,15.979999542236328,1948.0999755859373,170040.0,83.99440002441406,8550500.0,145.76300048828125
2023-08-24,4376.31005859375,3723470000.0,17.200000762939453,1947.0999755859373,137393.0,83.68191528320312,5735800.0,144.67300415039062
2023-08-25,4405.7099609375,3296180000.0,15.68000030517578,1939.9000244140625,166988.0,83.65512084960938,7895700.0,146.06700134277344
2023-08-28,4433.31005859375,2957230000.0,15.079999923706056,1946.800048828125,115553.0,83.88724517822266,3301700.0,146.531005859375
2023-08-29,4497.6298828125,3354820000.0,14.449999809265137,1965.0999755859373,174220.0,84.4854965209961,7064200.0,146.46400451660156
2023-08-30,4514.8701171875,3064110000.0,13.880000114440918,1973.0,142380.0,84.47655487060547,6346700.0,145.98800659179688
2023-08-31,4507.66015625,3946360000.0,13.56999969482422,1965.9000244140625,133712.0,84.64620208740234,6167300.0,146.0989990234375
2023-09-01,4515.77001953125,3246260000.0,13.09000015258789,1967.0999755859373,160725.0,84.12882995605469,7746600.0,145.47300720214844
2023-09-05,4496.830078125,3526250000.0,14.010000228881836,1952.5999755859373,192789.0,83.61853790283203,4993400.0,146.54299926757812
2023-09-06,4465.47998046875,3418850000.0,14.449999809265137,1944.199951171875,148775.0,83.40367889404297,7344100.0,147.4709930419922
2023-09-07,4451.14013671875,3763760000.0,14.399999618530272,1942.5,117168.0,83.69015502929688,7137500.0,147.70899963378906
2023-09-08,4457.490234375,3259290000.0,13.84000015258789,1942.699951171875,138694.0,83.70809173583984,4648500.0,147.33099365234375
2023-09-11,4487.4599609375,3369920000.0,13.800000190734863,1947.199951171875,131076.0,83.5648422241211,4321700.0,147.11300659179688
2023-09-12,4461.89990234375,3435740000.0,14.229999542236328,1935.0999755859373,161993.0,83.68122100830078,4998400.0,146.67799377441406
2023-09-13,4467.43994140625,3529430000.0,13.479999542236328,1932.5,161003.0,83.7796859741211,6675400.0,147.1580047607422
2023-09-14,4505.10009765625,3648720000.0,12.81999969482422,1932.800048828125,201744.0,83.5916748046875,6421000.0,147.3459930419922
2023-09-15,4450.31982421875,6932230000.0,13.789999961853027,1946.199951171875,199773.0,83.33209991455078,9367700.0,147.48199462890625
2023-09-18,4453.52978515625,3161230000.0,14.0,1953.4000244140625,138031.0,83.41265106201172,4622200.0,147.8679962158203
2023-09-19,4443.9501953125,3614880000.0,14.109999656677246,1953.699951171875,131097.0,83.1082992553711,7536800.0,147.60499572753906
2023-09-20,4402.2001953125,3308450000.0,15.140000343322754,1967.0999755859373,220980.0,83.04561614990234,10751800.0,147.74200439453125
2023-09-21,4330.0,3662340000.0,17.540000915527344,1939.5999755859373,225908.0,82.42793273925781,8702500.0,148.3209991455078
2023-09-22,4320.06005859375,3349570000.0,17.200000762939453,1945.5999755859373,139926.0,82.75023651123047,8637800.0,147.6439971923828
2023-09-25,4337.43994140625,3195650000.0,16.899999618530273,1936.5999755859373,164259.0,82.14151763916016,11712000.0,148.4340057373047
2023-09-26,4273.52978515625,3472340000.0,18.940000534057617,1919.800048828125,212263.0,82.1146469116211,8281800.0,148.81100463867188
2023-09-27,4274.509765625,3875880000.0,18.21999931335449,1890.9000244140625,238525.0,81.74761199951172,10586100.0,149.0449981689453
2023-09-28,4299.7001953125,3846230000.0,17.34000015258789,1878.5999755859373,231419.0,81.971435546875,11654600.0,149.4980010986328
2023-09-29,4288.0498046875,3865960000.0,17.520000457763672,1866.0999755859373,245131.0,81.98931884765625,13488300.0,149.33700561523438
2023-10-02,4288.39013671875,3938660000.0,17.610000610351562,1847.199951171875,202147.0,81.32428741455078,21010000.0,149.5399932861328
2023-10-03,4229.4501953125,3953830000.0,19.780000686645508,1841.5,216784.0,80.65111541748047,21364700.0,149.8509979248047
2023-10-04,4263.75,3777600000.0,18.57999992370605,1834.800048828125,195048.0,81.1626968383789,14054000.0,149.19200134277344
2023-10-05,4258.18994140625,3581470000.0,18.489999771118164,1831.800048828125,172464.0,81.31527709960938,11315900.0,148.96600341796875
2023-10-06,4308.5,3902030000.0,17.450000762939453,1845.199951171875,231024.0,80.839599609375,12257100.0,148.46299743652344
2023-10-09,4335.66015625,3174630000.0,17.700000762939453,1864.300048828125,187802.0,81.87173461914062,5816700.0,149.16000366210938
2023-10-10,4358.240234375,3520240000.0,17.030000686645508,1875.300048828125,157340.0,81.7101821899414,11508300.0,148.32699584960938
2023-10-11,4376.9501953125,3601660000.0,16.09000015258789,1887.300048828125,169964.0,82.1589584350586,14815800.0,148.6280059814453
2023-10-12,4349.60986328125,3713140000.0,16.690000534057617,1883.0,163475.0,81.36914825439453,12855900.0,149.03599548339844
2023-10-13,4327.77978515625,3566560000.0,19.31999969482422,1941.5,312994.0,81.88970184326172,9872500.0,149.7899932861328
2023-10-16,4373.6298828125,3409960000.0,17.209999084472656,1934.300048828125,182823.0,81.40504455566406,7248000.0,149.5659942626953
2023-10-17,4373.2001953125,3794850000.0,17.8799991607666,1935.699951171875,165063.0,80.60623931884766,11191600.0,149.5780029296875
2023-10-18,4314.60009765625,3686030000.0,19.21999931335449,1968.300048828125,270045.0,80.2292709350586,13794200.0,149.75900268554688
2023-10-19,4278.0,3969730000.0,21.399999618530277,1980.5,264821.0,79.83435821533203,27116700.0,149.74200439453125
2023-10-20,4224.16015625,4004030000.0,21.709999084472656,1994.4000244140625,289109.0,80.30107879638672,12587100.0,149.802001953125
2023-10-23,4217.0400390625,3776100000.0,20.3700008392334,1987.800048828125,212290.0,80.67805480957031,12365000.0,149.8800048828125
2023-10-24,4247.68017578125,3821820000.0,18.96999931335449,1986.0999755859373,200943.0,80.82164764404297,10906000.0,149.7689971923828
2023-10-25,4186.77001953125,3869370000.0,20.190000534057617,1994.9000244140625,240655.0,80.11262512207031,15170200.0,149.85400390625
2023-10-26,4137.22998046875,4277640000.0,20.68000030517578,1997.4000244140625,214053.0,80.72293090820312,15901300.0,150.09800720214844
2023-10-27,4117.3701171875,4019500000.0,21.270000457763672,1998.5,213757.0,80.84857940673828,11628200.0,150.36599731445312
2023-10-30,4166.81982421875,3911140000.0,19.75,2005.5999755859373,181339.0,80.5793228149414,11022500.0,149.73300170898438
2023-10-31,4193.7998046875,4249470000.0,18.13999938964844,1994.300048828125,214776.0,80.40876770019531,11574700.0,149.11099243164062
2023-11-01,4237.85986328125,4224900000.0,16.8700008392334,1987.5,197629.0,81.33489990234375,22448900.0,151.29400634765625
2023-11-02,4317.77978515625,4669780000.0,15.65999984741211,1993.5,158650.0,81.83890533447266,14046200.0,150.5749969482422
2023-11-03,4358.33984375,4570960000.0,14.90999984741211,1999.199951171875,222189.0,82.46893310546875,23133700.0,150.4969940185547
2023-11-06,4365.97998046875,3656340000.0,14.890000343322754,1988.5999755859373,146279.0,81.9919204711914,11246700.0,149.44900512695312
2023-11-07,4378.3798828125,3791230000.0,14.8100004196167,1973.5,218948.0,82.45993041992188,13189400.0,149.98899841308594
2023-11-08,4382.77978515625,3729510000.0,14.449999809265137,1957.800048828125,189359.0,82.79293060302734,11117600.0,150.39599609375
2023-11-09,4347.35009765625,3900780000.0,15.289999961853027,1969.800048828125,214077.0,81.97392272949219,17067900.0,150.86399841308594
2023-11-10,4415.240234375,3665080000.0,14.170000076293944,1937.699951171875,229637.0,82.06393432617188,10674700.0,151.3489990234375
2023-11-13,4411.5498046875,3326240000.0,14.760000228881836,1950.199951171875,183702.0,82.0189208984375,8930200.0,151.468994140625
2023-11-14,4495.7001953125,4700350000.0,14.15999984741211,1966.5,180741.0,83.25196075439453,14313600.0,151.64599609375
2023-11-15,4502.8798828125,4347170000.0,14.18000030517578,1964.300048828125,142924.0,82.60392761230469,12969400.0,150.48500061035156
2023-11-16,4508.240234375,3964520000.0,14.31999969482422,1987.300048828125,186810.0,83.22493743896484,10375600.0,151.21499633789062
2023-11-17,4514.02001953125,3777240000.0,13.800000190734863,1984.699951171875,133120.0,83.27894592285156,8462000.0,150.7050018310547
2023-11-20,4547.3798828125,3644790000.0,13.40999984741211,1980.300048828125,177887.0,83.39595031738281,7481200.0,149.94200134277344
2023-11-21,4538.18994140625,3511080000.0,13.350000381469728,2001.5999755859373,230024.0,83.50395965576172,9153300.0,148.36199951171875
2023-11-22,4556.6201171875,3042810000.0,12.850000381469728,1992.800048828125,199370.0,83.47696685791016,7255100.0,148.15199279785156
2023-11-24,4559.33984375,1639500000.0,12.460000038146973,2003.0,214880.0,83.04495239257812,4125800.0,149.63499450683594
2023-11-27,4550.43017578125,3403990000.0,12.6899995803833,2012.4000244140625,251250.0,83.67498016357422,9539800.0,149.5709991455078
2023-11-28,4554.89013671875,3586240000.0,12.6899995803833,2040.0,174665.0,84.0439682006836,13563300.0,148.45199584960938
2023-11-29,4550.580078125,4418760000.0,12.979999542236328,2047.0999755859373,15290.0,84.48497009277344,19075400.0,147.06300354003906
2023-11-30,4567.7998046875,5399300000.0,12.920000076293944,2038.0999755859373,151918.0,84.07096862792969,18446700.0,147.03900146484375
2023-12-01,4594.6298828125,4397120000.0,12.630000114440918,2089.699951171875,241615.0,84.86420440673828,21393200.0,147.99899291992188
2023-12-04,4569.77978515625,4369910000.0,13.079999923706056,2042.199951171875,378224.0,84.51226043701172,16402000.0,146.39300537109375
2023-12-05,4567.18017578125,3909950000.0,12.850000381469728,2036.300048828125,209549.0,85.10785675048828,25452100.0,147.32699584960938
2023-12-06,4549.33984375,4245680000.0,12.970000267028809,2047.9000244140625,154219.0,85.45979309082031,14023400.0,147.18499755859375
2023-12-07,4585.58984375,3818880000.0,13.0600004196167,2046.4000244140625,173977.0,85.33346557617188,13730100.0,147.1840057373047
2023-12-08,4604.3701171875,3707010000.0,12.350000381469728,2014.5,237289.0,84.78299713134766,13825300.0,144.2779998779297
2023-12-11,4622.43994140625,3823210000.0,12.630000114440918,1993.699951171875,160072.0,84.79199981689453,10484600.0,144.98300170898438
2023-12-12,4643.7001953125,3808380000.0,12.06999969482422,1993.199951171875,148532.0,84.97252655029297,7248000.0,146.0850067138672
2023-12-13,4707.08984375,5063650000.0,12.1899995803833,1997.300048828125,192679.0,86.23591613769531,16155200.0,145.27999877929688
2023-12-14,4719.5498046875,6314040000.0,12.479999542236328,2044.9000244140625,231095.0,86.95272064208984,32373200.0,142.7729949951172
2023-12-15,4719.18994140625,8218980000.0,12.279999732971191,2035.699951171875,172147.0,86.88031005859375,9407100.0,142.2790069580078
2023-12-18,4740.56005859375,4060340000.0,12.5600004196167,2040.5,141406.0,86.69026184082031,8634100.0,142.31300354003906
2023-12-19,4768.3701171875,4026970000.0,12.529999732971191,2052.10009765625,134781.0,86.8531723022461,9047100.0,142.7220001220703
2023-12-20,4698.35009765625,4201320000.0,13.670000076293944,2047.699951171875,122567.0,87.278564453125,12659100.0,143.88900756835938
2023-12-21,4746.75,3431180000.0,13.649999618530272,2051.300048828125,119952.0,87.14279174804688,8939700.0,143.5229949951172
2023-12-22,4754.6298828125,3046770000.0,13.029999732971191,2069.10009765625,170150.0,87.06135559082031,4956400.0,142.07000732421875
2023-12-26,4774.75,2513910000.0,12.989999771118164,2069.800048828125,79573.0,87.1156234741211,3342500.0,142.22999572753906
2023-12-27,4781.580078125,2748450000.0,12.43000030517578,2093.10009765625,128179.0,87.79446411132812,7362400.0,142.46099853515625
2023-12-28,4783.35009765625,2698860000.0,12.470000267028809,2083.5,129544.0,87.45960235595703,4858500.0,141.3990020751953
2023-12-29,4769.830078125,3126060000.0,12.449999809265137,2071.800048828125,105724.0,87.24237823486328,7820500.0,141.42999267578125
2024-01-02,4742.830078125,3743050000.0,13.199999809265137,2073.39990234375,157555.0,86.91654968261719,9444000.0,141.12600708007812
2024-01-03,4704.81005859375,3950760000.0,14.039999961853027,2042.800048828125,221680.0,87.12471008300781,11040500.0,142.15499877929688
2024-01-04,4688.68017578125,3715480000.0,14.130000114440918,2050.0,130263.0,86.59974670410156,7354800.0,142.99899291992188
2024-01-05,4697.240234375,3844370000.0,13.350000381469728,2049.800048828125,214684.0,86.28296661376953,10001000.0,144.76499938964844
2024-01-08,4763.5400390625,3742320000.0,13.079999923706056,2033.5,220988.0,86.57260131835938,7044700.0,144.71600341796875
2024-01-09,4756.5,3529960000.0,12.760000228881836,2033.0,218745.0,86.53640747070312,7360800.0,144.22999572753906
2024-01-10,4783.4501953125,3498680000.0,12.6899995803833,2027.800048828125,205007.0,86.40061950683594,9212700.0,144.42799377441406
2024-01-11,4780.240234375,3759890000.0,12.4399995803833,2019.199951171875,301337.0,86.86222076416016,10305400.0,145.73399353027344
2024-01-12,4783.830078125,3486340000.0,12.699999809265137,2051.60009765625,272352.0,87.0975570678711,8469600.0,145.04600524902344
2024-01-16,4765.97998046875,4260550000.0,13.84000015258789,2030.199951171875,285254.0,86.39156341552734,9847100.0,145.79400634765625
2024-01-17,4739.2099609375,3928600000.0,14.789999961853027,2006.5,254292.0,86.11096954345703,9170700.0,147.24600219726562
2024-01-18,4780.93994140625,4019000000.0,14.130000114440918,2021.5999755859373,171928.0,85.92091369628906,8910100.0,148.1179962158203
2024-01-19,4839.81005859375,4287200000.0,13.300000190734863,2029.300048828125,172805.0,85.92997741699219,17711100.0,148.1280059814453
2024-01-22,4850.43017578125,4297610000.0,13.1899995803833,2022.199951171875,152756.0,86.19244384765625,9831500.0,148.12100219726562
2024-01-23,4864.60009765625,3912800000.0,12.550000190734863,2025.800048828125,156699.0,85.9751968383789,6428600.0,148.14199829101562
2024-01-24,4868.5498046875,4330030000.0,13.140000343322754,2016.0,234459.0,85.73085021972656,9718000.0,148.25100708007812
2024-01-25,4894.16015625,4020430000.0,13.449999809265137,2017.800048828125,196670.0,86.10193634033203,11588100.0,147.59100341796875
2024-01-26,4890.97021484375,3353400000.0,13.260000228881836,2017.300048828125,119588.0,85.94807434082031,9134600.0,147.72300720214844
2024-01-29,4927.93017578125,3525160000.0,13.600000381469728,2025.4000244140625,150708.0,86.4639892578125,6947500.0,148.13999938964844
2024-01-30,4924.97021484375,3836130000.0,13.3100004196167,2031.5,26907.0,86.58162689208984,7265800.0,147.46800231933594
2024-01-31,4845.64990234375,4696120000.0,14.350000381469728,2048.39990234375,238373.0,87.30573272705078,15778300.0,147.36900329589844
2024-02-01,4906.18994140625,4386090000.0,13.880000114440918,2071.10009765625,260921.0,87.84649658203125,33372900.0,146.99600219726562
2024-02-02,4958.60986328125,3974350000.0,13.850000381469728,2053.699951171875,219800.0,86.70327758789062,13809200.0,146.4510040283203
2024-02-05,4942.81005859375,4023640000.0,13.670000076293944,2042.9000244140625,170431.0,85.85945892333984,12147700.0,148.50100708007812
2024-02-06,4954.22998046875,4440880000.0,13.0600004196167,2051.39990234375,126384.0,86.32218933105469,9327000.0,148.63999938964844
2024-02-07,4995.06005859375,4895590000.0,12.829999923706056,2051.699951171875,125631.0,86.16793823242188,8619800.0,147.8179931640625
2024-02-08,4997.91015625,4341860000.0,12.789999961853027,2047.9000244140625,137076.0,85.88667297363281,7808000.0,148.08599853515625
2024-02-09,5026.60986328125,3912990000.0,12.93000030517578,2038.699951171875,116031.0,85.73241424560547,8492500.0,149.25900268554688
2024-02-12,5021.83984375,3805740000.0,13.93000030517578,2033.0,116025.0,85.8140869140625,7023600.0,149.16700744628906
2024-02-13,4953.169921875,4302190000.0,15.850000381469728,2007.199951171875,217571.0,84.87049865722656,11978400.0,149.40499877929688
2024-02-14,5000.6201171875,3845600000.0,14.380000114440918,2004.300048828125,193607.0,85.18804931640625,8979600.0,150.7239990234375
2024-02-15,5029.72998046875,4137970000.0,14.010000228881836,2014.9000244140625,204249.0,85.42394256591797,6788300.0,150.54400634765625
2024-02-16,5005.56982421875,3833270000.0,14.239999771118164,2024.0999755859373,162356.0,85.05192565917969,7147400.0,149.9459991455078
2024-02-20,4975.509765625,4034880000.0,15.420000076293944,2039.800048828125,202432.0,85.1971206665039,8286300.0,150.27000427246094
2024-02-21,4981.7998046875,3788390000.0,15.34000015258789,2034.300048828125,120599.0,84.92491149902344,6433900.0,149.93899536132812
2024-02-22,5087.02978515625,4051710000.0,14.539999961853027,2030.699951171875,147947.0,84.93399810791016,8688500.0,150.35499572753906
2024-02-23,5088.7998046875,3672790000.0,13.75,2049.39990234375,212029.0,85.32413482666016,6426700.0,150.48300170898438
2024-02-26,5069.52978515625,3683930000.0,13.739999771118164,2038.9000244140625,129021.0,85.1971206665039,6417200.0,150.4980010986328
2024-02-27,5078.18017578125,3925950000.0,13.43000030517578,2044.0999755859373,148780.0,85.00659942626953,7540600.0,150.5659942626953
2024-02-28,5069.759765625,3789370000.0,13.84000015258789,2042.699951171875,137077.0,85.3150634765625,5293600.0,150.4949951171875
2024-02-29,5096.27001953125,5219740000.0,13.399999618530272,2054.699951171875,227074.0,85.4874267578125,11919200.0,150.656005859375
2024-03-01,5137.080078125,4748110000.0,13.109999656677246,2095.699951171875,330592.0,85.87771606445312,11857200.0,150.09500122070312
2024-03-04,5130.9501953125,4758440000.0,13.489999771118164,2126.300048828125,328253.0,85.68668365478516,6641600.0,150.10499572753906
2024-03-05,5078.64990234375,4418410000.0,14.460000038146973,2141.89990234375,283148.0,86.21430969238281,7673100.0,150.46600341796875
2024-03-06,5104.759765625,4559050000.0,14.5,2158.199951171875,319763.0,86.42353820800781,9499200.0,150.0489959716797
2024-03-07,5157.35986328125,4137980000.0,14.4399995803833,2165.199951171875,267795.0,86.5691146850586,8420900.0,149.2689971923828
2024-03-08,5123.68994140625,4208870000.0,14.739999771118164,2185.5,389682.0,86.63277435302734,8103600.0,147.8679962158203
2024-03-11,5117.93994140625,3896430000.0,15.220000267028809,2188.60009765625,242418.0,86.52361297607422,5568200.0,146.7740020751953
2024-03-12,5175.27001953125,4080510000.0,13.84000015258789,2166.10009765625,316254.0,86.16883087158203,6556500.0,146.73199462890625
2024-03-13,5165.31005859375,4282890000.0,13.75,2180.800048828125,232273.0,85.977783203125,9708400.0,147.61900329589844
2024-03-14,5150.47998046875,4687970000.0,14.399999618530272,2167.5,207225.0,85.34098052978516,10055900.0,147.62100219726562
2024-03-15,5117.08984375,7753670000.0,14.40999984741211,2161.5,187847.0,85.1954345703125,6591400.0,148.29600524902344
2024-03-18,5149.419921875,4036220000.0,14.329999923706056,2164.300048828125,211858.0,85.0953598022461,5319700.0,148.9550018310547
2024-03-19,5178.509765625,4031760000.0,13.81999969482422,2159.699951171875,178162.0,85.34098052978516,5470300.0,149.1439971923828
2024-03-20,5224.6201171875,4064850000.0,13.039999961853027,2161.0,233572.0,85.54113006591797,10190800.0,151.03500366210938
2024-03-21,5241.52978515625,4207730000.0,12.920000076293944,2184.699951171875,391750.0,85.55020904541016,8271200.0,150.75999450683594
2024-03-22,5234.18017578125,3374700000.0,13.0600004196167,2160.0,205808.0,85.96870422363281,6119800.0,151.63299560546875
2024-03-25,5218.18994140625,3331360000.0,13.1899995803833,2176.39990234375,211610.0,85.74125671386719,4488900.0,151.30499267578125
2024-03-26,5203.580078125,3871790000.0,13.239999771118164,2177.199951171875,202373.0,85.86865234375,5477600.0,151.3730010986328
2024-03-27,5248.490234375,3850500000.0,12.779999732971191,2190.60009765625,31200.0,86.19612121582031,4838500.0,151.52999877929688
2024-03-28,5254.35009765625,3998270000.0,13.010000228881836,2217.39990234375,250248.0,86.11426544189453,7561400.0,151.28700256347656
2024-04-01,5243.77001953125,3325930000.0,13.649999618530272,2257.10009765625,220767.0,85.33507537841797,10854000.0,151.3979949951172
2024-04-02,5205.81005859375,3886590000.0,14.609999656677246,2281.800048828125,277228.0,85.15260314941406,7214900.0,151.58099365234375
2024-04-03,5211.490234375,3703250000.0,14.329999923706056,2315.0,254574.0,85.25297546386719,12908000.0,151.5399932861328
2024-04-04,5147.2099609375,4075680000.0,16.350000381469727,2308.5,236227.0,85.544921875,6960500.0,151.58099365234375
2024-04-05,5204.33984375,3386780000.0,16.030000686645508,2345.39990234375,293212.0,84.97925567626953,6334600.0,151.29200744628906
2024-04-08,5202.39013671875,3278180000.0,15.1899995803833,2351.0,285570.0,84.78763580322266,7115100.0,151.69000244140625
2024-04-09,5209.91015625,3400680000.0,14.979999542236328,2362.39990234375,279608.0,85.12521362304688,5151100.0,151.84300231933594
2024-04-10,5160.64013671875,3845930000.0,15.800000190734863,2348.39990234375,353847.0,83.99386596679688,14993700.0,151.77699279785156
2024-04-11,5199.06005859375,3509380000.0,14.90999984741211,2372.699951171875,260415.0,83.8752670288086,9371400.0,152.96400451660156
2024-04-12,5123.41015625,3963220000.0,17.309999465942383,2374.10009765625,479894.0,84.22196197509766,11675600.0,153.19200134277344
2024-04-15,5061.81982421875,3950210000.0,19.229999542236328,2383.0,343730.0,83.68367004394531,12315300.0,153.2830047607422
2024-04-16,5051.41015625,4006200000.0,18.399999618530277,2407.800048828125,297592.0,83.35519409179688,12027200.0,154.20599365234375
2024-04-17,5022.2099609375,3596130000.0,18.209999084472656,2388.39990234375,284352.0,83.8843994140625,10515400.0,154.697998046875
2024-04-18,5011.1201171875,3619760000.0,18.0,2398.0,200546.0,83.59242248535156,6964500.0,154.3419952392578
2024-04-19,4967.22998046875,3878750000.0,18.709999084472656,2413.800048828125,275405.0,83.70191955566406,6125800.0,154.61000061035156
2024-04-22,5010.60009765625,3820250000.0,16.940000534057617,2346.39990234375,262673.0,83.71105194091797,4002900.0,154.63999938964844
2024-04-23,5070.5498046875,3751400000.0,15.6899995803833,2342.10009765625,270225.0,83.82054901123047,8319800.0,154.81300354003906
2024-04-24,5071.6298828125,3656740000.0,15.970000267028809,2338.39990234375,187699.0,83.5650405883789,7567400.0,154.74400329589844
2024-04-25,5048.419921875,3958050000.0,15.369999885559082,2342.5,224471.0,83.24571990966797,5784300.0,155.25900268554688
2024-04-26,5099.9599609375,3604140000.0,15.029999732971191,2347.199951171875,171011.0,83.47382354736328,5432600.0,155.5970001220703
2024-04-29,5116.169921875,3447450000.0,14.670000076293944,2357.699951171875,187309.0,83.81139373779297,4846500.0,158.2239990234375
2024-04-30,5035.68994140625,4082470000.0,15.649999618530272,2302.89990234375,229064.0,83.4190673828125,7516700.0,156.31399536132812
2024-05-01,5018.39013671875,4544170000.0,15.390000343322754,2311.0,227384.0,83.74943542480469,12392500.0,157.7220001220703
2024-05-02,5064.2001953125,4381660000.0,14.68000030517578,2309.60009765625,193658.0,84.14289855957031,8661500.0,155.70399475097656
2024-05-03,5127.7900390625,3924990000.0,13.489999771118164,2308.60009765625,231400.0,84.60962677001953,8501100.0,153.0449981689453
2024-05-06,5180.740234375,3683250000.0,13.489999771118164,2331.199951171875,191895.0,84.68283081054688,4043400.0,153.5659942626953
2024-05-07,5187.7001953125,3987890000.0,13.229999542236328,2324.199951171875,204623.0,84.9024429321289,7776200.0,154.23699951171875
2024-05-08,5187.669921875,3842100000.0,13.0,2322.300048828125,214693.0,84.66452026367188,9024000.0,154.7480010986328
2024-05-09,5214.080078125,3727370000.0,12.6899995803833,2340.300048828125,249092.0,84.9207534790039,9625200.0,155.41900634765625
2024-05-10,5222.68017578125,3617900000.0,12.550000190734863,2375.0,275241.0,84.6462173461914,3205000.0,155.38900756835938
2024-05-13,5221.419921875,4255710000.0,13.600000381469728,2343.0,243075.0,84.74686431884766,3228700.0,155.8179931640625
2024-05-14,5246.68017578125,4763580000.0,13.420000076293944,2359.89990234375,192076.0,84.99394989013672,4688800.0,156.23300170898438
2024-05-15,5308.14990234375,4360810000.0,12.449999809265137,2394.89990234375,249843.0,85.63452911376953,11384500.0,156.4980010986328
2024-05-16,5297.10009765625,3817470000.0,12.420000076293944,2385.5,191026.0,85.46979522705078,4278400.0,154.28199768066406
2024-05-17,5303.27001953125,3578120000.0,11.989999771118164,2417.39990234375,218553.0,85.2044448852539,3883900.0,155.37899780273438
2024-05-20,5308.1298828125,3420100000.0,12.149999618530272,2438.5,281430.0,85.07630157470703,4575900.0,155.75399780273438
2024-05-21,5321.41015625,3662240000.0,11.859999656677246,2425.89990234375,229421.0,85.29593658447266,2669700.0,156.3699951171875
2024-05-22,5307.009765625,3847130000.0,12.289999961853027,2392.89990234375,253852.0,85.18611145019531,3616300.0,156.25100708007812
2024-05-23,5267.83984375,3869520000.0,12.770000457763672,2337.199951171875,273658.0,84.88414764404297,6005500.0,156.70399475097656
2024-05-24,5304.72021484375,3005510000.0,11.93000030517578,2334.5,178343.0,84.99394989013672,3926400.0,156.97300720214844
2024-05-28,5306.0400390625,3751540000.0,12.920000076293944,2356.5,316223.0,84.51812744140625,8761400.0,156.84500122070312
2024-05-29,5266.9501953125,3552750000.0,14.279999732971191,2341.199951171875,119317.0,84.10630798339844,10126800.0,157.26199340820312
2024-05-30,5235.47998046875,3818750000.0,14.470000267028809,2342.89990234375,32587.0,84.52725982666016,5069500.0,157.60800170898438
2024-05-31,5277.509765625,5437160000.0,12.920000076293944,2322.89990234375,183406.0,84.9207534790039,4807400.0,156.9530029296875
2024-06-03,5283.39990234375,4046920000.0,13.109999656677246,2369.300048828125,173149.0,85.47693634033203,7675900.0,157.17999267578125
2024-06-04,5291.33984375,3707900000.0,13.15999984741211,2347.39990234375,171547.0,85.9450454711914,8752000.0,156.0760040283203
2024-06-05,5354.02978515625,3591460000.0,12.630000114440918,2375.5,171862.0,86.2571029663086,6466800.0,155.12399291992188
2024-06-06,5352.9599609375,3609990000.0,12.579999923706056,2390.89990234375,172202.0,86.22039031982422,5849400.0,155.9290008544922
2024-06-07,5346.990234375,3692760000.0,12.220000267028809,2325.0,314551.0,85.31172943115234,7125100.0,155.69700622558594
2024-06-10,5360.7900390625,3622280000.0,12.739999771118164,2327.0,142888.0,85.128173828125,3938900.0,156.83299255371094
2024-06-11,5375.31982421875,3568030000.0,12.850000381469728,2326.60009765625,145501.0,85.5779037475586,3954700.0,157.0399932861328
2024-06-12,5421.02978515625,3962840000.0,12.039999961853027,2354.800048828125,241670.0,86.05516052246094,9243200.0,157.10499572753906
2024-06-13,5433.740234375,3530380000.0,11.9399995803833,2318.0,182657.0,86.62421417236328,6529900.0,156.8000030517578
2024-06-14,5431.60009765625,3438650000.0,12.65999984741211,2349.10009765625,163367.0,86.82615661621094,5424600.0,157.1280059814453
2024-06-17,5473.22998046875,3447840000.0,12.75,2329.0,122702.0,86.42231750488281,4957200.0,157.54600524902344
2024-06-18,5487.02978515625,3544330000.0,12.300000190734863,2346.89990234375,154251.0,86.79862213134766,5232600.0,157.6999969482422
2024-06-20,5473.169921875,3847060000.0,13.279999732971191,2369.0,252687.0,86.5783462524414,3573100.0,157.95799255371094
2024-06-21,5464.6201171875,6773800000.0,13.199999809265137,2331.199951171875,194824.0,86.59668731689453,6908700.0,158.93099975585938
2024-06-24,5447.8701171875,3696750000.0,13.329999923706056,2344.39990234375,117625.0,86.67011260986328,5276000.0,159.86099243164062
2024-06-25,5469.2998046875,3591960000.0,12.84000015258789,2330.800048828125,144271.0,86.74354553222656,3790100.0,159.68600463867188
2024-06-26,5477.89990234375,3563920000.0,12.550000190734863,2313.199951171875,191628.0,86.22039031982422,4196400.0,159.68600463867188
2024-06-27,5482.8701171875,3589530000.0,12.239999771118164,2336.60009765625,140228.0,86.41312408447266,4946600.0,160.62100219726562
2024-06-28,5460.47998046875,7199220000.0,12.4399995803833,2339.60009765625,135383.0,85.9542007446289,6032400.0,160.68699645996094
2024-07-01,5475.08984375,3488760000.0,12.220000267028809,2338.89990234375,142601.0,85.31436920166016,13662800.0,160.90699768066406
2024-07-02,5509.009765625,3329950000.0,12.029999732971191,2333.39990234375,153709.0,85.63660430908203,8195700.0,161.51199340820312
2024-07-03,5537.02001953125,2179470000.0,12.09000015258789,2369.39990234375,193642.0,86.20738220214844,3861000.0,161.50399780273438
2024-07-05,5567.18994140625,3253080000.0,12.479999542236328,2397.699951171875,293254.0,86.68611907958984,5111500.0,161.35800170898438
2024-07-08,5572.85009765625,3185670000.0,12.369999885559082,2363.5,240781.0,86.71373748779297,5294600.0,160.63800048828125
2024-07-09,5576.97998046875,3232920000.0,12.510000228881836,2367.89990234375,252489.0,86.59403228759766,3006900.0,160.85699462890625
2024-07-10,5633.91015625,3336100000.0,12.850000381469728,2379.699951171875,163900.0,86.6769027709961,4076600.0,161.33099365234375
2024-07-11,5584.5400390625,4020950000.0,12.920000076293944,2421.89990234375,303520.0,87.22927856445312,9658400.0,161.60699462890625
2024-07-12,5615.35009765625,3700280000.0,12.460000038146973,2420.699951171875,220933.0,87.41338348388672,4304500.0,158.2010040283203
2024-07-15,5631.22021484375,3620470000.0,13.119999885559082,2428.89990234375,193535.0,87.13722229003906,3754500.0,158.31300354003906
2024-07-16,5667.2001953125,4041760000.0,13.1899995803833,2467.800048828125,246085.0,87.52387237548828,4705800.0,158.14100646972656
2024-07-17,5588.27001953125,4246450000.0,14.479999542236328,2459.89990234375,259540.0,87.5975341796875,5113500.0,158.35000610351562
2024-07-18,5544.58984375,4007510000.0,15.93000030517578,2456.39990234375,192770.0,87.34895324707031,8640600.0,155.68600463867188
2024-07-19,5505.0,3760570000.0,16.520000457763672,2399.10009765625,254408.0,87.07278442382812,5274400.0,157.14999389648438
2024-07-22,5564.41015625,3375180000.0,14.90999984741211,2394.699951171875,197562.0,86.98988342285156,3869800.0,157.4219970703125
2024-07-23,5555.740234375,3500210000.0,14.720000267028809,2407.300048828125,171191.0,87.0543441772461,5095600.0,156.89100646972656
2024-07-24,5427.1298828125,3945550000.0,18.040000915527344,2415.699951171875,245884.0,86.86103057861328,4733500.0,155.76800537109375
2024-07-25,5399.22021484375,4592120000.0,18.459999084472656,2353.5,294897.0,87.0543441772461,4335600.0,153.89100646972656
2024-07-26,5459.10009765625,3638770000.0,16.389999389648438,2381.0,154523.0,87.4686508178711,5217500.0,153.69700622558594
2024-07-29,5463.5400390625,3379970000.0,16.600000381469727,2377.800048828125,126409.0,87.6159439086914,6165600.0,154.13900756835938
2024-07-30,5436.43994140625,3777740000.0,17.690000534057617,2405.0,25944.0,87.80007934570312,4419200.0,153.83299255371094
2024-07-31,5522.2998046875,4546910000.0,16.360000610351562,2426.5,176268.0,88.44451141357422,10982900.0,152.6699981689453
2024-08-01,5446.68017578125,4703620000.0,18.59000015258789,2480.800048828125,219834.0,88.82218170166016,10492600.0,149.74400329589844
2024-08-02,5346.56005859375,5156450000.0,23.38999938964844,2469.800048828125,309937.0,90.19803619384766,18286500.0,149.2010040283203
2024-08-05,5186.330078125,5333250000.0,38.56999969482422,2444.39990234375,352229.0,90.29039001464844,19098200.0,145.58399963378906
2024-08-06,5240.02978515625,4690190000.0,27.709999084472656,2431.60009765625,186107.0,89.4870376586914,9507000.0,145.7899932861328
2024-08-07,5199.5,4558260000.0,27.850000381469727,2432.39990234375,166078.0,89.1638412475586,8419700.0,144.73199462890625
2024-08-08,5319.31005859375,4016830000.0,23.790000915527344,2463.300048828125,178509.0,88.89606475830078,4856100.0,146.12399291992188
2024-08-09,5344.16015625,3516400000.0,20.3700008392334,2473.39990234375,152173.0,89.25617218017578,5174900.0,147.66900634765625
2024-08-12,5344.39013671875,3360160000.0,20.709999084472656,2504.0,171204.0,89.5054931640625,4166400.0,147.04200744628906
2024-08-13,5434.43017578125,3648980000.0,18.1200008392334,2507.800048828125,155078.0,89.90255737304688,6458700.0,146.98199462890625
2024-08-14,5455.2099609375,3380050000.0,16.190000534057617,2479.699951171875,187384.0,90.02259826660156,4275700.0,146.9709930419922
2024-08-15,5543.22021484375,3723310000.0,15.229999542236328,2492.39990234375,169322.0,89.45933532714844,5507000.0,147.2530059814453
2024-08-16,5554.25,3357690000.0,14.800000190734863,2537.800048828125,223934.0,89.63478088378906,4437000.0,149.2220001220703
2024-08-19,5608.25,3222050000.0,14.649999618530272,2541.300048828125,155994.0,89.75479888916016,4437600.0,147.95599365234375
2024-08-20,5597.1201171875,2994420000.0,15.880000114440918,2550.60009765625,191196.0,90.11492919921876,4886000.0,146.69900512695312
2024-08-21,5620.85009765625,3119670000.0,16.270000457763672,2547.5,148894.0,90.29962158203124,5386000.0,145.3470001220703
2024-08-22,5570.64013671875,2981530000.0,17.549999237060547,2516.699951171875,177369.0,89.88408660888672,4819500.0,145.1179962158203
2024-08-23,5634.60986328125,3291940000.0,15.859999656677246,2546.300048828125,164613.0,90.29962158203124,5475400.0,146.20199584960938
2024-08-26,5616.83984375,2938570000.0,16.149999618530273,2555.199951171875,127485.0,90.1888198852539,3062400.0,144.0
2024-08-27,5625.7998046875,2798990000.0,15.43000030517578,2552.89990234375,146222.0,90.15187072753906,4433700.0,144.51600646972656
2024-08-28,5592.18017578125,3053450000.0,17.110000610351562,2537.800048828125,165123.0,90.10570526123048,8147000.0,143.97500610351562
2024-08-29,5591.9599609375,3065640000.0,15.649999618530272,2560.300048828125,159965.0,89.9487533569336,6199800.0,144.43299865722656
2024-08-30,5648.39990234375,4185850000.0,15.0,2527.60009765625,175644.0,89.63478088378906,4802600.0,144.88999938964844
2024-09-03,5528.93017578125,3866350000.0,20.71999931335449,2523.0,273539.0,90.22566223144533,8232700.0,146.7220001220703
2024-09-04,5520.06982421875,3478140000.0,21.31999969482422,2526.0,167957.0,90.75354766845705,9914900.0,145.35299682617188
2024-09-05,5503.41015625,3521650000.0,19.899999618530277,2543.10009765625,152709.0,90.9665756225586,33635000.0,143.32400512695312
2024-09-06,5408.419921875,3822800000.0,22.3799991607666,2524.60009765625,228117.0,91.09624481201172,17777600.0,143.39300537109375
2024-09-09,5471.0498046875,3825940000.0,19.450000762939453,2532.699951171875,140583.0,91.22589874267578,8532500.0,142.48599243164062
2024-09-10,5495.52001953125,3848180000.0,19.07999992370605,2543.10009765625,156108.0,91.61488342285156,7921400.0,143.177001953125
2024-09-11,5554.1298828125,3839450000.0,17.690000534057617,2542.39990234375,194085.0,91.55005645751952,7286200.0,142.23399353027344
2024-09-12,5595.759765625,3655070000.0,17.06999969482422,2580.60009765625,233679.0,91.40188598632812,5929800.0,142.58999633789062
2024-09-13,5626.02001953125,3500790000.0,16.559999465942383,2610.699951171875,174674.0,91.57785034179688,5305500.0,141.49899291992188
2024-09-16,5633.08984375,3437070000.0,17.139999389648438,2608.89990234375,127576.0,91.8186492919922,6666900.0,140.7899932861328
2024-09-17,5634.580078125,3443600000.0,17.610000610351562,2592.39990234375,159525.0,91.65193176269533,7807000.0,140.7899932861328
2024-09-18,5618.259765625,3691390000.0,18.229999542236328,2598.60009765625,233128.0,91.25369262695312,8584500.0,142.01499938964844
2024-09-19,5713.64013671875,4024530000.0,16.329999923706055,2614.60009765625,204475.0,91.1795883178711,16770800.0,142.7100067138672
2024-09-20,5702.5498046875,7867260000.0,16.149999618530273,2646.199951171875,207209.0,91.1518096923828,6580600.0,142.85800170898438
2024-09-23,5718.56982421875,3529550000.0,15.890000343322754,2652.5,170494.0,91.09624481201172,7491700.0,144.00399780273438
2024-09-24,5732.93017578125,3872710000.0,15.390000343322754,2677.0,216553.0,91.19811248779295,6580800.0,143.63800048828125
2024-09-25,5722.259765625,3624910000.0,15.40999984741211,2684.699951171875,189943.0,90.82766723632812,10455100.0,142.96299743652344
2024-09-26,5745.3701171875,4391180000.0,15.369999885559082,2694.89990234375,217643.0,90.76282501220705,8026500.0,144.68299865722656
2024-09-27,5738.169921875,3898530000.0,16.959999084472656,2668.10009765625,196732.0,91.1240234375,6207700.0,145.0760040283203
2024-09-30,5762.47998046875,4425730000.0,16.729999542236328,2659.39990234375,173252.0,90.87396240234376,8902400.0,142.7830047607422
2024-10-01,5708.75,4025180000.0,19.26000022888184,2690.300048828125,202756.0,91.20465087890624,11665600.0,143.7100067138672
2024-10-02,5709.5400390625,3829050000.0,18.899999618530277,2669.699951171875,128680.0,90.94454956054688,7742100.0,143.73599243164062
2024-10-03,5699.93994140625,3597450000.0,20.489999771118164,2679.199951171875,138551.0,90.48014831542967,11556100.0,146.58200073242188
2024-10-04,5751.06982421875,3479400000.0,19.209999084472656,2667.800048828125,192656.0,89.60698699951172,8878300.0,146.83999633789062
2024-10-07,5695.93994140625,3637790000.0,22.63999938964844,2666.0,130705.0,89.28191375732422,10152600.0,148.82000732421875
2024-10-08,5751.1298828125,3393400000.0,21.420000076293945,2635.39990234375,233849.0,89.35620880126953,5975200.0,148.14599609375
2024-10-09,5792.0400390625,3650340000.0,20.86000061035156,2626.0,143000.0,89.02182006835938,6769200.0,148.15899658203125
2024-10-10,5780.0498046875,3208790000.0,20.93000030517578,2639.300048828125,195581.0,89.01254272460938,5959000.0,149.16000366210938
2024-10-11,5815.02978515625,3208720000.0,20.459999084472656,2676.300048828125,168597.0,89.0403823852539,5394100.0,148.70399475097656
2024-10-14,5859.85009765625,3005250000.0,19.700000762939453,2665.60009765625,123361.0,88.88247680664062,3850900.0,149.33399963378906
2024-10-15,5815.259765625,3882120000.0,20.63999938964844,2678.89990234375,160564.0,89.33766174316406,7736900.0,149.6699981689453
2024-10-16,5842.47021484375,3467230000.0,19.57999992370605,2691.300048828125,156877.0,89.47698211669922,5041100.0,149.0989990234375
2024-10-17,5841.47021484375,3480010000.0,19.11000061035156,2707.5,181816.0,89.01254272460938,5460200.0,149.5760040283203
2024-10-18,5864.669921875,3374490000.0,18.030000686645508,2730.0,178959.0,89.11469268798828,5174700.0,150.10000610351562
2024-10-21,5853.97998046875,3407010000.0,18.3700008392334,2738.89990234375,210450.0,88.4273452758789,6633600.0,149.60000610351562
2024-10-22,5851.2001953125,3342080000.0,18.200000762939453,2759.800048828125,173695.0,88.34375762939453,5433900.0,150.60499572753906
2024-10-23,5797.419921875,3532650000.0,19.239999771118164,2729.39990234375,214515.0,88.13939666748047,6914300.0,151.13800048828125
2024-10-24,5809.85986328125,3543030000.0,19.07999992370605,2748.89990234375,175872.0,88.33445739746094,5486300.0,152.7689971923828
2024-10-25,5808.1201171875,3501280000.0,20.32999992370605,2754.60009765625,153487.0,88.13939666748047,6455300.0,151.7830047607422
2024-10-28,5823.52001953125,3691280000.0,19.799999237060547,2755.89990234375,161907.0,87.93506622314453,5447300.0,152.95199584960938
2024-10-29,5832.919921875,3879100000.0,19.34000015258789,2781.10009765625,207424.0,87.97221374511719,8475400.0,153.1790008544922
2024-10-30,5813.669921875,3851120000.0,20.350000381469727,2800.800048828125,191549.0,87.84217834472656,6341100.0,153.2740020751953
2024-10-31,5705.4501953125,4425660000.0,23.15999984741211,2749.300048828125,242571.0,87.79572296142578,8662900.0,153.20399475097656
2024-11-01,5728.7998046875,3796450000.0,21.8799991607666,2749.199951171875,180660.0,87.27582550048828,15659500.0,151.97999572753906
2024-11-04,5712.68994140625,3602060000.0,21.979999542236328,2746.199951171875,145248.0,87.74168395996094,8179300.0,152.28700256347656
2024-11-05,5782.759765625,3768310000.0,20.489999771118164,2749.699951171875,151434.0,87.78826904296875,8118500.0,152.2760009765625
2024-11-06,5929.0400390625,6329530000.0,16.270000457763672,2676.300048828125,361313.0,86.88448333740234,15261400.0,151.43499755859375
2024-11-07,5973.10009765625,4925740000.0,15.199999809265137,2705.800048828125,292924.0,87.58329772949219,15674000.0,154.32000732421875
2024-11-08,5995.5400390625,4666740000.0,14.9399995803833,2694.800048828125,233110.0,87.76964569091797,12335300.0,153.17999267578125
2024-11-11,6001.35009765625,4333000000.0,14.970000267028809,2617.699951171875,281919.0,87.52738952636719,3980000.0,152.9040069580078
2024-11-12,5983.990234375,4243400000.0,14.710000038146973,2606.300048828125,282766.0,86.97766876220703,8037600.0,153.47999572753906
2024-11-13,5985.3798828125,4220180000.0,14.020000457763672,2586.5,262752.0,86.92178344726562,6661800.0,154.65499877929688
2024-11-14,5949.169921875,4184570000.0,14.3100004196167,2572.89990234375,266162.0,86.9124526977539,7510000.0,155.4290008544922
2024-11-15,5870.6201171875,4590960000.0,16.139999389648438,2570.10009765625,179892.0,86.94970703125,16761500.0,156.46800231933594
2024-11-18,5893.6201171875,3983860000.0,15.579999923706056,2614.60009765625,195294.0,87.14537811279297,4788200.0,154.66400146484375
2024-11-19,5916.97998046875,4036940000.0,16.350000381469727,2631.0,202241.0,87.33171844482422,4951500.0,154.61700439453125
2024-11-20,5917.10986328125,3772620000.0,17.15999984741211,2651.699951171875,182012.0,87.2012710571289,5752900.0,154.71800231933594
2024-11-21,5948.7099609375,4230120000.0,16.8700008392334,2674.89990234375,186297.0,87.15470886230469,5098200.0,155.2949981689453
2024-11-22,5969.33984375,4141420000.0,15.239999771118164,2712.199951171875,220554.0,87.21060180664062,5373900.0,154.21800231933594
2024-11-25,5987.3701171875,5633150000.0,14.600000381469728,2618.5,305339.0,88.15164184570312,7716000.0,154.14599609375
2024-11-26,6021.6298828125,3835170000.0,14.100000381469728,2621.300048828125,177858.0,87.9653091430664,5093100.0,154.3780059814453
2024-11-27,5998.740234375,3363340000.0,14.100000381469728,2639.89990234375,61653.0,88.31935119628906,5587600.0,153.00900268554688
2024-11-29,6032.3798828125,2444420000.0,13.510000228881836,2657.0,180756.0,88.69205474853516,5136200.0,151.1739959716797
2024-12-02,6047.14990234375,4412470000.0,13.34000015258789,2658.5,163543.0,88.68458557128906,5950600.0,149.8979949951172
2024-12-03,6049.8798828125,4095000000.0,13.300000190734863,2667.89990234375,140965.0,88.43224334716797,5364800.0,149.50799560546875
2024-12-04,6086.490234375,4003390000.0,13.449999809265137,2676.199951171875,171792.0,88.7686996459961,5908800.0,149.64700317382812
2024-12-05,6075.10986328125,4212020000.0,13.539999961853027,2648.39990234375,156116.0,88.75936126708984,5210300.0,150.56700134277344
2024-12-06,6090.27001953125,3924830000.0,12.770000457763672,2659.60009765625,167166.0,89.03974151611328,6880200.0,150.20700073242188
2024-12-09,6052.85009765625,4556460000.0,14.1899995803833,2685.800048828125,182150.0,88.73133087158203,4303100.0,150.02999877929688
2024-12-10,6034.91015625,4048410000.0,14.18000030517578,2718.39990234375,181509.0,88.57244110107422,3543400.0,151.4080047607422
2024-12-11,6084.18994140625,4269950000.0,13.579999923706056,2756.699951171875,264985.0,88.31072235107422,6452800.0,151.8070068359375
2024-12-12,6051.25,3678010000.0,13.920000076293944,2709.39990234375,219468.0,87.97428131103516,4518000.0,152.2449951171875
2024-12-13,6051.08984375,3584960000.0,13.8100004196167,2675.800048828125,178685.0,87.56305694580078,5230100.0,152.58700561523438
2024-12-16,6074.080078125,4391100000.0,14.6899995803833,2670.0,115996.0,87.59109497070312,4607600.0,153.4530029296875
2024-12-17,6050.60986328125,4544500000.0,15.869999885559082,2662.0,147053.0,87.59109497070312,4881100.0,154.08599853515625
2024-12-18,5872.16015625,5246960000.0,27.6200008392334,2653.300048828125,156334.0,86.91409301757812,11553900.0,153.57200622558594
2024-12-19,5867.080078125,4896880000.0,24.09000015258789,2608.10009765625,191587.0,86.52024841308594,9273800.0,154.67300415039062
2024-12-20,5930.85009765625,8223220000.0,18.36000061035156,2645.10009765625,153567.0,86.8390884399414,6070900.0,157.6439971923828
2024-12-23,5974.06982421875,3593280000.0,16.780000686645508,2628.199951171875,105131.0,86.45462799072266,5954500.0,156.5330047607422
2024-12-24,6040.0400390625,1757720000.0,14.270000457763672,2635.5,53366.0,86.50151062011719,3076100.0,157.1649932861328
2024-12-26,6037.58984375,2904530000.0,14.729999542236328,2653.89990234375,79265.0,86.56713104248047,3703300.0,157.13299560546875
2024-12-27,5970.83984375,3159610000.0,15.949999809265137,2631.89990234375,93897.0,86.34210205078125,3752500.0,157.7480010986328
2024-12-30,5906.93994140625,3433250000.0,17.399999618530273,2618.10009765625,110915.0,86.84845733642578,4797700.0,157.8730010986328
2024-12-31,5881.6298828125,3128350000.0,17.350000381469727,2641.0,86292.0,86.68904113769531,5856000.0,156.9949951171875
2025-01-02,5868.5498046875,3621680000.0,17.93000030517578,2669.0,144517.0,86.73591613769531,5034800.0,157.718994140625
2025-01-03,5942.47021484375,3667340000.0,16.1299991607666,2654.699951171875,121173.0,86.59526062011719,2863700.0,157.36199951171875
2025-01-06,5975.3798828125,4940120000.0,16.040000915527344,2647.39990234375,169923.0,86.51087951660156,3894600.0,157.4810028076172
2025-01-07,5909.02978515625,4517330000.0,17.81999969482422,2665.39990234375,161617.0,86.1170654296875,5524400.0,157.7429962158203
2025-01-08,5918.25,4441740000.0,17.700000762939453,2672.39990234375,197370.0,86.2670669555664,6402900.0,158.23599243164062
2025-01-10,5827.0400390625,4751930000.0,19.540000915527344,2715.0,298408.0,85.63883972167969,8210900.0,158.04800415039062
2025-01-13,5836.22021484375,4421200000.0,19.190000534057617,2678.60009765625,211094.0,85.48880004882812,5094300.0,157.88699340820312
2025-01-14,5842.91015625,4142280000.0,18.709999084472656,2682.300048828125,179414.0,85.51693725585938,4365500.0,157.36399841308594
2025-01-15,5949.91015625,4544570000.0,16.1200008392334,2717.800048828125,193720.0,86.41712188720703,7846600.0,158.0500030517578
2025-01-16,5937.33984375,4285810000.0,16.600000381469727,2750.89990234375,186543.0,86.6234130859375,7550900.0,156.2550048828125
2025-01-17,5996.66015625,4366830000.0,15.970000267028809,2748.699951171875,156868.0,86.68904113769531,3912800.0,155.3560028076172
2025-01-21,6049.240234375,4702920000.0,15.0600004196167,2759.199951171875,294121.0,86.9797134399414,4431300.0,155.24899291992188
2025-01-22,6086.3701171875,4323040000.0,15.100000381469728,2770.89990234375,158141.0,86.75467681884766,3656400.0,155.7740020751953
2025-01-23,6118.7099609375,4432250000.0,15.020000457763672,2765.0,194742.0,86.52963256835938,4860900.0,156.44000244140625
2025-01-24,6101.240234375,4214250000.0,14.850000381469728,2778.89990234375,199562.0,86.70779418945312,4468700.0,156.15499877929688
2025-01-27,6012.27978515625,5198750000.0,17.899999618530273,2738.39990234375,215514.0,87.2704086303711,4297100.0,155.74400329589844
2025-01-28,6067.7001953125,4473640000.0,16.40999984741211,2767.5,171359.0,87.27977752685547,3906600.0,154.90899658203125
2025-01-29,6039.31005859375,4115310000.0,16.559999465942383,2769.800048828125,125692.0,87.1766357421875,4918400.0,155.5590057373047
2025-01-30,6071.169921875,4634620000.0,15.84000015258789,2823.0,40141.0,87.36416625976562,4365600.0,155.1699981689453
2025-01-31,6040.52978515625,4843770000.0,16.43000030517578,2812.5,165676.0,87.22351837158203,6277400.0,154.0970001220703
2025-02-03,5994.56982421875,4797210000.0,18.6200008392334,2857.10009765625,181344.0,87.28560638427734,8294000.0,155.36300659179688
2025-02-04,6037.8798828125,4410160000.0,17.209999084472656,2875.800048828125,145862.0,87.5019760131836,6742300.0,155.27699279785156
2025-02-05,6061.47998046875,4756250000.0,15.770000457763672,2893.0,167383.0,88.00994110107422,6576300.0,154.13299560546875
2025-02-06,6083.56982421875,4847120000.0,15.5,2876.699951171875,167701.0,87.90646362304688,5268500.0,152.6060028076172
2025-02-07,6025.990234375,4766900000.0,16.540000915527344,2887.60009765625,192551.0,87.61483001708984,4565300.0,151.1929931640625
2025-02-10,6066.43994140625,4458760000.0,15.8100004196167,2934.39990234375,167232.0,87.59603881835938,3229100.0,151.8459930419922
2025-02-11,6068.5,4324880000.0,16.020000457763672,2932.60009765625,218478.0,87.37027740478516,3379500.0,151.75900268554688
2025-02-12,6051.97021484375,4627960000.0,15.890000343322754,2928.699951171875,204625.0,86.76824951171875,7280200.0,152.73899841308594
2025-02-13,6115.06982421875,4763800000.0,15.100000381469728,2945.39990234375,169496.0,87.41729736328125,6121900.0,154.2550048828125
2025-02-14,6114.6298828125,4335190000.0,14.770000457763672,2900.699951171875,228078.0,87.78417205810547,5157900.0,152.98899841308594
2025-02-18,6129.580078125,4684980000.0,15.350000381469728,2949.0,218757.0,87.31381225585938,4484100.0,151.44400024414062
2025-02-19,6144.14990234375,4562330000.0,15.270000457763672,2936.10009765625,159341.0,87.45492553710938,4607000.0,151.93099975585938
2025-02-20,6117.52001953125,4813690000.0,15.65999984741211,2956.10009765625,172197.0,87.63367462158203,7545400.0,151.22000122070312
2025-02-21,6013.1298828125,5434560000.0,18.209999084472656,2953.199951171875,163686.0,88.1510238647461,6156500.0,149.4080047607422
2025-02-24,5983.25,4990120000.0,18.979999542236328,2963.199951171875,162775.0,88.33917236328125,4109500.0,149.38699340820312
2025-02-25,5955.25,5374690000.0,19.43000030517578,2918.800048828125,234850.0,89.03526306152344,7697100.0,149.86399841308594
2025-02-26,5956.06005859375,4869580000.0,19.100000381469727,2930.60009765625,163371.0,89.27983856201172,7379800.0,149.0780029296875
2025-02-27,5861.56982421875,5057680000.0,21.1299991607666,2895.89990234375,207650.0,89.1763687133789,5907900.0,148.83799743652344
2025-02-28,5954.5,6441140000.0,19.6299991607666,2848.5,210560.0,89.66552734375,11831500.0,150.01199340820312
2025-03-03,5849.72021484375,5613850000.0,22.780000686645508,2901.10009765625,177018.0,89.99099731445312,9637400.0,150.77099609375
2025-03-04,5778.14990234375,6138110000.0,23.51000022888184,2920.60009765625,188515.0,89.70796203613281,12745500.0,149.30499267578125
2025-03-05,5842.6298828125,5285970000.0,21.93000030517578,2926.0,183016.0,89.20796966552734,15590000.0,149.7989959716797
2025-03-06,5738.52001953125,5165080000.0,24.8700008392334,2926.60009765625,166364.0,89.16082000732422,9318900.0,148.8979949951172
2025-03-07,5770.2001953125,5705140000.0,23.3700008392334,2914.10009765625,237577.0,89.0475845336914,9210200.0,148.10800170898438
2025-03-10,5614.56005859375,6409370000.0,27.86000061035156,2899.39990234375,221609.0,89.67024230957031,7698500.0,147.60800170898438
2025-03-11,5572.06982421875,6221240000.0,26.920000076293945,2920.89990234375,194119.0,89.34949493408203,10408600.0,147.06900024414062
2025-03-12,5599.2998046875,5219830000.0,24.229999542236328,2946.800048828125,209823.0,89.0853500366211,7610300.0,148.04200744628906
2025-03-13,5521.52001953125,5018980000.0,24.65999984741211,2991.300048828125,256564.0,89.4438247680664,6902300.0,148.2790069580078
2025-03-14,5638.93994140625,4863180000.0,21.770000457763672,3001.10009765625,181492.0,89.13249969482422,4390900.0,147.94900512695312
2025-03-17,5675.1201171875,5031770000.0,20.51000022888184,3006.10009765625,142155.0,89.20796966552734,6734000.0,148.59800720214844
2025-03-18,5614.66015625,4666270000.0,21.700000762939453,3040.800048828125,177098.0,89.31175231933594,8993300.0,149.37899780273438
2025-03-19,5675.2900390625,4660090000.0,19.899999618530277,3041.199951171875,145404.0,89.58533477783203,5854500.0,149.45199584960938
2025-03-20,5662.89013671875,4678420000.0,19.799999237060547,3043.800048828125,141231.0,89.71742248535156,4409100.0,148.49000549316406
2025-03-21,5667.56005859375,9367460000.0,19.280000686645508,3021.39990234375,190470.0,89.64195251464844,4919600.0,148.5959930419922
2025-03-24,5767.56982421875,4517990000.0,17.479999542236328,3015.60009765625,202822.0,89.12308502197266,4823500.0,149.677001953125
2025-03-25,5776.64990234375,4467340000.0,17.149999618530273,3025.89990234375,172592.0,89.27401733398438,6825800.0,150.7740020751953
2025-03-26,5712.2001953125,4183140000.0,18.32999992370605,3022.5,172002.0,89.06645965576172,8281700.0,149.9499969482422
2025-03-27,5693.31005859375,4403460000.0,18.690000534057617,3061.0,124359.0,88.9909896850586,5085100.0,150.47300720214844
2025-03-28,5580.93994140625,4513330000.0,21.649999618530277,3086.5,31206.0,89.70796203613281,6224500.0,150.8470001220703
2025-03-31,5611.85009765625,5257250000.0,22.280000686645508,3122.800048828125,228393.0,89.9721450805664,13255800.0,149.61700439453125
2025-04-01,5633.06982421875,4434500000.0,21.770000457763672,3146.0,197314.0,90.2882308959961,18128800.0,149.91299438476562
2025-04-02,5670.97021484375,4243830000.0,21.51000022888184,3166.199951171875,223124.0,90.20304107666016,7635900.0,149.7830047607422
2025-04-03,5396.52001953125,7210470000.0,30.020000457763672,3121.699951171875,382860.0,91.13053131103516,18188000.0,147.8719940185547
2025-04-04,5074.080078125,8853500000.0,45.310001373291016,3035.39990234375,341150.0,91.38607788085938,27006500.0,146.2310028076172
2025-04-07,5062.25,8691980000.0,46.97999954223633,2973.60009765625,328515.0,90.29769897460938,68670600.0,145.43299865722656
2025-04-08,4982.77001953125,7408140000.0,52.33000183105469,2990.199951171875,197577.0,89.84343719482422,19508000.0,147.78900146484375
2025-04-09,5456.89990234375,9489600000.0,33.619998931884766,3079.39990234375,298325.0,89.55948638916016,24170800.0,145.84500122070312
2025-04-10,5268.0498046875,6677140000.0,40.720001220703125,3177.5,234973.0,89.0011215209961,12093800.0,147.3990020751953
2025-04-11,5363.35986328125,5602550000.0,37.560001373291016,3244.60009765625,247317.0,88.49949645996094,55446600.0,143.7469940185547
2025-04-14,5405.97021484375,5031440000.0,30.88999938964844,3226.300048828125,189619.0,89.20933532714844,12630900.0,143.6959991455078
2025-04-15,5396.6298828125,4317110000.0,30.1200008392334,3240.39990234375,123474.0,89.47431945800781,7708100.0,143.2209930419922
2025-04-16,5275.7001953125,4607750000.0,32.63999938964844,3346.39990234375,258376.0,89.86234283447266,8708400.0,143.18099975585938
2025-04-17,5282.7001953125,4714880000.0,29.649999618530277,3328.39990234375,242065.0,89.60682678222656,6987000.0,141.92799377441406
2025-04-21,5158.2001953125,4226340000.0,33.81999969482422,3425.300048828125,243457.0,89.1241455078125,4901300.0,141.92799377441406
2025-04-22,5287.759765625,4666950000.0,30.56999969482422,3419.39990234375,423078.0,89.19038391113281,5233000.0,140.87600708007812
2025-04-23,5375.85986328125,5371390000.0,28.450000762939453,3294.10009765625,377411.0,89.28502655029297,8041300.0,142.68800354003906
2025-04-24,5484.77001953125,4697710000.0,26.46999931335449,3348.60009765625,239603.0,89.7677001953125,7308900.0,143.22300720214844
2025-04-25,5525.2099609375,4236580000.0,24.84000015258789,3298.39990234375,241249.0,90.10843658447266,5341300.0,142.87899780273438
2025-04-28,5528.75,4257880000.0,25.149999618530277,3347.699951171875,217995.0,90.46805572509766,4950500.0,143.84100341796875
2025-04-29,5560.830078125,4747150000.0,24.170000076293945,3333.60009765625,170152.0,90.78036499023438,5350200.0,142.17799377441406
2025-04-30,5569.06005859375,5449490000.0,24.700000762939453,3319.10009765625,207722.0,90.92233276367188,13923200.0,142.2989959716797
2025-05-01,5604.14013671875,4935270000.0,24.600000381469727,3222.199951171875,214691.0,90.5263900756836,13703300.0,143.00900268554688
2025-05-02,5686.669921875,4854380000.0,22.68000030517578,3243.300048828125,210994.0,89.91869354248047,9331600.0,145.447998046875
2025-05-05,5650.3798828125,4358260000.0,23.63999938964844,3322.300048828125,184904.0,89.75729370117188,10089400.0,144.62399291992188
2025-05-06,5606.91015625,4717260000.0,24.76000022888184,3422.800048828125,268098.0,89.98516082763672,6081200.0,143.6540069580078
2025-05-07,5631.27978515625,4987440000.0,23.549999237060547,3391.89990234375,304244.0,90.22254180908205,9471100.0,143.03500366210938
2025-05-08,5663.93994140625,5627400000.0,22.479999542236328,3306.0,327126.0,89.51988983154297,6409000.0,143.84800720214844
2025-05-09,5659.91015625,4645090000.0,21.899999618530277,3344.0,232464.0,89.58637237548828,3698700.0,146.01499938964844
2025-05-12,5844.18994140625,6014580000.0,18.38999938964844,3228.0,308534.0,89.01667022705078,9483700.0,145.81199645996094
2025-05-13,5886.5498046875,5516290000.0,18.21999931335449,3247.800048828125,214423.0,88.95021057128906,13166800.0,148.30999755859375
2025-05-14,5892.580078125,5233450000.0,18.6200008392334,3188.300048828125,233929.0,88.61787414550781,6994700.0,147.5279998779297
2025-05-15,5916.93017578125,4991290000.0,17.829999923706055,3226.60009765625,253064.0,89.19706726074219,9024900.0,146.64999389648438
2025-05-16,5958.3798828125,4850850000.0,17.239999771118164,3187.199951171875,245486.0,89.22557067871094,6819200.0,145.61300659179688
2025-05-19,5963.60009765625,4144010000.0,18.13999938964844,3233.5,185135.0,89.17809295654297,11704900.0,145.29800415039062
2025-05-20,5940.4599609375,4416850000.0,18.09000015258789,3284.60009765625,224088.0,89.06414031982422,8929600.0,144.97500610351562
2025-05-21,5844.60986328125,5254250000.0,20.8700008392334,3313.5,229503.0,88.44696807861328,11383500.0,144.3280029296875
2025-05-22,5842.009765625,5157050000.0,20.280000686645508,3295.0,234658.0,88.779296875,10981200.0,143.7550048828125
2025-05-23,5802.81982421875,4662820000.0,22.290000915527344,3365.800048828125,247200.0,89.03564453125,9860700.0,143.85800170898438
2025-05-27,5921.5400390625,5366380000.0,18.959999084472656,3300.39990234375,297309.0,89.40597534179688,10834400.0,142.65499877929688
2025-05-28,5888.5498046875,4665050000.0,19.309999465942383,3294.89990234375,127758.0,89.15909576416016,8591500.0,144.177001953125
2025-05-29,5912.169921875,4569750000.0,19.18000030517578,3317.10009765625,24370.0,89.5293960571289,9679100.0,145.69700622558594
2025-05-30,5911.68994140625,6378540000.0,18.56999969482422,3288.89990234375,184770.0,89.79525756835938,10268600.0,143.7790069580078
2025-06-02,5935.93994140625,4832240000.0,18.36000061035156,3397.199951171875,180995.0,89.49042510986328,13341900.0,143.81500244140625
2025-06-03,5970.3701171875,5026680000.0,17.690000534057617,3377.10009765625,168220.0,89.4046859741211,8508900.0,142.45199584960938
2025-06-04,5970.81005859375,4767050000.0,17.610000610351562,3399.199951171875,167220.0,90.06201934814453,10115900.0,143.83700561523438
2025-06-05,5939.2998046875,5091850000.0,18.479999542236328,3375.10009765625,224859.0,89.7952651977539,8762800.0,142.73199462890625
2025-06-06,6000.35986328125,4355710000.0,16.770000457763672,3346.60009765625,185366.0,89.0807876586914,7624200.0,143.54200744628906
2025-06-09,6005.8798828125,4642360000.0,17.15999984741211,3354.89990234375,142005.0,89.24273681640625,6061200.0,144.6909942626953
2025-06-10,6038.81005859375,4882880000.0,16.950000762939453,3343.39990234375,158897.0,89.39515686035156,5579900.0,144.5399932861328
2025-06-11,6022.240234375,5111550000.0,17.260000228881836,3343.699951171875,201534.0,89.76670837402344,6594900.0,144.83799743652344
2025-06-12,6045.259765625,4669500000.0,18.020000457763672,3402.39990234375,230166.0,90.15725708007812,7795400.0,144.2030029296875
2025-06-13,5976.97021484375,5258910000.0,20.81999969482422,3452.800048828125,270627.0,89.82386016845703,9195200.0,143.19400024414062
2025-06-16,6033.10986328125,5111710000.0,19.11000061035156,3417.300048828125,192505.0,89.5666275024414,7508400.0,144.09100341796875
2025-06-17,5982.72021484375,4955700000.0,21.600000381469727,3406.89990234375,209083.0,90.00484466552734,5285000.0,144.72900390625
2025-06-18,5980.8701171875,5106470000.0,20.13999938964844,3408.10009765625,0.0,90.06201934814453,6732400.0,145.37600708007812
2025-06-20,5967.83984375,7451500000.0,20.6200008392334,3385.699951171875,280833.0,90.11917114257812,6261700.0,145.21800231933594
2025-06-23,6025.169921875,5597000000.0,19.82999992370605,3395.0,193872.0,90.43354034423828,9310300.0,146.2239990234375
2025-06-24,6092.18017578125,5443690000.0,17.479999542236328,3333.89990234375,227429.0,90.7479019165039,7694500.0,145.92799377441406
2025-06-25,6092.16015625,5171110000.0,16.760000228881836,3343.10009765625,130010.0,90.78601837158205,6393300.0,144.95700073242188
2025-06-26,6141.02001953125,5308140000.0,16.59000015258789,3348.0,155584.0,91.10990142822266,7131900.0,144.9040069580078
2025-06-27,6173.06982421875,7889350000.0,16.31999969482422,3287.60009765625,218869.0,90.87173461914062,8402400.0,144.69400024414062
2025-06-30,6204.9501953125,5782900000.0,16.729999542236328,3307.699951171875,144201.0,91.23372650146484,10542300.0,144.51699829101562
2025-07-01,6198.009765625,6275310000.0,16.829999923706055,3349.800048828125,168854.0,91.06459045410156,10659800.0,143.8000030517578
2025-07-02,6227.419921875,5645710000.0,16.639999389648438,3359.699951171875,132187.0,90.87346649169922,6026200.0,143.40199279785156
2025-07-03,6279.35009765625,3378110000.0,16.3799991607666,3342.89990234375,0.0,90.55810546875,7398900.0,143.5260009765625
2025-07-07,6229.97998046875,5236740000.0,17.790000915527344,3342.800048828125,235762.0,90.27140045166016,8518600.0,144.4980010986328
2025-07-08,6225.52001953125,5739030000.0,16.809999465942383,3316.89990234375,218029.0,90.13761138916016,5282800.0,145.89199829101562
2025-07-09,6263.259765625,4813340000.0,15.9399995803833,3321.0,167968.0,90.60588073730467,6900800.0,146.8489990234375
2025-07-10,6280.4599609375,5367350000.0,15.779999732971191,3325.699951171875,168190.0,90.55810546875,4451900.0,146.11399841308594
2025-07-11,6259.75,4656210000.0,16.399999618530273,3364.0,216883.0,90.13761138916016,6004300.0,146.28799438476562
2025-07-14,6268.56005859375,4722250000.0,17.200000762939453,3359.10009765625,195336.0,90.0993881225586,5101600.0,147.2949981689453
2025-07-15,6243.759765625,5133670000.0,17.3799991607666,3336.699951171875,179884.0,89.74578857421875,5628100.0,147.79200744628906
2025-07-16,6263.7001953125,5177460000.0,17.15999984741211,3359.10009765625,235160.0,89.9942626953125,12786300.0,148.76100158691406
2025-07-17,6297.35986328125,5512290000.0,16.520000457763672,3345.300048828125,161740.0,89.9655990600586,4747200.0,148.0030059814453
2025-07-18,6296.7900390625,5184700000.0,16.40999984741211,3358.300048828125,115413.0,90.21407318115234,4035000.0,148.44200134277344
2025-07-21,6305.60009765625,5010840000.0,16.649999618530273,3406.39990234375,191195.0,90.52943420410156,5232300.0,148.43099975585938
2025-07-22,6309.6201171875,5662040000.0,16.5,3443.699951171875,227372.0,90.7874526977539,6098000.0,147.40899658203125
2025-07-23,6358.91015625,5642510000.0,15.369999885559082,3397.60009765625,263025.0,90.46253967285156,5074000.0,146.78500366210938
2025-07-24,6363.35009765625,5282720000.0,15.390000343322754,3373.5,215271.0,90.32874298095705,5867400.0,146.3489990234375
2025-07-25,6388.64013671875,4470720000.0,14.93000030517578,3335.60009765625,196380.0,90.53899383544922,3614000.0,147.0050048828125
2025-07-28,6389.77001953125,4565620000.0,15.029999732971191,3310.0,180215.0,90.3382797241211,5073200.0,147.81300354003906
2025-07-29,6370.85986328125,5076120000.0,15.979999542236328,3324.0,113144.0,90.93081665039062,7864000.0,148.47900390625
2025-07-30,6362.89990234375,5375070000.0,15.479999542236328,3295.800048828125,19252.0,90.61541748046876,7425600.0,148.44200134277344
2025-07-31,6339.39013671875,6077080000.0,16.719999313354492,3293.199951171875,158029.0,90.69190979003906,10411800.0,149.2259979248047
2025-08-01,6238.009765625,5827150000.0,20.3799991607666,3399.800048828125,229954.0,91.73600769042967,11870100.0,150.77200317382812
2025-08-04,6329.93994140625,4842580000.0,17.520000457763672,3426.39990234375,138229.0,91.86063385009766,8449500.0,147.34300231933594
2025-08-05,6299.18994140625,5517410000.0,17.850000381469727,3434.699951171875,154163.0,91.79351806640624,8218700.0,146.79299926757812
2025-08-06,6345.06005859375,5408560000.0,16.770000457763672,3433.39990234375,151580.0,91.72640991210938,10107500.0,147.55999755859375
2025-08-07,6340.0,5306090000.0,16.56999969482422,3453.699951171875,249091.0,91.6593017578125,5725900.0,147.1929931640625
2025-08-08,6389.4501953125,4769910000.0,15.149999618530272,3491.300048828125,321346.0,91.44835662841795,5623800.0,146.83700561523438
2025-08-11,6373.4501953125,4652400000.0,16.25,3404.699951171875,224513.0,91.47713470458984,4920200.0,147.66400146484375
2025-08-12,6445.759765625,5135300000.0,14.729999542236328,3399.0,193820.0,91.4579620361328,6724600.0,148.125
2025-08-13,6466.580078125,5195950000.0,14.489999771118164,3408.300048828125,135846.0,91.783935546875,5925200.0,147.75799560546875
2025-08-14,6468.5400390625,4462050000.0,14.829999923706056,3383.199951171875,165697.0,91.48672485351562,5527500.0,147.1199951171875
2025-08-15,6449.7998046875,4575060000.0,15.09000015258789,3382.60009765625,118486.0,91.30455017089844,7428500.0,147.6909942626953
2025-08-18,6449.14990234375,4162290000.0,14.989999771118164,3378.0,119141.0,91.21826171875,9669600.0,147.26400756835938
2025-08-19,6411.3701171875,4377440000.0,15.56999969482422,3358.699951171875,133497.0,91.44835662841795,6499300.0,147.91600036621094
2025-08-20,6395.77978515625,4470390000.0,15.6899995803833,3388.5,135521.0,91.58258056640624,6270700.0,147.7310028076172
2025-08-21,6370.169921875,4013560000.0,16.600000381469727,3381.60009765625,123500.0,91.31414031982422,5351300.0,147.3179931640625
2025-08-22,6466.91015625,5046860000.0,14.220000267028809,3418.5,186037.0,91.8222885131836,10867700.0,148.38600158691406
2025-08-25,6439.31982421875,4059070000.0,14.789999961853027,3417.5,97780.0,91.64012145996094,9936400.0,147.21499633789062
2025-08-26,6465.93994140625,4867680000.0,14.619999885559082,3433.0,176297.0,91.87981414794922,5871200.0,147.82200622558594
2025-08-27,6481.39990234375,4143680000.0,14.850000381469728,3448.60009765625,153806.0,92.05239868164062,5222800.0,147.46200561523438
2025-08-28,6501.85986328125,4283760000.0,14.43000030517578,3474.300048828125,156602.0,92.26332092285156,6544700.0,147.3159942626953
2025-08-29,6460.259765625,4234840000.0,15.359999656677246,3516.10009765625,0.0,92.18663787841795,6818900.0,146.7899932861328
2025-09-02,6415.5400390625,4784000000.0,17.170000076293945,3592.199951171875,374141.0,91.91152954101562,8623200.0,147.08399963378906
2025-09-03,6448.259765625,4465360000.0,16.350000381469727,3635.5,220786.0,92.22893524169922,7586100.0,148.54800415039062
2025-09-04,6502.080078125,4670770000.0,15.300000190734863,3606.699951171875,232579.0,92.642578125,6395300.0,147.97999572753906
2025-09-05,6481.5,5066120000.0,15.18000030517578,3653.300048828125,237651.0,93.09469604492188,9566300.0,148.375
2025-09-08,6495.14990234375,5211500000.0,15.109999656677246,3677.39990234375,227640.0,93.3832550048828,7599600.0,148.343994140625
2025-09-09,6512.60986328125,4798350000.0,15.039999961853027,3682.199951171875,262656.0,93.1620101928711,8223100.0,147.36399841308594
2025-09-10,6532.0400390625,5253010000.0,15.350000381469728,3682.0,182028.0,93.412109375,8864500.0,147.39199829101562
2025-09-11,6587.47021484375,5426460000.0,14.710000038146973,3673.60009765625,214612.0,93.55641174316406,8554300.0,147.33200073242188
2025-09-12,6584.2900390625,4641640000.0,14.760000228881836,3686.39990234375,154559.0,93.2870635986328,36502700.0,147.2239990234375
2025-09-15,6615.27978515625,5045020000.0,15.6899995803833,3719.0,189452.0,93.44097137451172,4990100.0,147.66600036621094
2025-09-16,6606.759765625,5359510000.0,16.360000610351562,3725.10009765625,192295.0,93.4986801147461,5847700.0,147.40499877929688
2025-09-17,6600.35009765625,5805340000.0,15.720000267028809,3717.800048828125,256047.0,93.2966766357422,10701700.0,146.41299438476562
2025-09-18,6631.9599609375,5292400000.0,15.699999809265137,3678.300048828125,224128.0,92.98886108398438,7589200.0,146.89100646972656
2025-09-19,6664.35986328125,9125960000.0,15.449999809265137,3705.800048828125,186954.0,92.9503936767578,5528800.0,147.94700622558594
2025-09-22,6693.75,5642620000.0,16.100000381469727,3775.10009765625,219170.0,92.79649353027344,5282700.0,148.09500122070312
2025-09-23,6656.919921875,5633620000.0,16.639999389648438,3815.699951171875,291564.0,93.05619049072266,7077500.0,147.72500610351562
2025-09-24,6637.97021484375,5459180000.0,16.18000030517578,3768.10009765625,236560.0,92.80611419677734,5419700.0,147.61300659179688
2025-09-25,6604.72021484375,5874670000.0,16.739999771118164,3771.10009765625,262183.0,92.6041030883789,6517500.0,148.75100708007812
2025-09-26,6643.7001953125,5103110000.0,15.289999961853027,3809.0,214083.0,92.55601501464844,7295300.0,149.86099243164062
2025-09-29,6661.2099609375,5358760000.0,16.1200008392334,3855.199951171875,258145.0,92.82534790039062,6357500.0,149.40499877929688
2025-09-30,6688.4599609375,6057210000.0,16.280000686645508,3873.199951171875,312257.0,92.78687286376952,9257800.0,148.59500122070312
2025-10-01,6711.2001953125,6037950000.0,16.290000915527344,3897.5,290470.0,93.09947967529295,8347000.0,147.9969940185547
2025-10-02,6715.35009765625,5416130000.0,16.6299991607666,3868.10009765625,284217.0,93.19595336914062,9420600.0,147.08299255371094
2025-10-03,6715.7900390625,5713110000.0,16.649999618530273,3908.89990234375,218284.0,93.01264190673828,5154300.0,147.14999389648438
2025-10-06,6740.27978515625,5604460000.0,16.3700008392334,3976.300048828125,278143.0,92.7424774169922,6319600.0,149.6060028076172
2025-10-07,6714.58984375,5546150000.0,17.239999771118164,4004.39990234375,297512.0,92.97404479980467,5119900.0,150.33099365234375
2025-10-08,6753.72021484375,5383130000.0,16.299999237060547,4070.5,348778.0,92.99333953857422,5141900.0,152.05099487304688
2025-10-09,6735.10986328125,5385020000.0,16.43000030517578,3972.60009765625,461023.0,92.9258041381836,7130600.0,152.67999267578125
2025-10-10,6552.509765625,6596610000.0,21.65999984741211,4000.39990234375,357542.0,93.50472259521484,10417700.0,152.96499633789062
2025-10-13,6654.72021484375,5303960000.0,19.030000686645508,4133.0,357542.0,93.55296325683594,5607600.0,152.05599975585938
2025-10-14,6644.31005859375,5666920000.0,20.809999465942383,4163.39990234375,405991.0,93.7941665649414,7650600.0,152.4340057373047
2025-10-15,6671.06005859375,5633060000.0,20.63999938964844,4201.60009765625,309914.0,93.68804931640624,7769300.0,151.7310028076172
2025-10-16,6629.06982421875,6048180000.0,25.309999465942383,4304.60009765625,375196.0,94.12223815917967,11627200.0,150.9739990234375
2025-10-17,6664.009765625,5358120000.0,20.780000686645508,4213.2998046875,569847.0,93.96784973144533,12491000.0,150.1199951171875
2025-10-20,6735.1298828125,4672170000.0,18.229999542236328,4359.39990234375,338235.0,94.0932846069336,10437800.0,150.89999389648438
2025-10-21,6735.35009765625,5245020000.0,17.8700008392334,4109.10009765625,535325.0,94.2669677734375,7642000.0,150.7740020751953
2025-10-22,6699.39990234375,5710010000.0,18.600000381469727,4065.39990234375,468711.0,94.28626251220705,6523500.0,151.89300537109375
2025-10-23,6738.43994140625,5565750000.0,17.299999237060547,4145.60009765625,271973.0,93.97750854492188,6138300.0,151.95399475097656
2025-10-24,6791.68994140625,5058220000.0,16.3700008392334,4137.7998046875,297599.0,94.06434631347656,7555200.0,152.6020050048828
2025-10-27,6875.16015625,5290650000.0,15.789999961853027,4019.699951171875,330749.0,94.06434631347656,7272300.0,153.06100463867188
2025-10-28,6890.89013671875,5695930000.0,16.420000076293945,3983.10009765625,338428.0,94.15117645263672,5539600.0,152.69200134277344
2025-10-29,6890.58984375,6280130000.0,16.920000076293945,4000.699951171875,288266.0,93.5433120727539,11223300.0,151.7310028076172
2025-10-30,6822.33984375,6052700000.0,16.90999984741211,4015.89990234375,246321.0,93.40824127197266,8958800.0,152.7220001220703
2025-10-31,6840.2001953125,6398280000.0,17.440000534057617,3996.5,237172.0,93.44683074951172,9739900.0,153.89999389648438
2025-11-03,6851.97021484375,6065720000.0,17.170000076293945,4014.0,0.0,93.40231323242188,8012500.0,154.19500732421875
2025-11-04,6771.5498046875,5739510000.0,19.0,3960.5,250259.0,93.51844787597656,6119000.0,154.20399475097656
2025-11-05,6796.2900390625,5939600000.0,18.010000228881836,3992.89990234375,175161.0,93.07323455810548,11749200.0,153.5570068359375
2025-11-06,6720.31982421875,6051900000.0,19.5,3991.0,188688.0,93.54749298095705,7665000.0,154.072998046875
2025-11-07,6728.7998046875,5926070000.0,19.07999992370605,4009.800048828125,208649.0,93.58621215820312,11460300.0,152.947998046875
2025-11-10,6832.43017578125,5366050000.0,17.600000381469727,4122.0,253812.0,93.46037292480467,9097300.0,153.81700134277344
2025-11-11,6846.60986328125,4983490000.0,17.280000686645508,4116.2998046875,252249.0,93.75074005126952,4937700.0,154.14599609375
2025-11-12,6850.919921875,5293610000.0,17.510000228881836,4213.60009765625,296796.0,93.77011108398438,7188200.0,154.0749969482422
2025-11-13,6737.490234375,5473720000.0,20.0,4194.5,319216.0,93.49909973144533,46965300.0,154.71299743652344
2025-11-14,6734.10986328125,5042660000.0,19.82999992370605,4094.199951171875,342176.0,93.34424591064452,11288500.0,154.63299560546875
2025-11-17,6672.41015625,5204220000.0,22.3799991607666,4074.5,235352.0,93.45069122314452,6648500.0,154.5850067138672
2025-11-18,6617.31982421875,5159390000.0,24.690000534057617,4066.5,233302.0,93.60558319091795,8769000.0,155.2729949951172
2025-11-19,6642.16015625,5021610000.0,23.65999984741211,4082.800048828125,233696.0,93.5378189086914,13075900.0,155.54800415039062
2025-11-20,6538.759765625,5596080000.0,26.420000076293945,4060.0,272355.0,93.76043701171876,9076400.0,156.99200439453125
2025-11-21,6602.990234375,5929930000.0,23.43000030517578,4079.5,257813.0,94.07015991210938,12551100.0,157.36900329589844
2025-11-24,6705.1201171875,6039740000.0,20.520000457763672,4094.199951171875,223055.0,94.21533966064452,6903900.0,156.68800354003906
2025-11-25,6765.8798828125,5003330000.0,18.559999465942383,4140.0,132704.0,94.45730590820312,9193400.0,156.93899536132812
2025-11-26,6812.60986328125,4485000000.0,17.190000534057617,4165.2001953125,25088.0,94.53473663330078,7747100.0,156.22999572753906
2025-11-28,6849.08984375,2558540000.0,16.350000381469727,4254.89990234375,154806.0,94.37020874023438,7798000.0,156.28399658203125
2025-12-01,6812.6298828125,4549370000.0,17.239999771118164,4274.7998046875,227572.0,93.86347198486328,9898100.0,155.92799377441406
2025-12-02,6829.3701171875,4582290000.0,16.59000015258789,4220.7998046875,215921.0,93.94112396240234,7317200.0,155.5570068359375
2025-12-03,6849.72021484375,4736780000.0,16.079999923706055,4232.5,176443.0,94.1352767944336,6855100.0,155.8070068359375
2025-12-04,6857.1201171875,4872440000.0,15.779999732971191,4243.0,161251.0,93.84404754638672,8928900.0,155.10699462890625
2025-12-05,6870.39990234375,4944560000.0,15.40999984741211,4243.0,193599.0,93.64990234375,9118700.0,155.14199829101562
2025-12-08,6846.509765625,4757130000.0,16.65999984741211,4217.7001953125,149813.0,93.45573425292967,14728300.0,155.33999633789062
2025-12-09,6840.509765625,4508050000.0,16.93000030517578,4236.2001953125,177366.0,93.31982421875,8509200.0,155.843994140625
2025-12-10,6886.68017578125,5526570000.0,15.770000457763672,4224.7001953125,186178.0,93.62078094482422,13356900.0,156.83799743652344
2025-12-11,6901.0,5021060000.0,14.850000381469728,4313.0,228282.0,93.63047790527344,8672800.0,155.7899932861328
2025-12-12,6827.41015625,4910160000.0,15.739999771118164,4328.2998046875,292175.0,93.37808227539062,8348700.0,155.56700134277344
2025-12-15,6816.509765625,4975600000.0,16.5,4335.2001953125,207700.0,93.45573425292967,6117000.0,155.88800048828125
2025-12-16,6800.259765625,4983180000.0,16.479999542236328,4332.2998046875,212277.0,93.71784210205078,7456400.0,155.01499938964844
2025-12-17,6721.43017578125,5122120000.0,17.6200008392334,4373.89990234375,212413.0,93.6984405517578,5673200.0,154.7779998779297
2025-12-18,6774.759765625,5101190000.0,16.8700008392334,4364.5,234460.0,93.94112396240234,7357600.0,155.4949951171875
2025-12-19,6834.5,8554470000.0,14.90999984741211,4387.2998046875,165214.0,93.72977447509766,5806600.0,155.58599853515625
2025-12-22,6878.490234375,4465030000.0,14.079999923706056,4469.39990234375,203043.0,93.63239288330078,4672800.0,157.67599487304688
2025-12-23,6909.7900390625,3820560000.0,14.0,4505.7001953125,248418.0,93.59343719482422,5093900.0,156.8769989013672
2025-12-24,6932.0498046875,1798270000.0,13.470000267028809,4502.7998046875,151576.0,93.83692169189452,3967700.0,156.17599487304688
2025-12-26,6929.93994140625,2586550000.0,13.600000381469728,4552.7001953125,181246.0,93.92457580566406,3491500.0,156.08999633789062
2025-12-29,6905.740234375,3541750000.0,14.199999809265137,4343.60009765625,316961.0,94.06092071533205,5034600.0,156.46299743652344
2025-12-30,6896.240234375,3309930000.0,14.329999923706056,4386.2998046875,189751.0,93.9635238647461,4108600.0,156.01300048828125
2025-12-31,6845.5,3261830000.0,14.949999809265137,4341.10009765625,161782.0,93.65188598632812,6802100.0,156.41299438476562
2026-01-02,6858.47021484375,4184120000.0,14.510000228881836,4329.60009765625,154807.0,93.57396697998048,6611800.0,156.7310028076172
2026-01-05,6902.0498046875,5771930000.0,14.899999618530272,4451.5,211711.0,93.85639190673828,8693200.0,156.98899841308594
2026-01-06,6944.81982421875,5509680000.0,14.75,4496.10009765625,176584.0,93.78821563720705,12834100.0,156.62600708007812
2026-01-07,6920.93017578125,5214480000.0,15.380000114440918,4462.5,202783.0,93.9635238647461,7990900.0,156.67999267578125
2026-01-08,6921.4599609375,5333200000.0,15.449999809265137,4460.7001953125,208958.0,93.68109130859376,6931700.0,156.7310028076172
2026-01-09,6966.27978515625,5163900000.0,14.489999771118164,4500.89990234375,217946.0,93.78821563720705,10277300.0,156.8800048828125
2026-01-12,6977.27001953125,5019040000.0,15.119999885559082,4614.7001953125,307991.0,93.67134857177734,6360600.0,158.1490020751953
2026-01-13,6963.740234375,5091730000.0,15.979999542236328,4599.10009765625,267451.0,93.78821563720705,7622500.0,157.98599243164062
2026-01-14,6926.60009765625,5530830000.0,16.75,4635.7001953125,306299.0,93.9830093383789,7331200.0,159.1790008544922
2026-01-15,6944.47021484375,5114050000.0,15.84000015258789,4623.7001953125,226481.0,93.78821563720705,6172500.0,158.40199279785156
2026-01-16,6940.009765625,5356550000.0,15.859999656677246,4595.39990234375,246155.0,93.42787170410156,11979300.0,158.5959930419922
2026-01-20,6796.85986328125,5769500000.0,20.09000015258789,4765.7998046875,414495.0,93.05779266357422,13607700.0,158.177001953125
2026-01-21,6875.6201171875,5835520000.0,16.899999618530273,4837.5,400518.0,93.30125427246094,11969000.0,158.16200256347656
2026-01-22,6913.35009765625,5307580000.0,15.640000343322754,4913.39990234375,265088.0,93.2915267944336,10209500.0,158.45599365234375
2026-01-23,6915.60986328125,4871930000.0,16.09000015258789,4979.7001953125,276594.0,93.44734954833984,8147500.0,158.50100708007812
2026-01-26,6950.22998046875,4968050000.0,16.149999618530273,5082.5,433111.0,93.5836944580078,6803800.0,155.16600036621094
2026-01-27,6978.60009765625,5331720000.0,16.350000381469727,5082.60009765625,325759.0,93.47657012939452,9857200.0,154.33599853515625
2026-01-28,6978.02978515625,5507670000.0,16.350000381469727,5303.60009765625,112054.0,93.39866638183594,17032400.0,152.4530029296875
2026-01-29,6969.009765625,6877780000.0,16.8799991607666,5318.39990234375,570055.0,93.49603271484376,11049100.0,153.0959930419922
2026-01-30,6939.02978515625,6697340000.0,17.440000534057617,4745.10009765625,508003.0,93.43761444091795,8238500.0,153.16200256347656
2026-02-02,6976.43994140625,5772050000.0,16.34000015258789,4652.60009765625,385977.0,93.25392150878906,8987100.0,155.20199584960938
2026-02-03,6917.81005859375,7017660000.0,18.0,4935.0,260114.0,93.34185791015624,7313800.0,155.4429931640625
2026-02-04,6882.72021484375,7475750000.0,18.63999938964844,4950.7998046875,245957.0,93.32231903076172,7268600.0,155.7989959716797
2026-02-05,6798.39990234375,6989120000.0,21.770000457763672,4889.5,234592.0,93.86949157714844,12086800.0,156.91700744628906
2026-02-06,6932.2998046875,6283680000.0,20.3700008392334,4979.7998046875,177809.0,93.86949157714844,7759900.0,156.78399658203125
2026-02-09,6964.81982421875,5650260000.0,17.360000610351562,5079.39990234375,124150.0,93.88902282714844,8165100.0,157.24400329589844
2026-02-10,6941.81005859375,5595950000.0,17.790000915527344,5031.0,105658.0,94.2994155883789,9752300.0,156.1320037841797
2026-02-11,6941.47021484375,6175510000.0,17.649999618530273,5098.5,129968.0,94.03558349609376,9106600.0,154.48199462890625
2026-02-12,6832.759765625,7118700000.0,20.81999969482422,4948.39990234375,161618.0,94.61207580566406,13099900.0,153.2689971923828
2026-02-13,6836.169921875,5718360000.0,20.600000381469727,5046.2998046875,123016.0,94.98336791992188,11681500.0,152.8209991455078
2026-02-17,6843.22021484375,5418480000.0,20.290000915527344,4905.89990234375,166706.0,94.97360229492188,8623800.0,153.60899353027344
2026-02-18,6881.31005859375,5098160000.0,19.6200008392334,5009.5,98203.0,94.77818298339844,7778800.0,153.1490020751953
2026-02-19,6861.89013671875,5151690000.0,20.229999542236328,4997.39990234375,87026.0,94.86612701416016,4993000.0,154.6929931640625
2026-02-20,6909.509765625,5432480000.0,19.09000015258789,5080.89990234375,136737.0,94.86612701416016,11200200.0,155.16000366210938
2026-02-23,6837.75,5638350000.0,21.01000022888184,5225.60009765625,140957.0,95.2081069946289,9862900.0,154.33900451660156
2026-02-24,6890.06982421875,5266090000.0,19.549999237060547,5176.2998046875,145961.0,95.18856048583984,9493300.0,154.63499450683594
2026-02-25,6946.1298828125,5328060000.0,17.93000030517578,5226.2001953125,110992.0,95.1103973388672,8762700.0,155.8800048828125
2026-02-26,6908.85986328125,5889550000.0,18.6299991607666,5194.2001953125,131633.0,95.36443328857422,8177300.0,156.1999969482422
2026-02-27,6878.8798828125,6665660000.0,19.86000061035156,5247.89990234375,151664.0,95.7455062866211,9970300.0,155.85899353027344
2026-03-02,6881.6201171875,6079080000.0,21.440000534057617,5311.60009765625,227839.0,95.17029571533205,17709600.0,156.63299560546875
2026-03-03,6816.6298828125,6442080000.0,23.56999969482422,5123.7001953125,273216.0,95.06250762939452,13708500.0,157.2570037841797
2026-03-04,6869.5,5252170000.0,21.149999618530277,5134.7001953125,146885.0,94.86651611328124,12535500.0,157.7729949951172
2026-03-05,6830.7099609375,5989300000.0,23.75,5078.7001953125,151852.0,94.57254028320312,12599700.0,156.98300170898438
2026-03-06,6740.02001953125,5793120000.0,29.489999771118164,5158.7001953125,160268.0,94.51374053955078,12758200.0,157.53399658203125
2026-03-09,6795.990234375,6709410000.0,25.5,5103.7001953125,181749.0,94.80770874023438,12134400.0,158.427001953125
2026-03-10,6781.47998046875,5944950000.0,24.93000030517578,5242.10009765625,179577.0,94.5039520263672,10571300.0,157.84800720214844
2026-03-11,6775.7998046875,5511090000.0,24.229999542236328,5179.10009765625,140336.0,94.07278442382812,12197600.0,158.11399841308594
2026-03-12,6672.6201171875,6292170000.0,27.290000915527344,5125.7998046875,153533.0,93.76900482177734,11401400.0,159.0749969482422
2026-03-13,6632.18994140625,5337120000.0,27.190000534057617,5061.7001953125,160333.0,93.67100524902344,11839700.0,159.20599365234375
2026-03-16,6699.3798828125,5176290000.0,23.51000022888184,5002.2001953125,170909.0,94.09236907958984,9092100.0,159.5679931640625
2026-03-17,6716.08984375,5063390000.0,22.3700008392334,5008.2001953125,119419.0,94.25896453857422,7209700.0,159.10499572753906
2026-03-18,6624.7001953125,5275480000.0,25.09000015258789,4896.2001953125,217316.0,93.82779693603516,13048700.0,158.88900756835938
2026-03-19,6606.490234375,5973390000.0,24.059999465942383,4605.7001953125,303828.0,93.81797790527344,18464600.0,159.7949981689453
2026-03-20,6506.47998046875,10025820000.0,26.780000686645508,4574.89990234375,226870.0,92.97525787353516,20761500.0,157.9239959716797
2026-03-23,6581.0,6020650000.0,26.149999618530277,4407.2998046875,398666.0,93.2692413330078,28336300.0,159.23399353027344
2026-03-24,6556.3701171875,5278580000.0,26.950000762939453,4402.0,209745.0,92.95565795898438,19785600.0,158.47900390625
2026-03-25,6591.89990234375,4936720000.0,25.32999992370605,4552.2998046875,245178.0,93.44563293457033,15939200.0,158.71800231933594
2026-03-26,6477.16015625,4845560000.0,27.440000534057617,4376.2998046875,247440.0,92.69107818603516,12897300.0,159.38400268554688
2026-03-27,6368.85009765625,5303490000.0,31.049999237060547,4492.5,74348.0,92.70087432861328,11401900.0,159.70399475097656
2026-03-30,6343.72021484375,5458640000.0,30.61000061035156,4526.0,10816.0,93.35742950439452,15430000.0,160.23399353027344
2026-03-31,6528.52001953125,6396100000.0,25.25,4647.60009765625,176389.0,93.52401733398438,18649700.0,159.84100341796875
2026-04-01,6575.31982421875,5637260000.0,24.540000915527344,4813.10009765625,166758.0,93.4424057006836,13557600.0,158.57899475097656
2026-04-02,6582.68994140625,4740740000.0,23.8700008392334,4679.7001953125,0.0,93.6587142944336,13171300.0,158.68800354003906
2026-04-06,6611.830078125,3906440000.0,24.170000076293945,4684.7001953125,89405.0,93.41291809082033,6104900.0,159.77999877929688
2026-04-07,6616.85009765625,4555680000.0,25.780000686645508,4684.7001953125,145711.0,93.6488800048828,6737500.0,159.68299865722656
2026-04-08,6782.81005859375,5904880000.0,21.040000915527344,4777.2001953125,215119.0,93.85535430908205,12107400.0,158.71600341796875
2026-04-09,6824.66015625,4912410000.0,19.489999771118164,4818.0,133629.0,93.82586669921876,11065900.0,158.64199829101562
2026-04-10,6816.89013671875,4393220000.0,19.229999542236328,4787.39990234375,121566.0,93.66854095458984,4404800.0,159.11199951171875
2026-04-13,6886.240234375,4785840000.0,19.1200008392334,4767.39990234375,127322.0,93.87500762939452,4300200.0,159.67999267578125
2026-04-14,6967.3798828125,5032380000.0,18.36000061035156,4850.10009765625,129586.0,94.1798095703125,5239800.0,159.21400451660156
2026-04-15,7022.9501953125,5278610000.0,18.170000076293945,4823.60009765625,106707.0,93.9733428955078,5592900.0,158.79200744628906
2026-04-16,7041.27978515625,5173650000.0,17.940000534057617,4808.2998046875,108864.0,93.8061981201172,6618900.0,158.8090057373047
2026-04-17,7126.06005859375,6145300000.0,17.479999542236328,4879.60009765625,135440.0,94.31745147705078,6912900.0,159.19500732421875
2026-04-20,7109.14013671875,4661130000.0,18.8700008392334,4828.7998046875,123214.0,94.22896575927734,3868800.0,159.16099548339844
2026-04-21,7064.009765625,5160270000.0,19.5,4719.60009765625,177092.0,93.8160171508789,4872900.0,158.843994140625
2026-04-22,7137.89990234375,4919460000.0,18.920000076293945,4753.0,100063.0,93.91434478759766,4121400.0,159.3730010986328
2026-04-23,7108.39990234375,5307260000.0,19.309999465942383,4724.0,153536.0,93.7668685913086,6795600.0,159.48800659179688
2026-04-24,7165.080078125,4608830000.0,18.709999084472656,4740.89990234375,103218.0,93.95366668701172,5490000.0,159.7469940185547
2026-04-27,7173.91015625,4783750000.0,18.020000457763672,4693.7001953125,85748.0,93.73736572265624,4055500.0,159.5760040283203
2026-04-28,7138.7998046875,4900650000.0,17.829999923706055,4608.39990234375,144757.0,93.6488800048828,4867700.0,159.35699462890625
2026-04-29,7135.9501953125,5123100000.0,18.809999465942383,4561.5,126415.0,93.20643615722656,7200300.0,159.552001953125
2026-04-30,7209.009765625,5723790000.0,16.889999389648438,4629.60009765625,119642.0,93.3834228515625,10382400.0,160.1840057373047
2026-05-01,7230.1201171875,4847390000.0,16.989999771118164,4644.5,93230.0,93.45443725585938,5359200.0,156.97799682617188
2026-05-04,7200.75,5215480000.0,18.290000915527344,4533.2998046875,117006.0,93.10919189453124,6593900.0,156.8459930419922
2026-05-05,7259.22021484375,5279760000.0,17.3799991607666,4568.5,88281.0,93.2472915649414,11281600.0,157.19400024414062
2026-05-06,7365.1201171875,6579640000.0,17.389999389648438,4694.2998046875,160439.0,93.7109146118164,9031100.0,157.677001953125
2026-05-07,7337.10986328125,6237040000.0,17.079999923706055,4710.89990234375,159525.0,93.4248504638672,5610100.0,156.50799560546875
2026-05-08,7398.93017578125,5302740000.0,17.190000534057617,4730.7001953125,122010.0,93.67147064208984,3215100.0,156.82899475097656
2026-05-11,7412.83984375,5821910000.0,18.3799991607666,4728.7001953125,147404.0,93.35580444335938,4025400.0,156.85800170898438
2026-05-12,7400.9599609375,5624790000.0,17.989999771118164,4686.7001953125,146315.0,93.04014587402344,5686700.0,157.2310028076172
2026-05-13,7444.25,5716600000.0,17.8700008392334,4706.7001953125,120048.0,93.04014587402344,3459200.0,157.67100524902344
2026-05-14,7501.240234375,5267050000.0,17.260000228881836,4685.2998046875,102965.0,92.98096466064452,5167300.0,157.8509979248047
2026-05-15,7408.5,5582070000.0,18.43000030517578,4561.89990234375,169760.0,92.24114990234376,12498700.0,158.3820037841797
2026-05-18,7403.0498046875,5489500000.0,17.81999969482422,4558.0,151971.0,92.2016830444336,8422900.0,158.843994140625
2026-05-19,7353.60986328125,5441140000.0,18.059999465942383,4511.2001953125,140957.0,91.84656524658205,10069800.0,158.86099243164062
2026-05-20,7432.97021484375,5384150000.0,17.440000534057617,4535.2998046875,152270.0,92.46800994873048,14892500.0,159.03500366210938
2026-05-21,7445.72021484375,5440620000.0,16.760000228881836,4542.5,153243.0,92.52720642089844,7762000.0,158.88800048828125
2026-05-22,7473.47021484375,4952440000.0,16.700000762939453,4523.2001953125,108508.0,92.60611724853516,6321900.0,159.01800537109375
2026-05-26,7519.1201171875,5496060000.0,17.010000228881836,4502.2998046875,254516.0,93.00069427490234,5494400.0,158.95399475097656
2026-05-27,7520.35986328125,5524250000.0,16.290000915527344,4448.39990234375,81062.0,93.04014587402344,5958800.0,159.2429962158203
2026-05-28,7563.6298828125,5494860000.0,15.739999771118164,4499.2998046875,153472.0,93.25716400146484,5938300.0,159.5679931640625
2026-05-29,7580.06005859375,7858290000.0,15.31999969482422,4593.0,133439.0,93.36566162109376,9639700.0,159.27000427246094
2026-06-01,7599.9599609375,6583960000.0,16.049999237060547,4506.2998046875,116787.0,93.20433807373048,8054100.0,159.35299682617188
2026-06-02,7609.77978515625,5904410000.0,15.770000457763672,4519.89990234375,100306.0,93.27362060546876,15426600.0,159.63600158691406
2026-06-03,7553.68017578125,5753860000.0,16.059999465942383,4466.89990234375,106691.0,93.03607940673828,7056500.0,159.96800231933594
2026-06-04,7584.31005859375,5398910000.0,15.399999618530272,4505.0,109643.0,93.15485382080078,4417900.0,159.94000244140625
2026-06-05,7383.740234375,5591290000.0,21.51000022888184,4365.2998046875,179306.0,92.65998077392578,9880800.0,159.99000549316406
2026-06-08,7405.72998046875,4898180000.0,18.920000076293945,4363.39990234375,144089.0,92.56099700927734,5352200.0,160.32699584960938
2026-06-09,7386.64990234375,6006390000.0,19.8700008392334,4286.39990234375,138100.0,92.8183364868164,8007300.0,160.1739959716797
2026-06-10,7266.990234375,5247300000.0,22.21999931335449,4133.2998046875,206026.0,92.7292709350586,5804900.0,160.38400268554688
2026-06-11,7394.2998046875,5658920000.0,19.440000534057617,4114.0,206270.0,93.37259674072266,11281600.0,160.52699279785156
2026-06-12,7431.4599609375,4950530000.0,17.68000030517578,4238.7998046875,136146.0,93.21424102783205,8861800.0,160.1300048828125
2026-06-15,7554.2900390625,5674670000.0,16.200000762939453,4351.60009765625,132136.0,93.31321716308594,3787600.0,159.9550018310547
2026-06-16,7511.35009765625,5286210000.0,16.40999984741211,4354.39990234375,89925.0,93.55075073242188,4675000.0,160.22900390625
2026-06-17,7420.10009765625,5883740000.0,18.440000534057617,4381.39990234375,160543.0,93.05587768554688,11508300.0,160.41900634765625
2026-06-18,7500.580078125,9061110000.0,16.399999618530273,4245.89990234375,139534.0,93.39238739013672,6836500.0,160.60000610351562
2026-06-22,7472.7900390625,5976740000.0,17.280000686645508,4202.7001953125,177657.0,93.03607940673828,4572200.0,161.43299865722656
2026-06-23,7365.4599609375,5640530000.0,19.489999771118164,4149.39990234375,118495.0,93.15485382080078,6504600.0,161.57000732421875
2026-06-24,7358.22021484375,5994860000.0,18.6299991607666,4008.800048828125,189386.0,93.75860595703124,5179800.0,161.5989990234375
2026-06-25,7357.490234375,5565760000.0,18.88999938964844,4047.60009765625,147347.0,93.81798553466795,5630500.0,161.76300048828125
2026-06-26,7354.02001953125,9105600000.0,18.40999984741211,4096.2998046875,118966.0,94.0555191040039,5584100.0,161.80499267578125
2026-06-29,7440.43017578125,5794570000.0,17.649999618530273,4038.89990234375,107421.0,94.085205078125,5901500.0,161.78700256347656
2026-06-30,7499.35986328125,6037540000.0,16.450000762939453,4038.5,125413.0,93.60023498535156,8034000.0,161.92300415039062
2026-07-01,7483.22998046875,5782730000.0,16.59000015258789,4082.39990234375,146949.0,93.37284088134766,7890500.0,162.6280059814453
2026-07-02,7483.240234375,5463520000.0,16.149999618530273,4125.7001953125,0.0,93.46221160888672,7605500.0,162.53900146484375
2026-07-06,7537.43017578125,4971110000.0,15.56999969482422,4167.5,147556.0,93.52178955078124,4600500.0,161.45199584960938
2026-07-07,7503.85009765625,5049590000.0,16.1299991607666,4157.39990234375,110330.0,93.0451431274414,5813600.0,162.08799743652344
2026-07-08,7482.7099609375,5102020000.0,16.899999618530273,4082.39990234375,170826.0,92.85647583007812,5509600.0,162.36300659179688
2026-07-09,7543.64013671875,4442950000.0,15.84000015258789,4140.7998046875,125061.0,93.05506896972656,3223100.0,162.53900146484375
2026-07-10,7575.39013671875,4006370000.0,15.029999732971191,4113.7001953125,98745.0,92.9756317138672,6507600.0,162.36300659179688
2026-07-13,7515.33984375,4729990000.0,17.15999984741211,4005.699951171875,154814.0,92.63801574707033,5769700.0,161.8780059814453
2026-07-14,7543.58984375,4836950000.0,16.5,4069.699951171875,151122.0,92.8961944580078,5315900.0,162.4290008544922
2026-07-15,7572.39990234375,5236550000.0,15.670000076293944,4051.800048828125,113034.0,93.12458038330078,6735500.0,162.18699645996094
2026-07-16,7533.77001953125,5365300000.0,16.729999542236328,3992.10009765625,125063.0,93.06501007080078,4841200.0,162.07200622558594
2026-07-17,7457.68994140625,5303290000.0,18.770000457763672,4018.800048828125,112279.0,93.18415832519533,7561300.0,162.37600708007812
2026-07-20,7443.27978515625,5152910000.0,18.649999618530277,4015.89990234375,102847.0,92.88626861572266,3784800.0,162.51199340820312
2026-07-21,7509.2001953125,5149030000.0,17.049999237060547,4076.39990234375,119957.0,92.65786743164062,2786200.0,162.48699951171875
2026-07-22,7498.9599609375,4890390000.0,16.639999389648438,4151.89990234375,132783.0,92.44933319091795,3428200.0,163.18600463867188
2026-07-23,7408.2998046875,5515210000.0,18.700000762939453,4050.199951171875,159889.0,92.20108032226562,5002200.0,163.08099365234375
2026-07-24,7411.97998046875,4860620000.0,18.57999992370605,4070.800048828125,120072.0,92.37982177734376,5092700.0,163.83200073242188
2026-07-27,7413.18017578125,5038290000.0,18.670000076293945,4077.0,135087.0,92.6280746459961,4046300.0,163.61099243164062
2026-07-28,7428.77978515625,5590890000.0,18.209999084472656,4038.699951171875,167757.0,92.90612030029295,3320700.0,163.77099609375
2026-07-29,7316.14990234375,5836350000.0,20.65999984741211,4036.300048828125,89664.0,92.51885223388672,5391000.0,163.86399841308594
2026-07-30,7437.6298828125,5594430000.0,17.09000015258789,4100.10009765625,149370.0,92.5585708618164,3973000.0,163.3000030517578
2026-07-31,7489.72021484375,5391020000.0,15.989999771118164,4107.0,110633.0,92.30038452148438,8490100.0,160.18299865722656
2026-08-03,7600.5,5201470000.0,15.859999656677246,4090.5,93289.0,92.48770904541016,5758500.0,157.58200073242188
2026-08-04,7736.52001953125,5906940000.0,16.5,4152.60009765625,118831.0,92.91617584228516,5461600.0,157.5290069580078
2026-08-05,7723.5498046875,5615640000.0,15.8100004196167,4305.2001953125,211902.0,92.9759521484375,5609200.0,157.69200134277344
2026-08-06,7709.9599609375,5330830000.0,15.149999618530272,4299.60009765625,167624.0,92.61724090576172,4831900.0,157.60000610351562
2026-08-07,7757.64013671875,5019970000.0,14.899999618530272,4399.7001953125,190635.0,92.83645629882812,55016600.0,158.40899658203125
2026-08-10,7753.10986328125,4879540000.0,15.460000038146973,4419.7001953125,118606.0,92.4279327392578,8610100.0,157.89100646972656
2026-08-11,7728.2001953125,4739500000.0,15.279999732971191,4441.10009765625,138129.0,92.53753662109376,5052200.0,159.156005859375
2026-08-12,7748.5,4574170000.0,14.550000190734863,4467.5,153093.0,92.62721252441406,4810300.0,159.26499938964844
2026-08-13,7798.990234375,4833230000.0,14.630000114440918,4420.39990234375,139219.0,92.96599578857422,7637900.0,159.3280029296875
2026-08-14,7785.759765625,4159900000.0,14.25,4437.2998046875,126955.0,92.70692443847656,4659900.0,159.42599487304688
2026-08-17,7745.06005859375,4452630000.0,15.1899995803833,4473.7001953125,121052.0,92.50763702392578,4755400.0,159.22300720214844
2026-08-18,7691.759765625,4602700000.0,15.84000015258789,4420.60009765625,131150.0,92.59732055664062,6312600.0,159.33999633789062
2026-08-19,7707.97998046875,5184100000.0,14.890000343322754,4545.2998046875,250482.0,93.04570770263672,7762300.0,159.5500030517578
2026-08-20,7641.16015625,4759610000.0,16.010000228881836,4571.39990234375,186475.0,92.66706848144533,4956800.0,158.2760009765625
2026-08-21,7674.3701171875,4497270000.0,15.130000114440918,4680.60009765625,195566.0,92.48770904541016,4508700.0,158.88299560546875
2026-08-24,7652.85986328125,4400800000.0,15.850000381469728,4697.7998046875,206802.0,92.67703247070312,5809600.0,158.9040069580078
2026-08-25,7677.27978515625,4260240000.0,15.449999809265137,4694.5,176784.0,93.1752471923828,7753500.0,159.13900756835938
2026-08-26,7675.7001953125,4100600000.0,15.210000038146973,4653.2998046875,151459.0,92.98592376708984,5671200.0,159.22300720214844
2026-08-27,7730.990234375,4362240000.0,14.510000228881836,4664.0,140302.0,92.89624786376952,10555700.0,159.2550048828125
2026-08-28,7711.759765625,4297560000.0,14.43000030517578,4529.89990234375,274603.0,92.5176010131836,8008400.0,159.3209991455078
2026-08-31,7686.14013671875,5386090000.0,14.920000076293944,4481.5,152216.0,92.40799713134766,8136100.0,160.1219940185547
2026-09-01,7631.47021484375,4858180000.0,16.34000015258789,4396.39990234375,198560.0,92.0999984741211,8030400.0,159.7469940185547
2026-09-02,7666.60009765625,4738910000.0,15.199999809265137,4414.60009765625,187568.0,92.18000030517578,6075800.0,160.1959991455078
2026-09-03,7747.7099609375,4726400000.0,14.31999969482422,4539.89990234375,209167.0,92.27999877929688,7194800.0,158.92300415039062
2026-09-04,7718.60009765625,4103570000.0,14.529999732971191,4476.60009765625,189656.0,92.25,3011600.0,155.66000366210938
2026-09-08,7673.52001953125,4966930000.0,15.720000267028809,4439.0,217162.0,92.16000366210938,3481200.0,153.85499572753906
2026-09-09,7636.35986328125,4896940000.0,16.459999084472656,4460.7001953125,164390.0,91.9000015258789,5440600.0,153.47799682617188
2026-09-10,7591.7001953125,4893500000.0,17.84000015258789,4407.2998046875,201300.0,91.18000030517578,9840800.0,153.572998046875
2026-09-11,7656.97998046875,4722480000.0,15.84000015258789,4408.89990234375,187975.0,91.01000213623048,8728500.0,154.48199462890625
2026-09-14,7619.97998046875,4963750000.0,17.100000381469727,4351.89990234375,164499.0,90.93000030517578,8884700.0,153.4239959716797
2026-09-15,7585.72998046875,5154930000.0,17.200000762939453,4332.7998046875,164499.0,90.81999969482422,9403700.0,154.38499450683594
