Date,SP500_Close,SP500_Volume,VIX_Close,Gold_Close,Gold_Volume,IEF_Close,IEF_Volume,JPY_Close
2023-01-03,3824.139892578125,3959140000.0,22.899999618530273,1839.699951171875,29.0,85.13858795166016,6808300.0,130.79400634765625
2023-01-04,3852.969970703125,4414080000.0,22.010000228881836,1852.800048828125,25.0,85.7912368774414,7800100.0,131.2480010986328
2023-01-05,3808.10009765625,3893450000.0,22.459999084472656,1834.800048828125,24.0,85.66777038574219,3177900.0,132.24600219726562
2023-01-06,3895.080078125,3923560000.0,21.1299991607666,1864.199951171875,26.0,86.77025604248047,6807700.0,133.3070068359375
2023-01-09,3892.090087890625,4311770000.0,21.969999313354492,1872.699951171875,62.0,86.99076080322266,4988000.0,131.86199951171875
2023-01-10,3919.25,3851030000.0,20.579999923706055,1871.5999755859375,101.0,86.44393157958984,4026900.0,131.72900390625
2023-01-11,3969.610107421875,4303360000.0,21.09000015258789,1874.5999755859375,1236.0,86.99960327148438,7118700.0,132.1009979248047
2023-01-12,3983.169921875,4440260000.0,18.829999923706055,1895.5,59.0,87.77570343017578,5768000.0,131.90199279785156
2023-01-13,3999.090087890625,3939700000.0,18.350000381469727,1918.4000244140625,512.0,87.30828857421875,5573500.0,129.1719970703125
2023-01-17,3990.969970703125,4235560000.0,19.360000610351562,1907.199951171875,706.0,87.03487396240234,3709000.0,128.3209991455078
2023-01-18,3928.860107421875,4298710000.0,20.34000015258789,1904.4000244140625,1027.0,88.21675109863281,7926400.0,128.281005859375
2023-01-19,3898.85009765625,3991500000.0,20.520000457763672,1922.0999755859375,371.0,88.04916381835938,4234100.0,128.53900146484375
2023-01-20,3972.610107421875,4013360000.0,19.850000381469727,1926.4000244140625,1346.0,87.4670181274414,8822700.0,128.3699951171875
2023-01-23,4019.81005859375,3945210000.0,19.809999465942383,1927.0999755859375,218.0,87.18482971191406,4334900.0,129.35400390625
2023-01-24,4016.949951171875,3320430000.0,19.200000762939453,1933.9000244140625,201.0,87.68755340576172,3540300.0,130.5970001220703
2023-01-25,4016.219970703125,3724020000.0,19.079999923706055,1941.199951171875,7.0,87.78453063964844,2924700.0,130.23899841308594
2023-01-26,4060.429931640625,3809590000.0,18.729999542236328,1929.0999755859375,131.0,87.4670181274414,2875400.0,129.23699951171875
2023-01-27,4070.56005859375,3907760000.0,18.510000228881836,1928.5999755859375,150902.0,87.3347396850586,5524100.0,129.8000030517578
2023-01-30,4017.77001953125,3802000000.0,19.940000534057617,1922.9000244140625,27220.0,87.06131744384766,2584600.0,129.85400390625
2023-01-31,4076.60009765625,4679320000.0,19.399999618530273,1929.5,1910.0,87.50233459472656,4856400.0,130.47900390625
2023-02-01,4119.2099609375,4856930000.0,17.8700008392334,1927.800048828125,2290.0,88.13164520263672,20159100.0,130.11000061035156
2023-02-02,4179.759765625,5624360000.0,18.729999542236328,1916.300048828125,748.0,88.09626007080078,5823000.0,128.6219940185547
2023-02-03,4136.47998046875,4694510000.0,18.329999923706055,1862.9000244140625,992.0,87.15050506591797,5267000.0,128.74600219726562
2023-02-06,4111.080078125,4114240000.0,19.43000030517578,1866.199951171875,424.0,86.39926147460938,5500400.0,132.00900268554688
2023-02-07,4164.0,4355860000.0,18.65999984741211,1871.699951171875,297.0,86.18711853027344,5678900.0,132.6230010986328
2023-02-08,4117.85986328125,4029820000.0,19.6299991607666,1877.4000244140625,230.0,86.50532531738281,6137600.0,131.04200744628906
2023-02-09,4081.5,4270200000.0,20.709999084472656,1866.199951171875,223.0,86.11640167236328,7358300.0,131.38699340820312
2023-02-10,4090.4599609375,3891520000.0,20.530000686645508,1862.800048828125,27.0,85.70094299316406,5290000.0,131.5189971923828
2023-02-13,4137.2900390625,3448620000.0,20.34000015258789,1851.9000244140625,569.0,85.90426635742188,17262300.0,131.55099487304688
2023-02-14,4136.1298828125,3929200000.0,18.90999984741211,1854.0,656.0,85.51535034179688,7133600.0,132.33700561523438
2023-02-15,4147.60009765625,4075980000.0,18.229999542236328,1834.199951171875,368.0,85.25901794433594,4964700.0,132.99099731445312
2023-02-16,4090.409912109375,4143660000.0,20.170000076293945,1842.0,222.0,84.97616577148438,27126400.0,133.9029998779297
2023-02-17,4079.090087890625,4045480000.0,20.020000457763672,1840.4000244140625,35.0,85.21484375,4540500.0,134.07400512695312
2023-02-21,3997.340087890625,4121590000.0,22.8700008392334,1833.0,862.0,84.28677368164062,11382100.0,134.33599853515625
2023-02-22,3991.050048828125,4079320000.0,22.290000915527344,1832.0,278.0,84.43700408935547,30136400.0,134.9759979248047
2023-02-23,4012.320068359375,3952940000.0,21.139999389648438,1818.0,291.0,84.76405334472656,7059800.0,134.9320068359375
2023-02-24,3970.0400390625,3877700000.0,21.670000076293945,1808.800048828125,404.0,84.25141906738281,10757200.0,134.6280059814453
2023-02-27,3982.239990234375,3836950000.0,20.950000762939453,1817.0,829.0,84.50772857666016,3693200.0,136.39500427246094
2023-02-28,3970.14990234375,5043400000.0,20.700000762939453,1828.9000244140625,618.0,84.64031982421875,4690000.0,136.31700134277344
2023-03-01,3951.389892578125,4249480000.0,20.579999923706055,1837.699951171875,211.0,83.9636459350586,8328600.0,136.34800720214844
2023-03-02,3981.35009765625,4244900000.0,19.59000015258789,1833.5,154.0,83.61822509765625,12952800.0,136.19400024414062
2023-03-03,4045.639892578125,4084730000.0,18.489999771118164,1847.699951171875,61.0,84.2913589477539,5696900.0,136.7050018310547
2023-03-06,4048.419921875,4000870000.0,18.610000610351562,1847.9000244140625,5.0,84.14080047607422,3766400.0,135.86000061035156
2023-03-07,3986.3701171875,3922500000.0,19.59000015258789,1813.9000244140625,450.0,84.149658203125,5053300.0,135.99899291992188
2023-03-08,3992.010009765625,3535570000.0,19.110000610351562,1812.699951171875,75.0,84.1230697631836,5163500.0,137.39100646972656
2023-03-09,3918.320068359375,4445260000.0,22.610000610351562,1829.300048828125,332.0,84.64561462402344,12498800.0,137.2259979248047
2023-03-10,3861.590087890625,5518190000.0,24.799999237060547,1862.0,248.0,86.2044448852539,11041300.0,136.39500427246094
2023-03-13,3855.760009765625,6558020000.0,26.520000457763672,1911.699951171875,503.0,87.24958038330078,23930600.0,134.97999572753906
2023-03-14,3919.2900390625,5665870000.0,23.729999542236328,1906.199951171875,107.0,86.42588806152344,47886700.0,133.11399841308594
2023-03-15,3891.929931640625,6594010000.0,26.139999389648438,1926.5999755859375,564.0,87.67472839355469,25157400.0,134.39700317382812
2023-03-16,3960.280029296875,5695790000.0,22.989999771118164,1919.0,394.0,86.88642883300781,13961000.0,132.9290008544922
2023-03-17,3916.639892578125,9354280000.0,25.510000228881836,1969.800048828125,82.0,87.91385650634766,12293700.0,133.3679962158203
2023-03-20,3951.570068359375,5347140000.0,24.149999618530273,1979.199951171875,389.0,87.55956268310547,7982400.0,132.28399658203125
2023-03-21,4002.8701171875,4920240000.0,21.3799991607666,1938.0,47.0,86.79784393310547,9851600.0,131.39199829101562
2023-03-22,3936.969970703125,4533010000.0,22.260000228881836,1946.800048828125,50.0,87.94039916992188,10705200.0,132.34800720214844
2023-03-23,3948.719970703125,4991600000.0,22.610000610351562,1993.800048828125,33.0,88.44524383544922,7118800.0,131.1790008544922
2023-03-24,3970.989990234375,4583970000.0,21.739999771118164,1982.0999755859375,19.0,88.47183990478516,9135800.0,130.86500549316406
2023-03-27,3977.530029296875,4233540000.0,20.600000381469727,1952.4000244140625,877.0,87.38241577148438,8284400.0,130.8459930419922
2023-03-28,3971.27001953125,4014600000.0,19.969999313354492,1972.4000244140625,21.0,87.32927703857422,13324800.0,131.23300170898438
2023-03-29,4027.81005859375,4145250000.0,19.1200008392334,1966.0999755859375,88563.0,87.1786880493164,13404700.0,131.04600524902344
2023-03-30,4050.830078125,3930860000.0,19.020000457763672,1980.300048828125,10119.0,87.31155395507812,4157500.0,132.5760040283203
2023-03-31,4109.31005859375,4525120000.0,18.700000762939453,1969.0,957.0,87.78984069824219,6330100.0,133.2010040283203
2023-04-03,4124.509765625,4234700000.0,18.549999237060547,1983.9000244140625,737.0,88.20335388183594,7226600.0,133.3470001220703
2023-04-04,4100.60009765625,4227800000.0,19.0,2022.199951171875,811.0,88.77135467529297,6763200.0,132.2989959716797
2023-04-05,4090.3798828125,3968020000.0,19.079999923706055,2020.9000244140625,525.0,89.14409637451172,6257100.0,131.48500061035156
2023-04-06,4105.02001953125,3486690000.0,18.399999618530273,2011.9000244140625,0.0,89.17070770263672,4264700.0,130.9340057373047
2023-04-10,4109.10986328125,3423650000.0,18.969999313354492,1989.0999755859375,652.0,88.2921142578125,6025100.0,132.0970001220703
2023-04-11,4108.93994140625,3665830000.0,19.100000381469727,2004.800048828125,68.0,88.25662994384766,5459000.0,133.468994140625
2023-04-12,4091.949951171875,3633120000.0,19.09000015258789,2010.9000244140625,172.0,88.51397705078125,5857200.0,133.593994140625
2023-04-13,4146.22021484375,3596590000.0,17.799999237060547,2041.300048828125,1043.0,88.22115325927734,39858200.0,133.0850067138672
2023-04-14,4137.64013671875,3575690000.0,17.06999969482422,2002.199951171875,718.0,87.78633117675781,4968500.0,132.48699951171875
2023-04-17,4151.31982421875,3611180000.0,16.950000762939453,1994.199951171875,554.0,87.2271728515625,5681000.0,133.9709930419922
2023-04-18,4154.8701171875,3536640000.0,16.829999923706055,2007.4000244140625,72.0,87.36919403076172,5061300.0,134.4250030517578
2023-04-19,4154.52001953125,3572560000.0,16.459999084472656,1995.199951171875,61.0,87.18279266357422,4648100.0,134.04400634765625
2023-04-20,4129.7900390625,3772080000.0,17.170000076293945,2007.5999755859375,164.0,87.68868255615234,4608000.0,134.70399475097656
2023-04-21,4133.52001953125,3611750000.0,16.770000457763672,1979.5,132.0,87.47566223144531,5948100.0,133.99600219726562
2023-04-24,4137.0400390625,3290940000.0,16.889999389648438,1989.0999755859375,145.0,87.90166473388672,5143700.0,133.96099853515625
2023-04-25,4071.6298828125,3978640000.0,18.760000228881836,1994.0,306.0,88.77135467529297,13076800.0,134.08399963378906
2023-04-26,4055.989990234375,3837030000.0,18.84000015258789,1985.699951171875,615.0,88.42525482177734,5903000.0,133.71099853515625
2023-04-27,4135.35009765625,3750550000.0,17.030000686645508,1989.9000244140625,355.0,87.84840393066406,5065800.0,133.46499633789062
2023-04-28,4169.47998046875,4087800000.0,15.779999732971191,1990.0999755859375,152.0,88.50511932373047,8525900.0,133.802001953125
2023-05-01,4167.8701171875,3321370000.0,16.079999923706055,1983.4000244140625,210.0,87.46344757080078,17442000.0,136.38600158691406
2023-05-02,4119.580078125,4486130000.0,17.780000686645508,2014.300048828125,1896.0,88.60208129882812,8540700.0,137.52099609375
2023-05-03,4090.75,4246510000.0,18.34000015258789,2028.5999755859375,1349.0,89.18029022216797,9534800.0,136.46600341796875
2023-05-04,4061.219970703125,4920090000.0,20.09000015258789,2048.0,930.0,89.16253662109375,12014100.0,134.54400634765625
2023-05-05,4136.25,4186270000.0,17.190000534057617,2017.4000244140625,59.0,88.68214416503906,11254400.0,134.1790008544922
2023-05-08,4138.1201171875,3641640000.0,16.979999542236328,2026.300048828125,3.0,88.1395263671875,7022400.0,135.19900512695312
2023-05-09,4119.169921875,3810140000.0,17.709999084472656,2036.199951171875,241.0,88.0327377319336,7317200.0,135.072998046875
2023-05-10,4137.64013671875,4057160000.0,16.940000534057617,2030.5,248.0,88.6910400390625,9930800.0,135.28799438476562
2023-05-11,4130.6201171875,3752900000.0,16.93000030517578,2014.699951171875,90.0,89.02020263671875,5979600.0,134.08700561523438
2023-05-12,4124.080078125,3533740000.0,17.030000686645508,2014.5,115.0,88.4864501953125,5107300.0,134.4980010986328
2023-05-15,4136.27978515625,3562170000.0,17.1200008392334,2018.0,3.0,88.29071807861328,4459100.0,135.82200622558594
2023-05-16,4109.89990234375,3654200000.0,17.989999771118164,1988.4000244140625,49.0,88.0060806274414,7194000.0,136.0449981689453
2023-05-17,4158.77001953125,4039080000.0,16.8700008392334,1980.699951171875,13.0,87.72140502929688,5542600.0,136.42999267578125
2023-05-18,4198.0498046875,3980500000.0,16.049999237060547,1956.5,23.0,87.17874908447266,9448900.0,137.61399841308594
2023-05-19,4191.97998046875,4041900000.0,16.809999465942383,1978.699951171875,106.0,86.84961700439453,12923500.0,138.6199951171875
2023-05-22,4192.6298828125,3728520000.0,17.209999084472656,1974.800048828125,8.0,86.68948364257812,7034700.0,137.69200134277344
2023-05-23,4145.580078125,4155320000.0,18.530000686645508,1972.4000244140625,1.0,86.83185577392578,8264200.0,138.6719970703125
2023-05-24,4115.240234375,0.0,20.030000686645508,1962.800048828125,189.0,86.60942840576172,7415400.0,138.59800720214844
2023-05-25,4151.27978515625,4147760000.0,19.139999389648438,1943.0999755859375,1.0,86.06676483154297,11647700.0,139.2830047607422
2023-05-26,4205.4501953125,3715460000.0,17.950000762939453,1944.0999755859375,166036.0,86.22691345214844,7408900.0,140.01699829101562
2023-05-30,4205.52001953125,4228510000.0,17.459999084472656,1958.0,37838.0,86.90299224853516,7883000.0,140.4409942626953
2023-05-31,4179.830078125,5980670000.0,17.940000534057617,1963.9000244140625,5959.0,87.23213195800781,10817900.0,139.79200744628906
2023-06-01,4221.02001953125,4391860000.0,15.649999618530273,1978.0,750.0,87.47467041015625,18161600.0,139.1269989013672
2023-06-02,4282.3701171875,4454200000.0,14.600000381469727,1952.4000244140625,356.0,86.77914428710938,7585400.0,138.7480010986328
2023-06-05,4273.7900390625,3813290000.0,14.729999542236328,1958.0,713.0,86.75240325927734,6243100.0,140.20700073242188
2023-06-06,4283.85009765625,3996560000.0,13.960000038146973,1965.5,164.0,86.805908203125,3986200.0,139.38299560546875
2023-06-07,4267.52001953125,4537800000.0,13.9399995803833,1942.699951171875,139.0,86.17280578613281,8226600.0,139.52699279785156
2023-06-08,4293.93017578125,3826740000.0,13.649999618530273,1963.5999755859375,433.0,86.75240325927734,5841900.0,139.8990020751953
2023-06-09,4298.85986328125,3786510000.0,13.829999923706055,1962.199951171875,49.0,86.44029998779297,6421900.0,138.86300659179688
2023-06-12,4338.93017578125,3945670000.0,15.010000228881836,1955.300048828125,212.0,86.58297729492188,5261700.0,139.37100219726562
2023-06-13,4369.009765625,4275400000.0,14.609999656677246,1944.5999755859375,343.0,85.96770477294922,9173500.0,139.4600067138672
2023-06-14,4372.58984375,4252110000.0,13.880000114440918,1955.300048828125,202.0,86.08365631103516,7704400.0,140.177001953125
2023-06-15,4425.83984375,4176690000.0,14.5,1957.800048828125,329.0,86.75240325927734,5959100.0,139.9770050048828
2023-06-16,4409.58984375,6848600000.0,13.539999961853027,1958.4000244140625,119.0,86.37787628173828,6538100.0,140.26800537109375
2023-06-20,4388.7099609375,4055790000.0,13.880000114440918,1935.5,193.0,86.63645935058594,5477300.0,141.8990020751953
2023-06-21,4365.68994140625,3709330000.0,13.199999809265137,1933.300048828125,557.0,86.71673583984375,5119600.0,141.3350067138672
2023-06-22,4381.89013671875,3511000000.0,12.90999984741211,1912.699951171875,237.0,86.226318359375,4102100.0,141.68800354003906
2023-06-23,4348.330078125,6053620000.0,13.4399995803833,1919.0999755859375,105.0,86.58297729492188,4112100.0,143.02999877929688
2023-06-26,4328.81982421875,3415030000.0,14.25,1923.699951171875,71.0,86.7969741821289,2976600.0,143.54100036621094
2023-06-27,4378.41015625,3573500000.0,13.739999771118164,1914.0,49.0,86.4937973022461,4752500.0,143.4600067138672
2023-06-28,4376.85986328125,3739330000.0,13.430000305175781,1912.300048828125,628.0,86.84158325195312,5257300.0,143.8820037841797
2023-06-29,4396.43994140625,3696660000.0,13.539999961853027,1909.199951171875,289.0,85.94989776611328,8268700.0,144.38900756835938
2023-06-30,4450.3798828125,3923450000.0,13.59000015258789,1921.0999755859375,445.0,86.13713836669922,7450600.0,144.77999877929688
2023-07-03,4455.58984375,2034280000.0,13.569999694824219,1921.699951171875,41.0,85.76351928710938,4687100.0,144.3979949951172
2023-07-05,4446.81982421875,3482620000.0,14.180000305175781,1919.5999755859375,193.0,85.35234069824219,10181200.0,144.406005859375
2023-07-06,4411.58984375,3682020000.0,15.4399995803833,1908.699951171875,81.0,84.65515899658203,9285100.0,144.48899841308594
2023-07-07,4398.9501953125,3630480000.0,14.829999923706055,1926.199951171875,61.0,84.54791259765625,6577600.0,143.9510040283203
2023-07-10,4409.52978515625,3429600000.0,15.069999694824219,1925.0,269.0,84.98587036132812,6622700.0,142.20899963378906
2023-07-11,4439.259765625,3624220000.0,14.84000015258789,1931.300048828125,142.0,85.16463470458984,6327100.0,141.2969970703125
2023-07-12,4472.16015625,3920290000.0,13.539999961853027,1956.199951171875,132.0,85.99591064453125,8255100.0,140.1179962158203
2023-07-13,4510.0400390625,3839530000.0,13.609999656677246,1959.199951171875,121.0,86.71097564697266,9742600.0,138.31500244140625
2023-07-14,4505.419921875,3647450000.0,13.34000015258789,1960.0999755859375,94.0,86.28192901611328,7491100.0,138.0749969482422
2023-07-17,4522.7900390625,3538240000.0,13.479999542236328,1952.4000244140625,29.0,86.42494201660156,3182400.0,138.6820068359375
2023-07-18,4554.97998046875,4090010000.0,13.300000190734863,1977.199951171875,83.0,86.52327728271484,3626500.0,138.72900390625
2023-07-19,4565.72021484375,4115670000.0,13.760000228881836,1977.5,35.0,86.8182373046875,5059300.0,139.02699279785156
2023-07-20,4534.8701171875,3761770000.0,13.989999771118164,1968.300048828125,638.0,86.12997436523438,9486600.0,139.59800720214844
2023-07-21,4536.33984375,3570190000.0,13.600000381469727,1964.300048828125,50.0,86.20146942138672,4560100.0,139.86399841308594
2023-07-24,4554.64013671875,3856250000.0,13.90999984741211,1960.300048828125,2.0,85.99591064453125,7451100.0,141.75
2023-07-25,4567.4599609375,3812470000.0,13.859999656677246,1962.0999755859375,19.0,85.83502197265625,4079300.0,141.52200317382812
2023-07-26,4566.75,3990290000.0,13.1899995803833,1968.9000244140625,51.0,86.12997436523438,4880100.0,140.91299438476562
2023-07-27,4537.41015625,4553210000.0,14.40999984741211,1945.4000244140625,194253.0,85.19146728515625,8522800.0,140.36700439453125
2023-07-28,4582.22998046875,3981010000.0,13.329999923706055,1960.4000244140625,23155.0,85.46854400634766,5794100.0,138.86399841308594
2023-07-31,4588.9599609375,4503600000.0,13.630000114440918,1970.5,1025.0,85.5757827758789,6347000.0,140.75799560546875
2023-08-01,4576.72998046875,4042370000.0,13.930000305175781,1940.699951171875,688.0,85.07576751708984,7714000.0,142.322998046875
2023-08-02,4513.39013671875,4270710000.0,16.09000015258789,1937.4000244140625,652.0,84.9054946899414,8009200.0,142.97000122070312
2023-08-03,4501.89013671875,4149120000.0,15.920000076293945,1932.0,773.0,84.27825164794922,11057900.0,143.343994140625
2023-08-04,4478.02978515625,4143310000.0,17.100000381469727,1939.5999755859375,290.0,85.1743392944336,10189900.0,142.59800720214844
2023-08-07,4518.43994140625,3493920000.0,15.770000457763672,1933.5,376.0,84.96824645996094,4007400.0,141.87600708007812
2023-08-08,4499.3798828125,3884910000.0,15.989999771118164,1924.0999755859375,555.0,85.39836883544922,5401400.0,142.5240020751953
2023-08-09,4467.7099609375,3803100000.0,15.960000038146973,1915.4000244140625,451.0,85.4521255493164,5317200.0,143.2779998779297
2023-08-10,4468.830078125,4504370000.0,15.850000381469727,1914.4000244140625,178.0,84.79798889160156,8462100.0,143.7270050048828
2023-08-11,4464.0498046875,3753290000.0,14.84000015258789,1912.9000244140625,57.0,84.34992218017578,5915000.0,144.85400390625
2023-08-14,4489.72021484375,3896410000.0,14.819999694824219,1910.5999755859375,46.0,84.21552276611328,6218400.0,144.81700134277344
2023-08-15,4437.85986328125,3832250000.0,16.459999084472656,1902.5,73.0,84.05422973632812,9602600.0,145.43699645996094
2023-08-16,4404.330078125,3753910000.0,16.780000686645508,1896.0999755859375,22.0,83.73160552978516,7199600.0,145.60800170898438
2023-08-17,4370.35986328125,3943700000.0,17.889999389648438,1884.0999755859375,245.0,83.62410736083984,9858300.0,146.33299255371094
2023-08-18,4369.7099609375,3940400000.0,17.299999237060547,1886.0999755859375,19.0,83.87498474121094,7510500.0,145.71400451660156
2023-08-21,4399.77001953125,3726850000.0,17.1299991607666,1893.300048828125,876.0,83.35525512695312,10864000.0,145.30499267578125
2023-08-22,4387.5498046875,3522760000.0,16.969999313354492,1896.4000244140625,46.0,83.39110565185547,6330500.0,146.23800659179688
2023-08-23,4436.009765625,3837270000.0,15.979999542236328,1918.5,547.0,84.29615783691406,8550500.0,145.76300048828125
2023-08-24,4376.31005859375,3723470000.0,17.200000762939453,1918.199951171875,337.0,83.98255157470703,5735800.0,144.67300415039062
2023-08-25,4405.7099609375,3296180000.0,15.680000305175781,1911.0999755859375,195.0,83.9556655883789,7895700.0,146.06700134277344
2023-08-28,4433.31005859375,2957230000.0,15.079999923706055,1917.9000244140625,99.0,84.18861389160156,3301700.0,146.531005859375
2023-08-29,4497.6298828125,3354820000.0,14.449999809265137,1936.5,1674.0,84.78902435302734,7064200.0,146.46400451660156
2023-08-30,4514.8701171875,3064110000.0,13.880000114440918,1944.300048828125,396.0,84.7800521850586,6346700.0,145.98800659179688
2023-08-31,4507.66015625,3946360000.0,13.569999694824219,1938.199951171875,491.0,84.95035552978516,6167300.0,146.0989990234375
2023-09-01,4515.77001953125,3246260000.0,13.09000015258789,1939.800048828125,167.0,84.43106842041016,7746600.0,145.47300720214844
2023-09-05,4496.830078125,3526250000.0,14.010000228881836,1926.199951171875,113.0,83.91897583007812,4993400.0,146.54299926757812
2023-09-06,4465.47998046875,3418850000.0,14.449999809265137,1918.0999755859375,24.0,83.7033462524414,7344100.0,147.4709930419922
2023-09-07,4451.14013671875,3763760000.0,14.399999618530273,1917.5,41.0,83.9908447265625,7137500.0,147.70899963378906
2023-09-08,4457.490234375,3259290000.0,13.84000015258789,1918.4000244140625,105.0,84.00879669189453,4648500.0,147.33099365234375
2023-09-11,4487.4599609375,3369920000.0,13.800000190734863,1923.300048828125,50.0,83.86505889892578,4321700.0,147.11300659179688
2023-09-12,4461.89990234375,3435740000.0,14.229999542236328,1911.300048828125,365.0,83.98184204101562,4998400.0,146.67799377441406
2023-09-13,4467.43994140625,3529430000.0,13.479999542236328,1909.0999755859375,15.0,84.08067321777344,6675400.0,147.1580047607422
2023-09-14,4505.10009765625,3648720000.0,12.819999694824219,1910.0,169.0,83.89201354980469,6421000.0,147.3459930419922
2023-09-15,4450.31982421875,6932230000.0,13.789999961853027,1923.699951171875,8.0,83.63148498535156,9367700.0,147.48199462890625
2023-09-18,4453.52978515625,3161230000.0,14.0,1931.5,19.0,83.71234130859375,4622200.0,147.8679962158203
2023-09-19,4443.9501953125,3614880000.0,14.109999656677246,1932.0,6.0,83.40689086914062,7536800.0,147.60499572753906
2023-09-20,4402.2001953125,3308450000.0,15.140000343322754,1945.5999755859375,119.0,83.3439712524414,10751800.0,147.74200439453125
2023-09-21,4330.0,3662340000.0,17.540000915527344,1919.199951171875,9.0,82.72411346435547,8702500.0,148.3209991455078
2023-09-22,4320.06005859375,3349570000.0,17.200000762939453,1925.4000244140625,1.0,83.04753112792969,8637800.0,147.6439971923828
2023-09-25,4337.43994140625,3195650000.0,16.899999618530273,1916.5999755859375,114.0,82.43661499023438,11712000.0,148.4340057373047
2023-09-26,4273.52978515625,3472340000.0,18.940000534057617,1900.4000244140625,161.0,82.40966033935547,8281800.0,148.81100463867188
2023-09-27,4274.509765625,3875880000.0,18.219999313354492,1871.5999755859375,12251.0,82.04132843017578,10586100.0,149.0449981689453
2023-09-28,4299.7001953125,3846230000.0,17.34000015258789,1860.4000244140625,4654.0,82.26591491699219,11654600.0,149.4980010986328
2023-09-29,4288.0498046875,3865960000.0,17.520000457763672,1848.0999755859375,1605.0,82.28388214111328,13488300.0,149.33700561523438
2023-10-02,4288.39013671875,3938660000.0,17.610000610351562,1830.0,2309.0,81.61641693115234,21010000.0,149.5399932861328
2023-10-03,4229.4501953125,3953830000.0,19.780000686645508,1824.5999755859375,310.0,80.94087219238281,21364700.0,149.8509979248047
2023-10-04,4263.75,3777600000.0,18.579999923706055,1818.5,357.0,81.45429992675781,14054000.0,149.19200134277344
2023-10-05,4258.18994140625,3581470000.0,18.489999771118164,1816.5999755859375,393.0,81.60742950439453,11315900.0,148.96600341796875
2023-10-06,4308.5,3902030000.0,17.450000762939453,1830.199951171875,390.0,81.13003540039062,12257100.0,148.46299743652344
2023-10-09,4335.66015625,3174630000.0,17.700000762939453,1849.5,232.0,82.16590881347656,5816700.0,149.16000366210938
2023-10-10,4358.240234375,3520240000.0,17.030000686645508,1861.0,236.0,82.00375366210938,11508300.0,148.32699584960938
2023-10-11,4376.9501953125,3601660000.0,16.09000015258789,1872.800048828125,65.0,82.45410919189453,14815800.0,148.6280059814453
2023-10-12,4349.60986328125,3713140000.0,16.690000534057617,1869.300048828125,46.0,81.66146850585938,12855900.0,149.03599548339844
2023-10-13,4327.77978515625,3566560000.0,19.31999969482422,1927.4000244140625,43.0,82.18391418457031,9872500.0,149.7899932861328
2023-10-16,4373.6298828125,3409960000.0,17.209999084472656,1921.0999755859375,53.0,81.69750213623047,7248000.0,149.5659942626953
2023-10-17,4373.2001953125,3794850000.0,17.8799991607666,1922.699951171875,103.0,80.89584350585938,11191600.0,149.5780029296875
2023-10-18,4314.60009765625,3686030000.0,19.219999313354492,1955.300048828125,67.0,80.51753234863281,13794200.0,149.75900268554688
2023-10-19,4278.0,3969730000.0,21.399999618530273,1968.4000244140625,1945.0,80.12120056152344,27116700.0,149.74200439453125
2023-10-20,4224.16015625,4004030000.0,21.709999084472656,1982.5,557.0,80.58961486816406,12587100.0,149.802001953125
2023-10-23,4217.0400390625,3776100000.0,20.3700008392334,1976.300048828125,127.0,80.96792602539062,12365000.0,149.8800048828125
2023-10-24,4247.68017578125,3821820000.0,18.969999313354492,1975.0,10.0,81.11203002929688,10906000.0,149.7689971923828
2023-10-25,4186.77001953125,3869370000.0,20.190000534057617,1984.0999755859375,97.0,80.40042877197266,15170200.0,149.85400390625
2023-10-26,4137.22998046875,4277640000.0,20.68000030517578,1987.199951171875,521.0,81.01294708251953,15901300.0,150.09800720214844
2023-10-27,4117.3701171875,4019500000.0,21.270000457763672,1988.5999755859375,372.0,81.1390609741211,11628200.0,150.36599731445312
2023-10-30,4166.81982421875,3911140000.0,19.75,1996.199951171875,157.0,80.86881256103516,11022500.0,149.73300170898438
2023-10-31,4193.7998046875,4249470000.0,18.139999389648438,1985.199951171875,84.0,80.69767761230469,11574700.0,149.11099243164062
2023-11-01,4237.85986328125,4224900000.0,16.8700008392334,1978.800048828125,41.0,81.62715148925781,22448900.0,151.29400634765625
2023-11-02,4317.77978515625,4669780000.0,15.65999984741211,1985.5999755859375,39.0,82.13297271728516,14046200.0,150.5749969482422
2023-11-03,4358.33984375,4570960000.0,14.90999984741211,1991.5,12.0,82.76522064208984,23133700.0,150.4969940185547
2023-11-06,4365.97998046875,3656340000.0,14.890000343322754,1981.5999755859375,130.0,82.28651428222656,11246700.0,149.44900512695312
2023-11-07,4378.3798828125,3791230000.0,14.8100004196167,1966.800048828125,20.0,82.75621032714844,13189400.0,149.98899841308594
2023-11-08,4382.77978515625,3729510000.0,14.449999809265137,1951.5,43.0,83.09041595458984,11117600.0,150.39599609375
2023-11-09,4347.35009765625,3900780000.0,15.289999961853027,1964.199951171875,10.0,82.26844787597656,17067900.0,150.86399841308594
2023-11-10,4415.240234375,3665080000.0,14.170000076293945,1932.5999755859375,375.0,82.3587646484375,10674700.0,151.3489990234375
2023-11-13,4411.5498046875,3326240000.0,14.760000228881836,1945.5,191.0,82.3135986328125,8930200.0,151.468994140625
2023-11-14,4495.7001953125,4700350000.0,14.15999984741211,1961.800048828125,2.0,83.55103302001953,14313600.0,151.64599609375
2023-11-15,4502.8798828125,4347170000.0,14.180000305175781,1960.0999755859375,6.0,82.90070343017578,12969400.0,150.48500061035156
2023-11-16,4508.240234375,3964520000.0,14.319999694824219,1983.9000244140625,39.0,83.52395629882812,10375600.0,151.21499633789062
2023-11-17,4514.02001953125,3777240000.0,13.800000190734863,1981.5999755859375,32.0,83.57815551757812,8462000.0,150.7050018310547
2023-11-20,4547.3798828125,3644790000.0,13.40999984741211,1977.699951171875,182.0,83.69557189941406,7481200.0,149.94200134277344
2023-11-21,4538.18994140625,3511080000.0,13.350000381469727,1999.300048828125,16.0,83.80394744873047,9153300.0,148.36199951171875
2023-11-22,4556.6201171875,3042810000.0,12.850000381469727,1991.4000244140625,6075.0,83.77687072753906,7255100.0,148.15199279785156
2023-11-24,4559.33984375,1639500000.0,12.460000038146973,2002.199951171875,63.0,83.34329986572266,4125800.0,149.63499450683594
2023-11-27,4550.43017578125,3403990000.0,12.6899995803833,2011.800048828125,228.0,83.97557830810547,9539800.0,149.5709991455078
2023-11-28,4554.89013671875,3586240000.0,12.6899995803833,2039.699951171875,174665.0,84.34591674804688,13563300.0,148.45199584960938
2023-11-29,4550.580078125,4418760000.0,12.979999542236328,2047.0999755859375,15290.0,84.78853607177734,19075400.0,147.06300354003906
2023-11-30,4567.7998046875,5399300000.0,12.920000076293945,2038.0999755859375,2506.0,84.37303161621094,18446700.0,147.03900146484375
2023-12-01,4594.6298828125,4397120000.0,12.630000114440918,2071.0,614.0,85.16910552978516,21393200.0,147.99899291992188
2023-12-04,4569.77978515625,4369910000.0,13.079999923706055,2024.0999755859375,1071.0,84.81588745117188,16402000.0,146.39300537109375
2023-12-05,4567.18017578125,3909950000.0,12.850000381469727,2018.5,289.0,85.41361236572266,25452100.0,147.32699584960938
2023-12-06,4549.33984375,4245680000.0,12.970000267028809,2030.5,417.0,85.76683044433594,14023400.0,147.18499755859375
2023-12-07,4585.58984375,3818880000.0,13.0600004196167,2029.9000244140625,67.0,85.64006042480469,13730100.0,147.1840057373047
2023-12-08,4604.3701171875,3707010000.0,12.350000381469727,1998.300048828125,449.0,85.08759307861328,13825300.0,144.2779998779297
2023-12-11,4622.43994140625,3823210000.0,12.630000114440918,1978.0,651.0,85.0966567993164,10484600.0,144.98300170898438
2023-12-12,4643.7001953125,3808380000.0,12.069999694824219,1977.800048828125,95.0,85.2778091430664,7248000.0,146.0850067138672
2023-12-13,4707.08984375,5063650000.0,12.1899995803833,1982.300048828125,2252.0,86.54570007324219,16155200.0,145.27999877929688
2023-12-14,4719.5498046875,6314040000.0,12.479999542236328,2030.199951171875,236.0,87.26513671875,32373200.0,142.7729949951172
2023-12-15,4719.18994140625,8218980000.0,12.279999732971191,2021.0999755859375,261.0,87.1924819946289,9407100.0,142.2790069580078
2023-12-18,4740.56005859375,4060340000.0,12.5600004196167,2026.300048828125,100.0,87.001708984375,8634100.0,142.31300354003906
2023-12-19,4768.3701171875,4026970000.0,12.529999732971191,2038.4000244140625,498.0,87.16522216796875,9047100.0,142.7220001220703
2023-12-20,4698.35009765625,4201320000.0,13.670000076293945,2034.5,258.0,87.59214782714844,12659100.0,143.88900756835938
2023-12-21,4746.75,3431180000.0,13.649999618530273,2039.0999755859375,228.0,87.45588684082031,8939700.0,143.5229949951172
2023-12-22,4754.6298828125,3046770000.0,13.029999732971191,2057.10009765625,202.0,87.37416076660156,4956400.0,142.07000732421875
2023-12-26,4774.75,2513910000.0,12.989999771118164,2058.199951171875,64.0,87.42864227294922,3342500.0,142.22999572753906
2023-12-27,4781.580078125,2748450000.0,12.430000305175781,2081.89990234375,586.0,88.10990905761719,7362400.0,142.46099853515625
2023-12-28,4783.35009765625,2698860000.0,12.470000267028809,2073.89990234375,338.0,87.77381134033203,4858500.0,141.3990020751953
2023-12-29,4769.830078125,3126060000.0,12.449999809265137,2062.39990234375,47.0,87.5558090209961,7820500.0,141.42999267578125
2024-01-02,4742.830078125,3743050000.0,13.199999809265137,2064.39990234375,61.0,87.22880554199219,9444000.0,141.12600708007812
2024-01-03,4704.81005859375,3950760000.0,14.039999961853027,2034.199951171875,54.0,87.43772888183594,11040500.0,142.15499877929688
2024-01-04,4688.68017578125,3715480000.0,14.130000114440918,2042.300048828125,88.0,86.91087341308594,7354800.0,142.99899291992188
2024-01-05,4697.240234375,3844370000.0,13.350000381469727,2042.4000244140625,12.0,86.59296417236328,10001000.0,144.76499938964844
2024-01-08,4763.5400390625,3742320000.0,13.079999923706055,2026.5999755859375,10.0,86.88363647460938,7044700.0,144.71600341796875
2024-01-09,4756.5,3529960000.0,12.760000228881836,2026.4000244140625,27.0,86.8472900390625,7360800.0,144.22999572753906
2024-01-10,4783.4501953125,3498680000.0,12.6899995803833,2021.699951171875,538.0,86.7110366821289,9212700.0,144.42799377441406
2024-01-11,4780.240234375,3759890000.0,12.4399995803833,2014.300048828125,97.0,87.17432403564453,10305400.0,145.73399353027344
2024-01-12,4783.830078125,3486340000.0,12.699999809265137,2046.699951171875,390.0,87.41050720214844,8469600.0,145.04600524902344
2024-01-16,4765.97998046875,4260550000.0,13.84000015258789,2026.0,46.0,86.70195007324219,9847100.0,145.79400634765625
2024-01-17,4739.2099609375,3928600000.0,14.789999961853027,2002.5999755859375,764.0,86.42037963867188,9170700.0,147.24600219726562
2024-01-18,4780.93994140625,4019000000.0,14.130000114440918,2018.5999755859375,1474.0,86.22960662841797,8910100.0,148.1179962158203
2024-01-19,4839.81005859375,4287200000.0,13.300000190734863,2026.5,50.0,86.23870849609375,17711100.0,148.1280059814453
2024-01-22,4850.43017578125,4297610000.0,13.1899995803833,2019.800048828125,12.0,86.50212097167969,9831500.0,148.12100219726562
2024-01-23,4864.60009765625,3912800000.0,12.550000190734863,2023.699951171875,15.0,86.28412628173828,6428600.0,148.14199829101562
2024-01-24,4868.5498046875,4330030000.0,13.140000343322754,2013.9000244140625,253.0,86.03886413574219,9718000.0,148.25100708007812
2024-01-25,4894.16015625,4020430000.0,13.449999809265137,2016.9000244140625,548.0,86.41128540039062,11588100.0,147.59100341796875
2024-01-26,4890.97021484375,3353400000.0,13.260000228881836,2016.800048828125,49.0,86.25687408447266,9134600.0,147.72300720214844
2024-01-29,4927.93017578125,3525160000.0,13.600000381469727,2025.199951171875,150708.0,86.77459716796875,6947500.0,148.13999938964844
2024-01-30,4924.97021484375,3836130000.0,13.3100004196167,2031.5,26907.0,86.89271545410156,7265800.0,147.46800231933594
2024-01-31,4845.64990234375,4696120000.0,14.350000381469727,2048.39990234375,2007.0,87.61940002441406,15778300.0,147.36900329589844
2024-02-01,4906.18994140625,4386090000.0,13.880000114440918,2053.0,947.0,88.16210174560547,33372900.0,146.99600219726562
2024-02-02,4958.60986328125,3974350000.0,13.850000381469727,2036.0999755859375,888.0,87.01473999023438,13809200.0,146.4510040283203
2024-02-05,4942.81005859375,4023640000.0,13.670000076293945,2025.699951171875,412.0,86.16791534423828,12147700.0,148.50100708007812
2024-02-06,4954.22998046875,4440880000.0,13.0600004196167,2034.5,249.0,86.63231658935547,9327000.0,148.63999938964844
2024-02-07,4995.06005859375,4895590000.0,12.829999923706055,2035.199951171875,71.0,86.47752380371094,8619800.0,147.8179931640625
2024-02-08,4997.91015625,4341860000.0,12.789999961853027,2032.199951171875,341.0,86.19522857666016,7808000.0,148.08599853515625
2024-02-09,5026.60986328125,3912990000.0,12.930000305175781,2023.300048828125,62.0,86.04044342041016,8492500.0,149.25900268554688
2024-02-12,5021.83984375,3805740000.0,13.930000305175781,2018.199951171875,317.0,86.12240600585938,7023600.0,149.16700744628906
2024-02-13,4953.169921875,4302190000.0,15.850000381469727,1992.9000244140625,198.0,85.17539978027344,11978400.0,149.40499877929688
2024-02-14,5000.6201171875,3845600000.0,14.380000114440918,1990.300048828125,1916.0,85.49408721923828,8979600.0,150.7239990234375
2024-02-15,5029.72998046875,4137970000.0,14.010000228881836,2002.0999755859375,286.0,85.7308578491211,6788300.0,150.54400634765625
2024-02-16,5005.56982421875,3833270000.0,14.239999771118164,2011.5,32.0,85.35751342773438,7147400.0,149.9459991455078
2024-02-20,4975.509765625,4034880000.0,15.420000076293945,2027.5,1326.0,85.50320434570312,8286300.0,150.27000427246094
2024-02-21,4981.7998046875,3788390000.0,15.34000015258789,2022.300048828125,15.0,85.23003387451172,6433900.0,149.93899536132812
2024-02-22,5087.02978515625,4051710000.0,14.539999961853027,2019.699951171875,964.0,85.23912811279297,8688500.0,150.35499572753906
2024-02-23,5088.7998046875,3672790000.0,13.75,2038.5999755859375,22.0,85.63069152832031,6426700.0,150.48300170898438
2024-02-26,5069.52978515625,3683930000.0,13.739999771118164,2028.5,143.0,85.50320434570312,6417200.0,150.4980010986328
2024-02-27,5078.18017578125,3925950000.0,13.430000305175781,2034.0,964.0,85.3119888305664,7540600.0,150.5659942626953
2024-02-28,5069.759765625,3789370000.0,13.84000015258789,2033.0,581.0,85.62158203125,5293600.0,150.4949951171875
2024-02-29,5096.27001953125,5219740000.0,13.399999618530273,2045.699951171875,706.0,85.7945785522461,11919200.0,150.656005859375
2024-03-01,5137.080078125,4748110000.0,13.109999656677246,2086.89990234375,1210.0,86.18624114990234,11857200.0,150.09500122070312
2024-03-04,5130.9501953125,4758440000.0,13.489999771118164,2117.699951171875,805.0,85.99451446533203,6641600.0,150.10499572753906
2024-03-05,5078.64990234375,4418410000.0,14.460000038146973,2133.5,1287.0,86.52407836914062,7673100.0,150.46600341796875
2024-03-06,5104.759765625,4559050000.0,14.5,2150.300048828125,443.0,86.73405456542969,9499200.0,150.0489959716797
2024-03-07,5157.35986328125,4137980000.0,14.4399995803833,2158.0,152.0,86.880126953125,8420900.0,149.2689971923828
2024-03-08,5123.68994140625,4208870000.0,14.739999771118164,2178.60009765625,259.0,86.94404602050781,8103600.0,147.8679962158203
2024-03-11,5117.93994140625,3896430000.0,15.220000267028809,2182.5,738.0,86.8344955444336,5568200.0,146.7740020751953
2024-03-12,5175.27001953125,4080510000.0,13.84000015258789,2160.39990234375,550.0,86.47842407226562,6556500.0,146.73199462890625
2024-03-13,5165.31005859375,4282890000.0,13.75,2175.39990234375,20.0,86.28668975830078,9708400.0,147.61900329589844
2024-03-14,5150.47998046875,4687970000.0,14.399999618530273,2163.0,515.0,85.64759826660156,10055900.0,147.62100219726562
2024-03-15,5117.08984375,7753670000.0,14.40999984741211,2157.300048828125,100.0,85.50152587890625,6591400.0,148.29600524902344
2024-03-18,5149.419921875,4036220000.0,14.329999923706055,2160.699951171875,21.0,85.40108489990234,5319700.0,148.9550018310547
2024-03-19,5178.509765625,4031760000.0,13.819999694824219,2156.300048828125,12.0,85.64759826660156,5470300.0,149.1439971923828
2024-03-20,5224.6201171875,4064850000.0,13.039999961853027,2157.89990234375,17.0,85.84844207763672,10190800.0,151.03500366210938
2024-03-21,5241.52978515625,4207730000.0,12.920000076293945,2182.39990234375,63.0,85.85758972167969,8271200.0,150.75999450683594
2024-03-22,5234.18017578125,3374700000.0,13.0600004196167,2158.10009765625,19.0,86.27754974365234,6119800.0,151.63299560546875
2024-03-25,5218.18994140625,3331360000.0,13.1899995803833,2174.800048828125,79.0,86.04933166503906,4488900.0,151.30499267578125
2024-03-26,5203.580078125,3871790000.0,13.239999771118164,2175.60009765625,202373.0,86.17713928222656,5477600.0,151.3730010986328
2024-03-27,5248.490234375,3850500000.0,12.779999732971191,2190.60009765625,31200.0,86.50579833984375,4838500.0,151.52999877929688
2024-03-28,5254.35009765625,3998270000.0,13.010000228881836,2217.39990234375,2040.0,86.42363739013672,7561400.0,151.28700256347656
2024-04-01,5243.77001953125,3325930000.0,13.649999618530273,2236.5,400.0,85.64163970947266,10854000.0,151.3979949951172
2024-04-02,5205.81005859375,3886590000.0,14.609999656677246,2261.0,435.0,85.45854187011719,7214900.0,151.58099365234375
2024-04-03,5211.490234375,3703250000.0,14.329999923706055,2294.39990234375,285.0,85.55927276611328,12908000.0,151.5399932861328
2024-04-04,5147.2099609375,4075680000.0,16.350000381469727,2288.800048828125,251.0,85.85224914550781,6960500.0,151.58099365234375
2024-04-05,5204.33984375,3386780000.0,16.030000686645508,2325.699951171875,344.0,85.28456115722656,6334600.0,151.29200744628906
2024-04-08,5202.39013671875,3278180000.0,15.1899995803833,2331.699951171875,202.0,85.0922622680664,7115100.0,151.69000244140625
2024-04-09,5209.91015625,3400680000.0,14.979999542236328,2343.5,211.0,85.4310531616211,5151100.0,151.84300231933594
2024-04-10,5160.64013671875,3845930000.0,15.800000190734863,2329.60009765625,377.0,84.29560852050781,14993700.0,151.77699279785156
2024-04-11,5199.06005859375,3509380000.0,14.90999984741211,2354.800048828125,283.0,84.17662811279297,9371400.0,152.96400451660156
2024-04-12,5123.41015625,3963220000.0,17.309999465942383,2356.199951171875,584.0,84.5245590209961,11675600.0,153.19200134277344
2024-04-15,5061.81982421875,3950210000.0,19.229999542236328,2365.800048828125,1801.0,83.98432159423828,12315300.0,153.2830047607422
2024-04-16,5051.41015625,4006200000.0,18.399999618530273,2390.800048828125,41.0,83.6546859741211,12027200.0,154.20599365234375
2024-04-17,5022.2099609375,3596130000.0,18.209999084472656,2371.699951171875,37.0,84.1857681274414,10515400.0,154.697998046875
2024-04-18,5011.1201171875,3619760000.0,18.0,2382.300048828125,128.0,83.89279174804688,6964500.0,154.3419952392578
2024-04-19,4967.22998046875,3878750000.0,18.709999084472656,2398.39990234375,160.0,84.00263214111328,6125800.0,154.61000061035156
2024-04-22,5010.60009765625,3820250000.0,16.940000534057617,2332.199951171875,53.0,84.01177215576172,4002900.0,154.63999938964844
2024-04-23,5070.5498046875,3751400000.0,15.6899995803833,2327.699951171875,171.0,84.1216812133789,8319800.0,154.81300354003906
2024-04-24,5071.6298828125,3656740000.0,15.970000267028809,2324.5,95.0,83.86528015136719,7567400.0,154.74400329589844
2024-04-25,5048.419921875,3958050000.0,15.369999885559082,2329.800048828125,1024.0,83.5447998046875,5784300.0,155.25900268554688
2024-04-26,5099.9599609375,3604140000.0,15.029999732971191,2334.800048828125,717.0,83.77371978759766,5432600.0,155.5970001220703
2024-04-29,5116.169921875,3447450000.0,14.670000076293945,2345.39990234375,405.0,84.11250305175781,4846500.0,158.2239990234375
2024-04-30,5035.68994140625,4082470000.0,15.649999618530273,2291.39990234375,113.0,83.71878051757812,7516700.0,156.31399536132812
2024-05-01,5018.39013671875,4544170000.0,15.390000343322754,2299.89990234375,42.0,84.05032348632812,12392500.0,157.7220001220703
2024-05-02,5064.2001953125,4381660000.0,14.680000305175781,2299.199951171875,56.0,84.44522094726562,8661500.0,155.70399475097656
2024-05-03,5127.7900390625,3924990000.0,13.489999771118164,2299.0,194.0,84.91358947753906,8501100.0,153.0449981689453
2024-05-06,5180.740234375,3683250000.0,13.489999771118164,2321.60009765625,9.0,84.9870834350586,4043400.0,153.5659942626953
2024-05-07,5187.7001953125,3987890000.0,13.229999542236328,2315.199951171875,25.0,85.20745849609375,7776200.0,154.23699951171875
2024-05-08,5187.669921875,3842100000.0,13.0,2313.60009765625,4.0,84.96868133544922,9024000.0,154.7480010986328
2024-05-09,5214.080078125,3727370000.0,12.6899995803833,2332.10009765625,5.0,85.2258529663086,9625200.0,155.41900634765625
2024-05-10,5222.68017578125,3617900000.0,12.550000190734863,2367.300048828125,126.0,84.95030975341797,3205000.0,155.38900756835938
2024-05-13,5221.419921875,4255710000.0,13.600000381469727,2336.10009765625,14.0,85.0513687133789,3228700.0,155.8179931640625
2024-05-14,5246.68017578125,4763580000.0,13.420000076293945,2353.39990234375,6.0,85.29930877685547,4688800.0,156.23300170898438
2024-05-15,5308.14990234375,4360810000.0,12.449999809265137,2388.699951171875,29.0,85.94217681884766,11384500.0,156.4980010986328
2024-05-16,5297.10009765625,3817470000.0,12.420000076293945,2380.0,7.0,85.7768783569336,4278400.0,154.28199768066406
2024-05-17,5303.27001953125,3578120000.0,11.989999771118164,2412.199951171875,213.0,85.51053619384766,3883900.0,155.37899780273438
2024-05-20,5308.1298828125,3420100000.0,12.149999618530273,2433.89990234375,40.0,85.38197326660156,4575900.0,155.75399780273438
2024-05-21,5321.41015625,3662240000.0,11.859999656677246,2421.699951171875,6.0,85.60237121582031,2669700.0,156.3699951171875
2024-05-22,5307.009765625,3847130000.0,12.289999961853027,2389.199951171875,180.0,85.49217224121094,3616300.0,156.25100708007812
2024-05-23,5267.83984375,3869520000.0,12.770000457763672,2335.0,365.0,85.18911743164062,6005500.0,156.70399475097656
2024-05-24,5304.72021484375,3005510000.0,11.930000305175781,2332.5,25.0,85.29930877685547,3926400.0,156.97300720214844
2024-05-28,5306.0400390625,3751540000.0,12.920000076293945,2355.199951171875,26.0,84.82173919677734,8761400.0,156.84500122070312
2024-05-29,5266.9501953125,3552750000.0,14.279999732971191,2340.300048828125,119317.0,84.40849304199219,10126800.0,157.26199340820312
2024-05-30,5235.47998046875,3818750000.0,14.470000267028809,2342.89990234375,32587.0,84.83091735839844,5069500.0,157.60800170898438
2024-05-31,5277.509765625,5437160000.0,12.920000076293945,2322.89990234375,941.0,85.2258529663086,4807400.0,156.9530029296875
2024-06-03,5283.39990234375,4046920000.0,13.109999656677246,2346.60009765625,781.0,85.78404998779297,7675900.0,157.17999267578125
2024-06-04,5291.33984375,3707900000.0,13.15999984741211,2325.5,890.0,86.25379943847656,8752000.0,156.0760040283203
2024-06-05,5354.02978515625,3591460000.0,12.630000114440918,2354.10009765625,295.0,86.5670166015625,6466800.0,155.12399291992188
2024-06-06,5352.9599609375,3609990000.0,12.579999923706055,2370.300048828125,179.0,86.53014373779297,5849400.0,155.9290008544922
2024-06-07,5346.990234375,3692760000.0,12.220000267028809,2305.199951171875,269.0,85.61824035644531,7125100.0,155.69700622558594
2024-06-10,5360.7900390625,3622280000.0,12.739999771118164,2307.699951171875,69.0,85.43400573730469,3938900.0,156.83299255371094
2024-06-11,5375.31982421875,3568030000.0,12.850000381469727,2307.5,871.0,85.8853759765625,3954700.0,157.0399932861328
2024-06-12,5421.02978515625,3962840000.0,12.039999961853027,2336.0,132.0,86.36434173583984,9243200.0,157.10499572753906
2024-06-13,5433.740234375,3530380000.0,11.9399995803833,2300.199951171875,298.0,86.93544006347656,6529900.0,156.8000030517578
2024-06-14,5431.60009765625,3438650000.0,12.65999984741211,2331.39990234375,948.0,87.13809967041016,5424600.0,157.1280059814453
2024-06-17,5473.22998046875,3447840000.0,12.75,2312.39990234375,110.0,86.7328109741211,4957200.0,157.54600524902344
2024-06-18,5487.02978515625,3544330000.0,12.300000190734863,2330.39990234375,43.0,87.11045837402344,5232600.0,157.6999969482422
2024-06-20,5473.169921875,3847060000.0,13.279999732971191,2353.800048828125,183.0,86.88939666748047,3573100.0,157.95799255371094
2024-06-21,5464.6201171875,6773800000.0,13.199999809265137,2316.39990234375,76.0,86.90782165527344,6908700.0,158.93099975585938
2024-06-24,5447.8701171875,3696750000.0,13.329999923706055,2330.0,99.0,86.98151397705078,5276000.0,159.86099243164062
2024-06-25,5469.2998046875,3591960000.0,12.84000015258789,2316.60009765625,105.0,87.0551986694336,3790100.0,159.68600463867188
2024-06-26,5477.89990234375,3563920000.0,12.550000190734863,2299.199951171875,986.0,86.53014373779297,4196400.0,159.68600463867188
2024-06-27,5482.8701171875,3589530000.0,12.239999771118164,2324.5,1532.0,86.72358703613281,4946600.0,160.62100219726562
2024-06-28,5460.47998046875,7199220000.0,12.4399995803833,2327.699951171875,92.0,86.26302337646484,6032400.0,160.68699645996094
2024-07-01,5475.08984375,3488760000.0,12.220000267028809,2327.60009765625,237.0,85.62089538574219,13662800.0,160.90699768066406
2024-07-02,5509.009765625,3329950000.0,12.029999732971191,2323.0,30.0,85.94425201416016,8195700.0,161.51199340820312
2024-07-03,5537.02001953125,2179470000.0,12.09000015258789,2359.800048828125,59.0,86.51710510253906,3861000.0,161.50399780273438
2024-07-05,5567.18994140625,3253080000.0,12.479999542236328,2388.5,72.0,86.99754333496094,5111500.0,161.35800170898438
2024-07-08,5572.85009765625,3185670000.0,12.369999885559082,2355.199951171875,64.0,87.02525329589844,5294600.0,160.63800048828125
2024-07-09,5576.97998046875,3232920000.0,12.510000228881836,2360.10009765625,9.0,86.90516662597656,3006900.0,160.85699462890625
2024-07-10,5633.91015625,3336100000.0,12.850000381469727,2372.199951171875,19.0,86.98831939697266,4076600.0,161.33099365234375
2024-07-11,5584.5400390625,4020950000.0,12.920000076293945,2415.0,72.0,87.54267883300781,9658400.0,161.60699462890625
2024-07-12,5615.35009765625,3700280000.0,12.460000038146973,2414.0,355.0,87.72747039794922,4304500.0,158.2010040283203
2024-07-15,5631.22021484375,3620470000.0,13.119999885559082,2422.89990234375,540.0,87.45027160644531,3754500.0,158.31300354003906
2024-07-16,5667.2001953125,4041760000.0,13.1899995803833,2462.39990234375,93.0,87.83834075927734,4705800.0,158.14100646972656
2024-07-17,5588.27001953125,4246450000.0,14.479999542236328,2454.800048828125,10.0,87.9122543334961,5113500.0,158.35000610351562
2024-07-18,5544.58984375,4007510000.0,15.930000305175781,2451.800048828125,2.0,87.66281127929688,8640600.0,155.68600463867188
2024-07-19,5505.0,3760570000.0,16.520000457763672,2395.5,15.0,87.38560485839844,5274400.0,157.14999389648438
2024-07-22,5564.41015625,3375180000.0,14.90999984741211,2392.0,18.0,87.30245971679688,3869800.0,157.4219970703125
2024-07-23,5555.740234375,3500210000.0,14.720000267028809,2404.60009765625,41.0,87.36711883544922,5095600.0,156.89100646972656
2024-07-24,5427.1298828125,3945550000.0,18.040000915527344,2413.300048828125,6.0,87.17311096191406,4733500.0,155.76800537109375
2024-07-25,5399.22021484375,4592120000.0,18.459999084472656,2351.89990234375,31.0,87.36711883544922,4335600.0,153.89100646972656
2024-07-26,5459.10009765625,3638770000.0,16.389999389648438,2380.0,95.0,87.78289794921875,5217500.0,153.69700622558594
2024-07-29,5463.5400390625,3379970000.0,16.600000381469727,2377.300048828125,126409.0,87.93073272705078,6165600.0,154.13900756835938
2024-07-30,5436.43994140625,3777740000.0,17.690000534057617,2405.0,25944.0,88.11550903320312,4419200.0,153.83299255371094
2024-07-31,5522.2998046875,4546910000.0,16.360000610351562,2426.5,1313.0,88.76228332519531,10982900.0,152.6699981689453
2024-08-01,5446.68017578125,4703620000.0,18.59000015258789,2435.0,690.0,89.14131927490234,10492600.0,149.74400329589844
2024-08-02,5346.56005859375,5156450000.0,23.389999389648438,2425.699951171875,550.0,90.52210998535156,18286500.0,149.2010040283203
2024-08-05,5186.330078125,5333250000.0,38.56999969482422,2401.699951171875,334.0,90.61479187011719,19098200.0,145.58399963378906
2024-08-06,5240.02978515625,4690190000.0,27.709999084472656,2389.10009765625,163.0,89.80853271484375,9507000.0,145.7899932861328
2024-08-07,5199.5,4558260000.0,27.850000381469727,2390.5,130.0,89.48416900634766,8419700.0,144.73199462890625
2024-08-08,5319.31005859375,4016830000.0,23.790000915527344,2422.199951171875,201.0,89.2154312133789,4856100.0,146.12399291992188
2024-08-09,5344.16015625,3516400000.0,20.3700008392334,2432.10009765625,611.0,89.57686614990234,5174900.0,147.66900634765625
2024-08-12,5344.39013671875,3360160000.0,20.709999084472656,2462.39990234375,566.0,89.82707214355469,4166400.0,147.04200744628906
2024-08-13,5434.43017578125,3648980000.0,18.1200008392334,2466.699951171875,510.0,90.22554016113281,6458700.0,146.98199462890625
2024-08-14,5455.2099609375,3380050000.0,16.190000534057617,2439.39990234375,274.0,90.34603118896484,4275700.0,146.9709930419922
2024-08-15,5543.22021484375,3723310000.0,15.229999542236328,2453.10009765625,285.0,89.78073120117188,5507000.0,147.2530059814453
2024-08-16,5554.25,3357690000.0,14.800000190734863,2498.60009765625,197.0,89.9568099975586,4437000.0,149.2220001220703
2024-08-19,5608.25,3222050000.0,14.649999618530273,2501.800048828125,88.0,90.07728576660156,4437600.0,147.95599365234375
2024-08-20,5597.1201171875,2994420000.0,15.880000114440918,2511.300048828125,187.0,90.43869018554688,4886000.0,146.69900512695312
2024-08-21,5620.85009765625,3119670000.0,16.270000457763672,2508.39990234375,96.0,90.62405395507812,5386000.0,145.3470001220703
2024-08-22,5570.64013671875,2981530000.0,17.549999237060547,2478.89990234375,210.0,90.20703125,4819500.0,145.1179962158203
2024-08-23,5634.60986328125,3291940000.0,15.859999656677246,2508.39990234375,94.0,90.62405395507812,5475400.0,146.20199584960938
2024-08-26,5616.83984375,2938570000.0,16.149999618530273,2517.699951171875,290.0,90.51284790039062,3062400.0,144.0
2024-08-27,5625.7998046875,2798990000.0,15.430000305175781,2516.0,100.0,90.47576904296875,4433700.0,144.51600646972656
2024-08-28,5592.18017578125,3053450000.0,17.110000610351562,2501.0,2353.0,90.429443359375,8147000.0,143.97500610351562
2024-08-29,5591.9599609375,3065640000.0,15.649999618530273,2525.699951171875,3966.0,90.27190399169922,6199800.0,144.43299865722656
2024-08-30,5648.39990234375,4185850000.0,15.0,2493.800048828125,208.0,89.9568099975586,4802600.0,144.88999938964844
2024-09-03,5528.93017578125,3866350000.0,20.719999313354492,2489.89990234375,206.0,90.5498046875,8232700.0,146.7220001220703
2024-09-04,5520.06982421875,3478140000.0,21.31999969482422,2493.39990234375,470.0,91.07962036132812,9914900.0,145.35299682617188
2024-09-05,5503.41015625,3521650000.0,19.899999618530273,2511.39990234375,54.0,91.29340362548828,33635000.0,143.32400512695312
2024-09-06,5408.419921875,3822800000.0,22.3799991607666,2493.5,96.0,91.42353820800781,17777600.0,143.39300537109375
2024-09-09,5471.0498046875,3825940000.0,19.450000762939453,2501.800048828125,96.0,91.55364990234375,8532500.0,142.48599243164062
2024-09-10,5495.52001953125,3848180000.0,19.079999923706055,2512.300048828125,5.0,91.94402313232422,7921400.0,143.177001953125
2024-09-11,5554.1298828125,3839450000.0,17.690000534057617,2512.10009765625,90.0,91.87896728515625,7286200.0,142.23399353027344
2024-09-12,5595.759765625,3655070000.0,17.06999969482422,2551.199951171875,132.0,91.7302474975586,5929800.0,142.58999633789062
2024-09-13,5626.02001953125,3500790000.0,16.559999465942383,2581.300048828125,31.0,91.9068603515625,5305500.0,141.49899291992188
2024-09-16,5633.08984375,3437070000.0,17.139999389648438,2580.39990234375,28.0,92.14852142333984,6666900.0,140.7899932861328
2024-09-17,5634.580078125,3443600000.0,17.610000610351562,2564.300048828125,22.0,91.98121643066406,7807000.0,140.7899932861328
2024-09-18,5618.259765625,3691390000.0,18.229999542236328,2570.699951171875,25.0,91.58152770996094,8584500.0,142.01499938964844
2024-09-19,5713.64013671875,4024530000.0,16.329999923706055,2588.0,99.0,91.50717163085938,16770800.0,142.7100067138672
2024-09-20,5702.5498046875,7867260000.0,16.149999618530273,2619.89990234375,17.0,91.47929382324219,6580600.0,142.85800170898438
2024-09-23,5718.56982421875,3529550000.0,15.890000343322754,2626.5,9.0,91.42353820800781,7491700.0,144.00399780273438
2024-09-24,5732.93017578125,3872710000.0,15.390000343322754,2651.199951171875,35.0,91.52579498291016,6580800.0,143.63800048828125
2024-09-25,5722.259765625,3624910000.0,15.40999984741211,2659.199951171875,175.0,91.15399169921875,10455100.0,142.96299743652344
2024-09-26,5745.3701171875,4391180000.0,15.369999885559082,2669.89990234375,17216.0,91.08893585205078,8026500.0,144.68299865722656
2024-09-27,5738.169921875,3898530000.0,16.959999084472656,2644.300048828125,4228.0,91.451416015625,6207700.0,145.0760040283203
2024-09-30,5762.47998046875,4425730000.0,16.729999542236328,2636.10009765625,973.0,91.20046997070312,8902400.0,142.7830047607422
2024-10-01,5708.75,4025180000.0,19.260000228881836,2667.300048828125,153.0,91.53233337402344,11665600.0,143.7100067138672
2024-10-02,5709.5400390625,3829050000.0,18.899999618530273,2647.10009765625,72.0,91.27131652832031,7742100.0,143.73599243164062
2024-10-03,5699.93994140625,3597450000.0,20.489999771118164,2657.10009765625,354.0,90.8051986694336,11556100.0,146.58200073242188
2024-10-04,5751.06982421875,3479400000.0,19.209999084472656,2645.800048828125,114.0,89.92894744873047,8878300.0,146.83999633789062
2024-10-07,5695.93994140625,3637790000.0,22.639999389648438,2644.800048828125,284.0,89.60269165039062,10152600.0,148.82000732421875
2024-10-08,5751.1298828125,3393400000.0,21.420000076293945,2615.0,687.0,89.67725372314453,5975200.0,148.14599609375
2024-10-09,5792.0400390625,3650340000.0,20.860000610351562,2606.0,152.0,89.3416519165039,6769200.0,148.15899658203125
2024-10-10,5780.0498046875,3208790000.0,20.93000030517578,2620.60009765625,320.0,89.33233642578125,5959000.0,149.16000366210938
2024-10-11,5815.02978515625,3208720000.0,20.459999084472656,2657.60009765625,12.0,89.36030578613281,5394100.0,148.70399475097656
2024-10-14,5859.85009765625,3005250000.0,19.700000762939453,2647.800048828125,40.0,89.20183563232422,3850900.0,149.33399963378906
2024-10-15,5815.259765625,3882120000.0,20.639999389648438,2661.39990234375,39.0,89.6585922241211,7736900.0,149.6699981689453
2024-10-16,5842.47021484375,3467230000.0,19.579999923706055,2674.0,6.0,89.7984390258789,5041100.0,149.0989990234375
2024-10-17,5841.47021484375,3480010000.0,19.110000610351562,2691.0,30.0,89.33233642578125,5460200.0,149.5760040283203
2024-10-18,5864.669921875,3374490000.0,18.030000686645508,2713.699951171875,29.0,89.43487548828125,5174700.0,150.10000610351562
2024-10-21,5853.97998046875,3407010000.0,18.3700008392334,2723.10009765625,52.0,88.74504089355469,6633600.0,149.60000610351562
2024-10-22,5851.2001953125,3342080000.0,18.200000762939453,2744.199951171875,93.0,88.6611328125,5433900.0,150.60499572753906
2024-10-23,5797.419921875,3532650000.0,19.239999771118164,2714.39990234375,18.0,88.45606994628906,6914300.0,151.13800048828125
2024-10-24,5809.85986328125,3543030000.0,19.079999923706055,2734.89990234375,27.0,88.65181732177734,5486300.0,152.7689971923828
2024-10-25,5808.1201171875,3501280000.0,20.329999923706055,2740.89990234375,29.0,88.45606994628906,6455300.0,151.7830047607422
2024-10-28,5823.52001953125,3691280000.0,19.799999237060547,2742.89990234375,56.0,88.25098419189453,5447300.0,152.95199584960938
2024-10-29,5832.919921875,3879100000.0,19.34000015258789,2768.39990234375,848.0,88.28828430175781,8475400.0,153.1790008544922
2024-10-30,5813.669921875,3851120000.0,20.350000381469727,2788.5,231.0,88.15777587890625,6341100.0,153.2740020751953
2024-10-31,5705.4501953125,4425660000.0,23.15999984741211,2738.300048828125,849.0,88.11114501953125,8662900.0,153.20399475097656
2024-11-01,5728.7998046875,3796450000.0,21.8799991607666,2738.60009765625,109.0,87.58938598632812,15659500.0,151.97999572753906
2024-11-04,5712.68994140625,3602060000.0,21.979999542236328,2736.10009765625,16.0,88.05691528320312,8179300.0,152.28700256347656
2024-11-05,5782.759765625,3768310000.0,20.489999771118164,2740.300048828125,23.0,88.10366821289062,8118500.0,152.2760009765625
2024-11-06,5929.0400390625,6329530000.0,16.270000457763672,2667.60009765625,427.0,87.19664001464844,15261400.0,151.43499755859375
2024-11-07,5973.10009765625,4925740000.0,15.199999809265137,2698.39990234375,676.0,87.89796447753906,15674000.0,154.32000732421875
2024-11-08,5995.5400390625,4666740000.0,14.9399995803833,2687.5,1038.0,88.0849609375,12335300.0,153.17999267578125
2024-11-11,6001.35009765625,4333000000.0,14.970000267028809,2611.199951171875,20.0,87.84185028076172,3980000.0,152.9040069580078
2024-11-12,5983.990234375,4243400000.0,14.710000038146973,2600.0,118.0,87.29015350341797,8037600.0,153.47999572753906
2024-11-13,5985.3798828125,4220180000.0,14.020000457763672,2580.800048828125,53.0,87.23403930664062,6661800.0,154.65499877929688
2024-11-14,5949.169921875,4184570000.0,14.3100004196167,2568.199951171875,27.0,87.22470092773438,7510000.0,155.4290008544922
2024-11-15,5870.6201171875,4590960000.0,16.139999389648438,2565.699951171875,20.0,87.2621078491211,16761500.0,156.46800231933594
2024-11-18,5893.6201171875,3983860000.0,15.579999923706055,2610.60009765625,136.0,87.45845031738281,4788200.0,154.66400146484375
2024-11-19,5916.97998046875,4036940000.0,16.350000381469727,2627.10009765625,87.0,87.64549255371094,4951500.0,154.61700439453125
2024-11-20,5917.10986328125,3772620000.0,17.15999984741211,2648.199951171875,27.0,87.51457214355469,5752900.0,154.71800231933594
2024-11-21,5948.7099609375,4230120000.0,16.8700008392334,2672.10009765625,33.0,87.46782684326172,5098200.0,155.2949981689453
2024-11-22,5969.33984375,4141420000.0,15.239999771118164,2709.89990234375,41.0,87.52393341064453,5373900.0,154.21800231933594
2024-11-25,5987.3701171875,5633150000.0,14.600000381469727,2616.800048828125,94.0,88.46834564208984,7716000.0,154.14599609375
2024-11-26,6021.6298828125,3835170000.0,14.100000381469727,2620.300048828125,177858.0,88.28135681152344,5093100.0,154.3780059814453
2024-11-27,5998.740234375,3363340000.0,14.100000381469727,2639.89990234375,61653.0,88.63668060302734,5587600.0,153.00900268554688
2024-11-29,6032.3798828125,2444420000.0,13.510000228881836,2657.0,3861.0,89.01071166992188,5136200.0,151.1739959716797
2024-12-02,6047.14990234375,4412470000.0,13.34000015258789,2634.89990234375,695.0,89.00320434570312,5950600.0,149.8979949951172
2024-12-03,6049.8798828125,4095000000.0,13.300000190734863,2644.699951171875,1062.0,88.74995422363281,5364800.0,149.50799560546875
2024-12-04,6086.490234375,4003390000.0,13.449999809265137,2653.800048828125,249.0,89.0876235961914,5908800.0,149.64700317382812
2024-12-05,6075.10986328125,4212020000.0,13.539999961853027,2626.60009765625,573.0,89.07825469970703,5210300.0,150.56700134277344
2024-12-06,6090.27001953125,3924830000.0,12.770000457763672,2638.60009765625,571.0,89.359619140625,6880200.0,150.20700073242188
2024-12-09,6052.85009765625,4556460000.0,14.1899995803833,2664.89990234375,935.0,89.05011749267578,4303100.0,150.02999877929688
2024-12-10,6034.91015625,4048410000.0,14.180000305175781,2697.60009765625,437.0,88.8906478881836,3543400.0,151.4080047607422
2024-12-11,6084.18994140625,4269950000.0,13.579999923706055,2733.800048828125,3387.0,88.62803649902344,6452800.0,151.8070068359375
2024-12-12,6051.25,3678010000.0,13.920000076293945,2687.5,2365.0,88.29035186767578,4518000.0,152.2449951171875
2024-12-13,6051.08984375,3584960000.0,13.8100004196167,2656.0,1125.0,87.8776626586914,5230100.0,152.58700561523438
2024-12-16,6074.080078125,4391100000.0,14.6899995803833,2651.39990234375,877.0,87.90581512451172,4607600.0,153.4530029296875
2024-12-17,6050.60986328125,4544500000.0,15.869999885559082,2644.39990234375,705.0,87.90581512451172,4881100.0,154.08599853515625
2024-12-18,5872.16015625,5246960000.0,27.6200008392334,2636.5,566.0,87.22635650634766,11553900.0,153.57200622558594
2024-12-19,5867.080078125,4896880000.0,24.09000015258789,2592.199951171875,238.0,86.83110046386719,9273800.0,154.67300415039062
2024-12-20,5930.85009765625,8223220000.0,18.360000610351562,2628.699951171875,592.0,87.15106964111328,6070900.0,157.6439971923828
2024-12-23,5974.06982421875,3593280000.0,16.780000686645508,2612.300048828125,451.0,86.76522827148438,5954500.0,156.5330047607422
2024-12-24,6040.0400390625,1757720000.0,14.270000457763672,2620.0,35.0,86.8122787475586,3076100.0,157.1649932861328
2024-12-26,6037.58984375,2904530000.0,14.729999542236328,2638.800048828125,84.0,86.8781509399414,3703300.0,157.13299560546875
2024-12-27,5970.83984375,3159610000.0,15.949999809265137,2617.199951171875,642.0,86.6523208618164,3752500.0,157.7480010986328
2024-12-30,5906.93994140625,3433250000.0,17.399999618530273,2606.10009765625,794.0,87.16048431396484,4797700.0,157.8730010986328
2024-12-31,5881.6298828125,3128350000.0,17.350000381469727,2629.199951171875,401.0,87.00048828125,5856000.0,156.9949951171875
2025-01-02,5868.5498046875,3621680000.0,17.93000030517578,2658.89990234375,1728.0,87.04754638671875,5034800.0,157.718994140625
2025-01-03,5942.47021484375,3667340000.0,16.1299991607666,2645.0,591.0,86.90637969970703,2863700.0,157.36199951171875
2025-01-06,5975.3798828125,4940120000.0,16.040000915527344,2638.39990234375,960.0,86.82170104980469,3894600.0,157.4810028076172
2025-01-07,5909.02978515625,4517330000.0,17.81999969482422,2656.699951171875,643.0,86.42645263671875,5524400.0,157.7429962158203
2025-01-08,5918.25,4441740000.0,17.700000762939453,2664.5,999.0,86.5770263671875,6402900.0,158.23599243164062
2025-01-10,5827.0400390625,4751930000.0,19.540000915527344,2708.5,403.0,85.94651794433594,8210900.0,158.04800415039062
2025-01-13,5836.22021484375,4421200000.0,19.190000534057617,2673.5,765.0,85.79594421386719,5094300.0,157.88699340820312
2025-01-14,5842.91015625,4142280000.0,18.709999084472656,2677.5,794.0,85.82416534423828,4365500.0,157.36399841308594
2025-01-15,5949.91015625,4544570000.0,16.1200008392334,2712.5,930.0,86.72758483886719,7846600.0,158.0500030517578
2025-01-16,5937.33984375,4285810000.0,16.600000381469727,2746.39990234375,1721.0,86.93462371826172,7550900.0,156.2550048828125
2025-01-17,5996.66015625,4366830000.0,15.970000267028809,2744.300048828125,1214.0,87.00048828125,3912800.0,155.3560028076172
2025-01-21,6049.240234375,4702920000.0,15.0600004196167,2755.0,1439.0,87.29222106933594,4431300.0,155.24899291992188
2025-01-22,6086.3701171875,4323040000.0,15.100000381469727,2767.60009765625,2079.0,87.06636047363281,3656400.0,155.7740020751953
2025-01-23,6118.7099609375,4432250000.0,15.020000457763672,2763.10009765625,2201.0,86.84051513671875,4860900.0,156.44000244140625
2025-01-24,6101.240234375,4214250000.0,14.850000381469727,2777.300048828125,1593.0,87.01931762695312,4468700.0,156.15499877929688
2025-01-27,6012.27978515625,5198750000.0,17.899999618530273,2737.5,984.0,87.58394622802734,4297100.0,155.74400329589844
2025-01-28,6067.7001953125,4473640000.0,16.40999984741211,2766.800048828125,2307.0,87.59336853027344,3906600.0,154.90899658203125
2025-01-29,6039.31005859375,4115310000.0,16.559999465942383,2769.10009765625,125692.0,87.48983764648438,4918400.0,155.5590057373047
2025-01-30,6071.169921875,4634620000.0,15.84000015258789,2823.0,40141.0,87.67804718017578,4365600.0,155.1699981689453
2025-01-31,6040.52978515625,4843770000.0,16.43000030517578,2812.5,3443.0,87.53689575195312,6277400.0,154.0970001220703
2025-02-03,5994.56982421875,4797210000.0,18.6200008392334,2833.89990234375,2649.0,87.59919738769531,8294000.0,155.36300659179688
2025-02-04,6037.8798828125,4410160000.0,17.209999084472656,2853.300048828125,2187.0,87.81633758544922,6742300.0,155.27699279785156
2025-02-05,6061.47998046875,4756250000.0,15.770000457763672,2871.60009765625,4519.0,88.32612609863281,6576300.0,154.13299560546875
2025-02-06,6083.56982421875,4847120000.0,15.5,2856.0,3116.0,88.2222671508789,5268500.0,152.6060028076172
2025-02-07,6025.990234375,4766900000.0,16.540000915527344,2867.300048828125,1822.0,87.92961883544922,4565300.0,151.1929931640625
2025-02-10,6066.43994140625,4458760000.0,15.8100004196167,2914.300048828125,2237.0,87.9107437133789,3229100.0,151.8459930419922
2025-02-11,6068.5,4324880000.0,16.020000457763672,2912.5,2554.0,87.68417358398438,3379500.0,151.75900268554688
2025-02-12,6051.97021484375,4627960000.0,15.890000343322754,2909.0,2504.0,87.07996368408203,7280200.0,152.73899841308594
2025-02-13,6115.06982421875,4763800000.0,15.100000381469727,2925.89990234375,4670.0,87.73136901855469,6121900.0,154.2550048828125
2025-02-14,6114.6298828125,4335190000.0,14.770000457763672,2883.60009765625,1992.0,88.09954833984375,5157900.0,152.98899841308594
2025-02-18,6129.580078125,4684980000.0,15.350000381469727,2931.60009765625,4010.0,87.62751770019531,4484100.0,151.44400024414062
2025-02-19,6144.14990234375,4562330000.0,15.270000457763672,2919.39990234375,2630.0,87.76913452148438,4607000.0,151.93099975585938
2025-02-20,6117.52001953125,4813690000.0,15.65999984741211,2940.0,656.0,87.9485092163086,7545400.0,151.22000122070312
2025-02-21,6013.1298828125,5434560000.0,18.209999084472656,2937.60009765625,570.0,88.46774291992188,6156500.0,149.4080047607422
2025-02-24,5983.25,4990120000.0,18.979999542236328,2947.89990234375,415.0,88.65653991699219,4109500.0,149.38699340820312
2025-02-25,5955.25,5374690000.0,19.43000030517578,2904.5,1854.0,89.35514831542969,7697100.0,149.86399841308594
2025-02-26,5956.06005859375,4869580000.0,19.100000381469727,2916.800048828125,2050.0,89.60061645507812,7379800.0,149.0780029296875
2025-02-27,5861.56982421875,5057680000.0,21.1299991607666,2883.199951171875,3215.0,89.49675750732422,5907900.0,148.83799743652344
2025-02-28,5954.5,6441140000.0,19.6299991607666,2836.800048828125,990.0,89.9876708984375,11831500.0,150.01199340820312
2025-03-03,5849.72021484375,5613850000.0,22.780000686645508,2890.199951171875,423.0,90.3143081665039,9637400.0,150.77099609375
2025-03-04,5778.14990234375,6138110000.0,23.510000228881836,2909.60009765625,885.0,90.03028869628906,12745500.0,149.30499267578125
2025-03-05,5842.6298828125,5285970000.0,21.93000030517578,2915.300048828125,551.0,89.52847290039062,15590000.0,149.7989959716797
2025-03-06,5738.52001953125,5165080000.0,24.8700008392334,2916.60009765625,870.0,89.48113250732422,9318900.0,148.8979949951172
2025-03-07,5770.2001953125,5705140000.0,23.3700008392334,2904.699951171875,531.0,89.3675308227539,9210200.0,148.10800170898438
2025-03-10,5614.56005859375,6409370000.0,27.860000610351562,2891.0,55.0,89.99238586425781,7698500.0,147.60800170898438
2025-03-11,5572.06982421875,6221240000.0,26.920000076293945,2912.89990234375,197.0,89.67050170898438,10408600.0,147.06900024414062
2025-03-12,5599.2998046875,5219830000.0,24.229999542236328,2939.10009765625,213.0,89.40540313720703,7610300.0,148.04200744628906
2025-03-13,5521.52001953125,5018980000.0,24.65999984741211,2984.300048828125,2366.0,89.76516723632812,6902300.0,148.2790069580078
2025-03-14,5638.93994140625,4863180000.0,21.770000457763672,2994.5,1800.0,89.45275115966797,4390900.0,147.94900512695312
2025-03-17,5675.1201171875,5031770000.0,20.510000228881836,3000.0,214.0,89.52847290039062,6734000.0,148.59800720214844
2025-03-18,5614.66015625,4666270000.0,21.700000762939453,3035.10009765625,428.0,89.63262939453125,8993300.0,149.37899780273438
2025-03-19,5675.2900390625,4660090000.0,19.899999618530273,3035.89990234375,175.0,89.90719604492188,5854500.0,149.45199584960938
2025-03-20,5662.89013671875,4678420000.0,19.799999237060547,3040.0,185.0,90.03974151611328,4409100.0,148.49000549316406
2025-03-21,5667.56005859375,9367460000.0,19.280000686645508,3018.199951171875,151.0,89.96400451660156,4919600.0,148.5959930419922
2025-03-24,5767.56982421875,4517990000.0,17.479999542236328,3013.10009765625,137.0,89.44327545166016,4823500.0,149.677001953125
2025-03-25,5776.64990234375,4467340000.0,17.149999618530273,3023.699951171875,74.0,89.59475708007812,6825800.0,150.7740020751953
2025-03-26,5712.2001953125,4183140000.0,18.329999923706055,3020.89990234375,83.0,89.38645935058594,8281700.0,149.9499969482422
2025-03-27,5693.31005859375,4403460000.0,18.690000534057617,3060.199951171875,124359.0,89.31072998046875,5085100.0,150.47300720214844
2025-03-28,5580.93994140625,4513330000.0,21.649999618530273,3086.5,31206.0,90.03028869628906,6224500.0,150.8470001220703
2025-03-31,5611.85009765625,5257250000.0,22.280000686645508,3122.800048828125,3438.0,90.29540252685547,13255800.0,149.61700439453125
2025-04-01,5633.06982421875,4434500000.0,21.770000457763672,3118.89990234375,1721.0,90.61260986328125,18128800.0,149.91299438476562
2025-04-02,5670.97021484375,4243830000.0,21.510000228881836,3139.89990234375,5946.0,90.52714538574219,7635900.0,149.7830047607422
2025-04-03,5396.52001953125,7210470000.0,30.020000457763672,3097.0,5516.0,91.45795440673828,18188000.0,147.8719940185547
2025-04-04,5074.080078125,8853500000.0,45.310001373291016,3012.0,3247.0,91.71440887451172,27006500.0,146.2310028076172
2025-04-07,5062.25,8691980000.0,46.97999954223633,2951.300048828125,4424.0,90.62212371826172,68670600.0,145.43299865722656
2025-04-08,4982.77001953125,7408140000.0,52.33000183105469,2968.39990234375,3213.0,90.16621398925781,19508000.0,147.78900146484375
2025-04-09,5456.89990234375,9489600000.0,33.619998931884766,3056.5,2175.0,89.88125610351562,24170800.0,145.84500122070312
2025-04-10,5268.0498046875,6677140000.0,40.720001220703125,3155.199951171875,3456.0,89.32087707519531,12093800.0,147.3990020751953
2025-04-11,5363.35986328125,5602550000.0,37.560001373291016,3222.199951171875,862.0,88.81745910644531,55446600.0,143.7469940185547
2025-04-14,5405.97021484375,5031440000.0,30.889999389648438,3204.800048828125,263.0,89.52983856201172,12630900.0,143.6959991455078
2025-04-15,5396.6298828125,4317110000.0,30.1200008392334,3218.699951171875,390.0,89.79579162597656,7708100.0,143.2209930419922
2025-04-16,5275.7001953125,4607750000.0,32.63999938964844,3326.60009765625,1874.0,90.1851806640625,8708400.0,143.18099975585938
2025-04-17,5282.7001953125,4714880000.0,29.649999618530273,3308.699951171875,824.0,89.92876434326172,6987000.0,141.92799377441406
2025-04-21,5158.2001953125,4226340000.0,33.81999969482422,3406.199951171875,78.0,89.44434356689453,4901300.0,141.92799377441406
2025-04-22,5287.759765625,4666950000.0,30.56999969482422,3400.800048828125,785.0,89.51084899902344,5233000.0,140.87600708007812
2025-04-23,5375.85986328125,5371390000.0,28.450000762939453,3276.300048828125,331.0,89.6058120727539,8041300.0,142.68800354003906
2025-04-24,5484.77001953125,4697710000.0,26.469999313354492,3332.0,560.0,90.09021759033203,7308900.0,143.22300720214844
2025-04-25,5525.2099609375,4236580000.0,24.84000015258789,3282.39990234375,162.0,90.43214416503906,5341300.0,142.87899780273438
2025-04-28,5528.75,4257880000.0,25.149999618530273,3332.5,1300.0,90.79309844970703,4950500.0,143.84100341796875
2025-04-29,5560.830078125,4747150000.0,24.170000076293945,3318.800048828125,1278.0,91.10652923583984,5350200.0,142.17799377441406
2025-04-30,5569.06005859375,5449490000.0,24.700000762939453,3305.0,207.0,91.24898529052734,13923200.0,142.2989959716797
2025-05-01,5604.14013671875,4935270000.0,24.600000381469727,3210.0,2131.0,90.85163116455078,13703300.0,143.00900268554688
2025-05-02,5686.669921875,4854380000.0,22.68000030517578,3231.89990234375,1349.0,90.24176025390625,9331600.0,145.447998046875
2025-05-05,5650.3798828125,4358260000.0,23.639999389648438,3311.300048828125,244.0,90.07975769042969,10089400.0,144.62399291992188
2025-05-06,5606.91015625,4717260000.0,24.760000228881836,3411.39990234375,2357.0,90.30846405029297,6081200.0,143.6540069580078
2025-05-07,5631.27978515625,4987440000.0,23.549999237060547,3381.39990234375,1080.0,90.54669189453125,9471100.0,143.03500366210938
2025-05-08,5663.93994140625,5627400000.0,22.479999542236328,3296.60009765625,200.0,89.8415298461914,6409000.0,143.84800720214844
2025-05-09,5659.91015625,4645090000.0,21.899999618530273,3335.39990234375,216.0,89.90824127197266,3698700.0,146.01499938964844
2025-05-12,5844.18994140625,6014580000.0,18.389999389648438,3220.0,886.0,89.33647918701172,9483700.0,145.81199645996094
2025-05-13,5886.5498046875,5516290000.0,18.219999313354492,3240.300048828125,2424.0,89.269775390625,13166800.0,148.30999755859375
2025-05-14,5892.580078125,5233450000.0,18.6200008392334,3181.39990234375,3518.0,88.9362564086914,6994700.0,147.5279998779297
2025-05-15,5916.93017578125,4991290000.0,17.829999923706055,3220.699951171875,652.0,89.51756286621094,9024900.0,146.64999389648438
2025-05-16,5958.3798828125,4850850000.0,17.239999771118164,3182.0,199.0,89.54612731933594,6819200.0,145.61300659179688
2025-05-19,5963.60009765625,4144010000.0,18.139999389648438,3228.89990234375,266.0,89.49847412109375,11704900.0,145.29800415039062
2025-05-20,5940.4599609375,4416850000.0,18.09000015258789,3280.300048828125,356.0,89.3841323852539,8929600.0,144.97500610351562
2025-05-21,5844.60986328125,5254250000.0,20.8700008392334,3309.300048828125,979.0,88.76473236083984,11383500.0,144.3280029296875
2025-05-22,5842.009765625,5157050000.0,20.280000686645508,3292.300048828125,1210.0,89.0982437133789,10981200.0,143.7550048828125
2025-05-23,5802.81982421875,4662820000.0,22.290000915527344,3363.60009765625,47.0,89.35554504394531,9860700.0,143.85800170898438
2025-05-27,5921.5400390625,5366380000.0,18.959999084472656,3299.10009765625,189.0,89.72718811035156,10834400.0,142.65499877929688
2025-05-28,5888.5498046875,4665050000.0,19.309999465942383,3293.60009765625,127758.0,89.47943115234375,8591500.0,144.177001953125
2025-05-29,5912.169921875,4569750000.0,19.18000030517578,3317.10009765625,24370.0,89.85105895996094,9679100.0,145.69700622558594
2025-05-30,5911.68994140625,6378540000.0,18.56999969482422,3288.89990234375,2213.0,90.11788177490234,10268600.0,143.7790069580078
2025-06-02,5935.93994140625,4832240000.0,18.360000610351562,3370.60009765625,976.0,89.81195831298828,13341900.0,143.81500244140625
2025-06-03,5970.3701171875,5026680000.0,17.690000534057617,3350.199951171875,6410.0,89.72591400146484,8508900.0,142.45199584960938
2025-06-04,5970.81005859375,4767050000.0,17.610000610351562,3373.5,207.0,90.38558197021484,10115900.0,143.83700561523438
2025-06-05,5939.2998046875,5091850000.0,18.479999542236328,3350.699951171875,731.0,90.11788940429688,8762800.0,142.73199462890625
2025-06-06,6000.35986328125,4355710000.0,16.770000457763672,3322.699951171875,81.0,89.40084838867188,7624200.0,143.54200744628906
2025-06-09,6005.8798828125,4642360000.0,17.15999984741211,3332.10009765625,1887.0,89.56336975097656,6061200.0,144.6909942626953
2025-06-10,6038.81005859375,4882880000.0,16.950000762939453,3320.89990234375,65.0,89.71633911132812,5579900.0,144.5399932861328
2025-06-11,6022.240234375,5111550000.0,17.260000228881836,3321.300048828125,2106.0,90.0892105102539,6594900.0,144.83799743652344
2025-06-12,6045.259765625,4669500000.0,18.020000457763672,3380.89990234375,1818.0,90.48118591308594,7795400.0,144.2030029296875
2025-06-13,5976.97021484375,5258910000.0,20.81999969482422,3431.199951171875,499.0,90.14656066894531,9195200.0,143.19400024414062
2025-06-16,6033.10986328125,5111710000.0,19.110000610351562,3396.39990234375,480.0,89.88843536376953,7508400.0,144.09100341796875
2025-06-17,5982.72021484375,4955700000.0,21.600000381469727,3386.60009765625,1477.0,90.32821655273438,5285000.0,144.72900390625
2025-06-18,5980.8701171875,5106470000.0,20.139999389648438,3389.800048828125,0.0,90.38558197021484,6732400.0,145.37600708007812
2025-06-20,5967.83984375,7451500000.0,20.6200008392334,3368.10009765625,709.0,90.44294738769531,6261700.0,145.21800231933594
2025-06-23,6025.169921875,5597000000.0,19.829999923706055,3377.699951171875,30.0,90.75845336914062,9310300.0,146.2239990234375
2025-06-24,6092.18017578125,5443690000.0,17.479999542236328,3317.39990234375,538.0,91.07394409179688,7694500.0,145.92799377441406
2025-06-25,6092.16015625,5171110000.0,16.760000228881836,3327.10009765625,373.0,91.1121826171875,6393300.0,144.95700073242188
2025-06-26,6141.02001953125,5308140000.0,16.59000015258789,3333.5,2058.0,91.43724060058594,7131900.0,144.9040069580078
2025-06-27,6173.06982421875,7889350000.0,16.31999969482422,3273.699951171875,284.0,91.19822692871094,8402400.0,144.69400024414062
2025-06-30,6204.9501953125,5782900000.0,16.729999542236328,3294.39990234375,1242.0,91.56153106689453,10542300.0,144.51699829101562
2025-07-01,6198.009765625,6275310000.0,16.829999923706055,3336.699951171875,371.0,91.39176940917969,10659800.0,143.8000030517578
2025-07-02,6227.419921875,5645710000.0,16.639999389648438,3348.0,39.0,91.19994354248047,6026200.0,143.40199279785156
2025-07-03,6279.35009765625,3378110000.0,16.3799991607666,3331.60009765625,0.0,90.88345336914062,7398900.0,143.5260009765625
2025-07-07,6229.97998046875,5236740000.0,17.790000915527344,3332.199951171875,254.0,90.59571075439453,8518600.0,144.4980010986328
2025-07-08,6225.52001953125,5739030000.0,16.809999465942383,3307.0,909.0,90.46145629882812,5282800.0,145.89199829101562
2025-07-09,6263.259765625,4813340000.0,15.9399995803833,3311.60009765625,114.0,90.931396484375,6900800.0,146.8489990234375
2025-07-10,6280.4599609375,5367350000.0,15.779999732971191,3317.39990234375,209.0,90.88345336914062,4451900.0,146.11399841308594
2025-07-11,6259.75,4656210000.0,16.399999618530273,3356.0,776.0,90.46145629882812,6004300.0,146.28799438476562
2025-07-14,6268.56005859375,4722250000.0,17.200000762939453,3351.5,583.0,90.42308807373047,5101600.0,147.2949981689453
2025-07-15,6243.759765625,5133670000.0,17.3799991607666,3329.800048828125,210.0,90.06824493408203,5628100.0,147.79200744628906
2025-07-16,6263.7001953125,5177460000.0,17.15999984741211,3352.5,10.0,90.31758880615234,12786300.0,148.76100158691406
2025-07-17,6297.35986328125,5512290000.0,16.520000457763672,3340.10009765625,667.0,90.28882598876953,4747200.0,148.0030059814453
2025-07-18,6296.7900390625,5184700000.0,16.40999984741211,3353.0,602.0,90.53816986083984,4035000.0,148.44200134277344
2025-07-21,6305.60009765625,5010840000.0,16.649999618530273,3401.89990234375,53.0,90.85466766357422,5232300.0,148.43099975585938
2025-07-22,6309.6201171875,5662040000.0,16.5,3439.199951171875,39.0,91.11363220214844,6098000.0,147.40899658203125
2025-07-23,6358.91015625,5642510000.0,15.369999885559082,3394.10009765625,63.0,90.78754425048828,5074000.0,146.78500366210938
2025-07-24,6363.35009765625,5282720000.0,15.390000343322754,3371.0,1175.0,90.65327453613281,5867400.0,146.3489990234375
2025-07-25,6388.64013671875,4470720000.0,14.930000305175781,3334.0,67.0,90.8642578125,3614000.0,147.0050048828125
2025-07-28,6389.77001953125,4565620000.0,15.029999732971191,3309.10009765625,533.0,90.6628646850586,5073200.0,147.81300354003906
2025-07-29,6370.85986328125,5076120000.0,15.979999542236328,3323.39990234375,113144.0,91.25749969482422,7864000.0,148.47900390625
2025-07-30,6362.89990234375,5375070000.0,15.479999542236328,3295.800048828125,19252.0,90.94098663330078,7425600.0,148.44200134277344
2025-07-31,6339.39013671875,6077080000.0,16.719999313354492,3293.199951171875,3704.0,91.01770782470703,10411800.0,149.2259979248047
2025-08-01,6238.009765625,5827150000.0,20.3799991607666,3347.699951171875,3420.0,92.06560516357422,11870100.0,150.77200317382812
2025-08-04,6329.93994140625,4842580000.0,17.520000457763672,3374.39990234375,351.0,92.190673828125,8449500.0,147.34300231933594
2025-08-05,6299.18994140625,5517410000.0,17.850000381469727,3381.89990234375,915.0,92.12332153320312,8218700.0,146.79299926757812
2025-08-06,6345.06005859375,5408560000.0,16.770000457763672,3380.0,1492.0,92.05595397949219,10107500.0,147.55999755859375
2025-08-07,6340.0,5306090000.0,16.56999969482422,3400.300048828125,5464.0,91.98860931396484,5725900.0,147.1929931640625
2025-08-08,6389.4501953125,4769910000.0,15.149999618530273,3439.10009765625,7657.0,91.77690887451172,5623800.0,146.83700561523438
2025-08-11,6373.4501953125,4652400000.0,16.25,3353.10009765625,1488.0,91.80577850341797,4920200.0,147.66400146484375
2025-08-12,6445.759765625,5135300000.0,14.729999542236328,3348.89990234375,1611.0,91.78653717041016,6724600.0,148.125
2025-08-13,6466.580078125,5195950000.0,14.489999771118164,3358.699951171875,1011.0,92.11370086669922,5925200.0,147.75799560546875
2025-08-14,6468.5400390625,4462050000.0,14.829999923706055,3335.199951171875,592.0,91.81539154052734,5527500.0,147.1199951171875
2025-08-15,6449.7998046875,4575060000.0,15.09000015258789,3336.0,1185.0,91.63258361816406,7428500.0,147.6909942626953
2025-08-18,6449.14990234375,4162290000.0,14.989999771118164,3331.699951171875,646.0,91.54598236083984,9669600.0,147.26400756835938
2025-08-19,6411.3701171875,4377440000.0,15.569999694824219,3313.39990234375,1655.0,91.77690887451172,6499300.0,147.91600036621094
2025-08-20,6395.77978515625,4470390000.0,15.6899995803833,3343.39990234375,1213.0,91.91162872314453,6270700.0,147.7310028076172
2025-08-21,6370.169921875,4013560000.0,16.600000381469727,3336.89990234375,142.0,91.64221954345703,5351300.0,147.3179931640625
2025-08-22,6466.91015625,5046860000.0,14.220000267028809,3374.39990234375,1240.0,92.15219116210938,10867700.0,148.38600158691406
2025-08-25,6439.31982421875,4059070000.0,14.789999961853027,3373.800048828125,1044.0,91.96936798095703,9936400.0,147.21499633789062
2025-08-26,6465.93994140625,4867680000.0,14.619999885559082,3388.60009765625,905.0,92.20992279052734,5871200.0,147.82200622558594
2025-08-27,6481.39990234375,4143680000.0,14.850000381469727,3404.60009765625,3222.0,92.38314056396484,5222800.0,147.46200561523438
2025-08-28,6501.85986328125,4283760000.0,14.430000305175781,3431.800048828125,1035.0,92.59481811523438,6544700.0,147.3159942626953
2025-08-29,6460.259765625,4234840000.0,15.359999656677246,3473.699951171875,0.0,92.51783752441406,6818900.0,146.7899932861328
2025-09-02,6415.5400390625,4784000000.0,17.170000076293945,3549.39990234375,658.0,92.24173736572266,8623200.0,147.08399963378906
2025-09-03,6448.259765625,4465360000.0,16.350000381469727,3593.199951171875,72.0,92.560302734375,7586100.0,148.54800415039062
2025-09-04,6502.080078125,4670770000.0,15.300000190734863,3565.800048828125,237.0,92.97542572021484,6395300.0,147.97999572753906
2025-09-05,6481.5,5066120000.0,15.180000305175781,3613.199951171875,925.0,93.42913818359375,9566300.0,148.375
2025-09-08,6495.14990234375,5211500000.0,15.109999656677246,3638.10009765625,97.0,93.71875762939453,7599600.0,148.343994140625
2025-09-09,6512.60986328125,4798350000.0,15.039999961853027,3643.300048828125,535.0,93.4967269897461,8223100.0,147.36399841308594
2025-09-10,6532.0400390625,5253010000.0,15.350000381469727,3643.60009765625,136.0,93.74771881103516,8864500.0,147.39199829101562
2025-09-11,6587.47021484375,5426460000.0,14.710000038146973,3636.89990234375,307.0,93.89253234863281,8554300.0,147.33200073242188
2025-09-12,6584.2900390625,4641640000.0,14.760000228881836,3649.39990234375,1300.0,93.6222152709961,36502700.0,147.2239990234375
2025-09-15,6615.27978515625,5045020000.0,15.6899995803833,3682.199951171875,210.0,93.77669525146484,4990100.0,147.66600036621094
2025-09-16,6606.759765625,5359510000.0,16.360000610351562,3688.89990234375,373.0,93.83460998535156,5847700.0,147.40499877929688
2025-09-17,6600.35009765625,5805340000.0,15.720000267028809,3681.800048828125,183.0,93.63187408447266,10701700.0,146.41299438476562
2025-09-18,6631.9599609375,5292400000.0,15.699999809265137,3643.699951171875,80.0,93.32295989990234,7589200.0,146.89100646972656
2025-09-19,6664.35986328125,9125960000.0,15.449999809265137,3671.5,211.0,93.28433990478516,5528800.0,147.94700622558594
2025-09-22,6693.75,5642620000.0,16.100000381469727,3740.699951171875,410.0,93.12989044189453,5282700.0,148.09500122070312
2025-09-23,6656.919921875,5633620000.0,16.639999389648438,3780.60009765625,627.0,93.3905258178711,7077500.0,147.72500610351562
2025-09-24,6637.97021484375,5459180000.0,16.18000030517578,3732.10009765625,588.0,93.13954162597656,5419700.0,147.61300659179688
2025-09-25,6604.72021484375,5874670000.0,16.739999771118164,3736.89990234375,1899.0,92.93680572509766,6517500.0,148.75100708007812
2025-09-26,6643.7001953125,5103110000.0,15.289999961853027,3775.300048828125,19308.0,92.88854217529297,7295300.0,149.86099243164062
2025-09-29,6661.2099609375,5358760000.0,16.1200008392334,3820.89990234375,8860.0,93.15884399414062,6357500.0,149.40499877929688
2025-09-30,6688.4599609375,6057210000.0,16.280000686645508,3840.800048828125,1611.0,93.1202392578125,9257800.0,148.59500122070312
2025-10-01,6711.2001953125,6037950000.0,16.290000915527344,3867.5,1778.0,93.43395233154297,8347000.0,147.9969940185547
2025-10-02,6715.35009765625,5416130000.0,16.6299991607666,3839.699951171875,3418.0,93.53079223632812,9420600.0,147.08299255371094
2025-10-03,6715.7900390625,5713110000.0,16.649999618530273,3880.800048828125,392.0,93.3468246459961,5154300.0,147.14999389648438
2025-10-06,6740.27978515625,5604460000.0,16.3700008392334,3948.5,1267.0,93.07569885253906,6319600.0,149.6060028076172
2025-10-07,6714.58984375,5546150000.0,17.239999771118164,3976.60009765625,2903.0,93.3080825805664,5119900.0,150.33099365234375
2025-10-08,6753.72021484375,5383130000.0,16.299999237060547,4043.300048828125,2179.0,93.32744598388672,5141900.0,152.05099487304688
2025-10-09,6735.10986328125,5385020000.0,16.43000030517578,3946.300048828125,3130.0,93.2596664428711,7130600.0,152.67999267578125
2025-10-10,6552.509765625,6596610000.0,21.65999984741211,3975.89990234375,1697.0,93.84066772460938,10417700.0,152.96499633789062
2025-10-13,6654.72021484375,5303960000.0,19.030000686645508,4108.60009765625,1697.0,93.88908386230469,5607600.0,152.05599975585938
2025-10-14,6644.31005859375,5666920000.0,20.809999465942383,4138.7001953125,2424.0,94.13114929199219,7650600.0,152.4340057373047
2025-10-15,6671.06005859375,5633060000.0,20.639999389648438,4176.89990234375,3287.0,94.024658203125,7769300.0,151.7310028076172
2025-10-16,6629.06982421875,6048180000.0,25.309999465942383,4280.2001953125,4705.0,94.46041107177734,11627200.0,150.9739990234375
2025-10-17,6664.009765625,5358120000.0,20.780000686645508,4189.89990234375,4060.0,94.30545806884766,12491000.0,150.1199951171875
2025-10-20,6735.1298828125,4672170000.0,18.229999542236328,4336.39990234375,1750.0,94.43133544921875,10437800.0,150.89999389648438
2025-10-21,6735.35009765625,5245020000.0,17.8700008392334,4087.699951171875,2943.0,94.60563659667969,7642000.0,150.7740020751953
2025-10-22,6699.39990234375,5710010000.0,18.600000381469727,4044.39990234375,1237.0,94.62501525878906,6523500.0,151.89300537109375
2025-10-23,6738.43994140625,5565750000.0,17.299999237060547,4125.5,354.0,94.31515502929688,6138300.0,151.95399475097656
2025-10-24,6791.68994140625,5058220000.0,16.3700008392334,4118.39990234375,123.0,94.40229034423828,7555200.0,152.6020050048828
2025-10-27,6875.16015625,5290650000.0,15.789999961853027,4001.89990234375,220.0,94.40229034423828,7272300.0,153.06100463867188
2025-10-28,6890.89013671875,5695930000.0,16.420000076293945,3966.199951171875,219.0,94.48945617675781,5539600.0,152.69200134277344
2025-10-29,6890.58984375,6280130000.0,16.920000076293945,3983.699951171875,1344.0,93.87939453125,11223300.0,151.7310028076172
2025-10-30,6822.33984375,6052700000.0,16.90999984741211,4001.300048828125,935.0,93.74382019042969,8958800.0,152.7220001220703
2025-10-31,6840.2001953125,6398280000.0,17.440000534057617,3982.199951171875,559.0,93.78254699707031,9739900.0,153.89999389648438
2025-11-03,6851.97021484375,6065720000.0,17.170000076293945,4000.300048828125,0.0,93.73787689208984,8012500.0,154.19500732421875
2025-11-04,6771.5498046875,5739510000.0,19.0,3947.699951171875,657.0,93.85443878173828,6119000.0,154.20399475097656
2025-11-05,6796.2900390625,5939600000.0,18.010000228881836,3980.300048828125,559.0,93.40762329101562,11749200.0,153.5570068359375
2025-11-06,6720.31982421875,6051900000.0,19.5,3979.89990234375,650.0,93.88359069824219,7665000.0,154.072998046875
2025-11-07,6728.7998046875,5926070000.0,19.079999923706055,3999.39990234375,245.0,93.92244720458984,11460300.0,152.947998046875
2025-11-10,6832.43017578125,5366050000.0,17.600000381469727,4111.7998046875,189.0,93.7961654663086,9097300.0,153.81700134277344
2025-11-11,6846.60986328125,4983490000.0,17.280000686645508,4106.7998046875,569.0,94.08757019042969,4937700.0,154.14599609375
2025-11-12,6850.919921875,5293610000.0,17.510000228881836,4204.39990234375,396.0,94.10700225830078,7188200.0,154.0749969482422
2025-11-13,6737.490234375,5473720000.0,20.0,4186.89990234375,167.0,93.83501434326172,46965300.0,154.71299743652344
2025-11-14,6734.10986328125,5042660000.0,19.829999923706055,4087.60009765625,483.0,93.67959594726562,11288500.0,154.63299560546875
2025-11-17,6672.41015625,5204220000.0,22.3799991607666,4068.300048828125,1552.0,93.78646087646484,6648500.0,154.5850067138672
2025-11-18,6617.31982421875,5159390000.0,24.690000534057617,4061.300048828125,1375.0,93.94187927246094,8769000.0,155.2729949951172
2025-11-19,6642.16015625,5021610000.0,23.65999984741211,4077.699951171875,486.0,93.8738784790039,13075900.0,155.54800415039062
2025-11-20,6538.759765625,5596080000.0,26.420000076293945,4056.5,202.0,94.0973129272461,9076400.0,156.99200439453125
2025-11-21,6602.990234375,5929930000.0,23.43000030517578,4076.699951171875,171.0,94.40813446044922,12551100.0,157.36900329589844
2025-11-24,6705.1201171875,6039740000.0,20.520000457763672,4091.89990234375,591.0,94.55384063720703,6903900.0,156.68800354003906
2025-11-25,6765.8798828125,5003330000.0,18.559999465942383,4139.2001953125,132704.0,94.79667663574219,9193400.0,156.93899536132812
2025-11-26,6812.60986328125,4485000000.0,17.190000534057617,4165.2001953125,25088.0,94.8743896484375,7747100.0,156.22999572753906
2025-11-28,6849.08984375,2558540000.0,16.350000381469727,4218.2998046875,3615.0,94.70926666259766,7798000.0,156.28399658203125
2025-12-01,6812.6298828125,4549370000.0,17.239999771118164,4239.2998046875,913.0,94.2007064819336,9898100.0,155.92799377441406
2025-12-02,6829.3701171875,4582290000.0,16.59000015258789,4186.60009765625,366.0,94.27862548828125,7317200.0,155.5570068359375
2025-12-03,6849.72021484375,4736780000.0,16.079999923706055,4199.2998046875,1897.0,94.47348022460938,6855100.0,155.8070068359375
2025-12-04,6857.1201171875,4872440000.0,15.779999732971191,4211.7998046875,616.0,94.18121337890625,8928900.0,155.10699462890625
2025-12-05,6870.39990234375,4944560000.0,15.40999984741211,4212.89990234375,533.0,93.98636627197266,9118700.0,155.14199829101562
2025-12-08,6846.509765625,4757130000.0,16.65999984741211,4187.2001953125,318.0,93.79151153564453,14728300.0,155.33999633789062
2025-12-09,6840.509765625,4508050000.0,16.93000030517578,4206.7001953125,660.0,93.65510559082031,8509200.0,155.843994140625
2025-12-10,6886.68017578125,5526570000.0,15.770000457763672,4196.39990234375,692.0,93.95713806152344,13356900.0,156.83799743652344
2025-12-11,6901.0,5021060000.0,14.850000381469727,4285.5,528.0,93.96687316894531,8672800.0,155.7899932861328
2025-12-12,6827.41015625,4910160000.0,15.739999771118164,4300.10009765625,1531.0,93.71358489990234,8348700.0,155.56700134277344
2025-12-15,6816.509765625,4975600000.0,16.5,4306.7001953125,854.0,93.79151153564453,6117000.0,155.88800048828125
2025-12-16,6800.259765625,4983180000.0,16.479999542236328,4304.5,1796.0,94.05455017089844,7456400.0,155.01499938964844
2025-12-17,6721.43017578125,5122120000.0,17.6200008392334,4347.5,2169.0,94.03507995605469,5673200.0,154.7779998779297
2025-12-18,6774.759765625,5101190000.0,16.8700008392334,4339.5,705.0,94.27862548828125,7357600.0,155.4949951171875
2025-12-19,6834.5,8554470000.0,14.90999984741211,4361.39990234375,1065.0,94.0665283203125,5806600.0,155.58599853515625
2025-12-22,6878.490234375,4465030000.0,14.079999923706055,4444.60009765625,449.0,93.96878814697266,4672800.0,157.67599487304688
2025-12-23,6909.7900390625,3820560000.0,14.0,4482.7998046875,694.0,93.92970275878906,5093900.0,156.8769989013672
2025-12-24,6932.0498046875,1798270000.0,13.470000267028809,4480.60009765625,500.0,94.1740493774414,3967700.0,156.17599487304688
2025-12-26,6929.93994140625,2586550000.0,13.600000381469727,4529.10009765625,263.0,94.26202392578125,3491500.0,156.08999633789062
2025-12-29,6905.740234375,3541750000.0,14.199999809265137,4325.10009765625,2044.0,94.39885711669922,5034600.0,156.46299743652344
2025-12-30,6896.240234375,3309930000.0,14.329999923706055,4370.10009765625,1837.0,94.3011245727539,4108600.0,156.01300048828125
2025-12-31,6845.5,3261830000.0,14.949999809265137,4325.60009765625,785.0,93.98834991455078,6802100.0,156.41299438476562
2026-01-02,6858.47021484375,4184120000.0,14.510000228881836,4314.39990234375,589.0,93.91015625,6611800.0,156.7310028076172
2026-01-05,6902.0498046875,5771930000.0,14.899999618530273,4436.89990234375,618.0,94.19359588623047,8693200.0,156.98899841308594
2026-01-06,6944.81982421875,5509680000.0,14.75,4482.2001953125,459.0,94.12518310546875,12834100.0,156.62600708007812
2026-01-07,6920.93017578125,5214480000.0,15.380000114440918,4449.2998046875,972.0,94.3011245727539,7990900.0,156.67999267578125
2026-01-08,6921.4599609375,5333200000.0,15.449999809265137,4449.7001953125,2423.0,94.0176773071289,6931700.0,156.7310028076172
2026-01-09,6966.27978515625,5163900000.0,14.489999771118164,4490.2998046875,237.0,94.12518310546875,10277300.0,156.8800048828125
2026-01-12,6977.27001953125,5019040000.0,15.119999885559082,4604.2998046875,156.0,94.00788116455078,6360600.0,158.1490020751953
2026-01-13,6963.740234375,5091730000.0,15.979999542236328,4589.2001953125,239.0,94.12518310546875,7622500.0,157.98599243164062
2026-01-14,6926.60009765625,5530830000.0,16.75,4626.2998046875,1313.0,94.3206558227539,7331200.0,159.1790008544922
2026-01-15,6944.47021484375,5114050000.0,15.84000015258789,4616.2998046875,4358.0,94.12518310546875,6172500.0,158.40199279785156
2026-01-16,6940.009765625,5356550000.0,15.859999656677246,4588.39990234375,352.0,93.76354217529297,11979300.0,158.5959930419922
2026-01-20,6796.85986328125,5769500000.0,20.09000015258789,4759.60009765625,175.0,93.39212036132812,13607700.0,158.177001953125
2026-01-21,6875.6201171875,5835520000.0,16.899999618530273,4831.7998046875,1706.0,93.636474609375,11969000.0,158.16200256347656
2026-01-22,6913.35009765625,5307580000.0,15.640000343322754,4908.7998046875,1175.0,93.62669372558594,10209500.0,158.45599365234375
2026-01-23,6915.60986328125,4871930000.0,16.09000015258789,4976.2001953125,169.0,93.78307342529297,8147500.0,158.50100708007812
2026-01-26,6950.22998046875,4968050000.0,16.149999618530273,5079.7001953125,180.0,93.91991424560547,6803800.0,155.16600036621094
2026-01-27,6978.60009765625,5331720000.0,16.350000381469727,5079.89990234375,34.0,93.81240844726562,9857200.0,154.33599853515625
2026-01-28,6978.02978515625,5507670000.0,16.350000381469727,5301.60009765625,112054.0,93.73420715332031,17032400.0,152.4530029296875
2026-01-29,6969.009765625,6877780000.0,16.8799991607666,5318.39990234375,23709.0,93.83196258544922,11049100.0,153.0959930419922
2026-01-30,6939.02978515625,6697340000.0,17.440000534057617,4713.89990234375,8374.0,93.77330780029297,8238500.0,153.16200256347656
2026-02-02,6976.43994140625,5772050000.0,16.34000015258789,4622.5,3588.0,93.58895874023438,8987100.0,155.20199584960938
2026-02-03,6917.81005859375,7017660000.0,18.0,4903.7001953125,1213.0,93.67721557617188,7313800.0,155.4429931640625
2026-02-04,6882.72021484375,7475750000.0,18.639999389648438,4920.39990234375,3886.0,93.65760040283203,7268600.0,155.7989959716797
2026-02-05,6798.39990234375,6989120000.0,21.770000457763672,4861.39990234375,793.0,94.20674133300781,12086800.0,156.91700744628906
2026-02-06,6932.2998046875,6283680000.0,20.3700008392334,4951.2001953125,1386.0,94.20674133300781,7759900.0,156.78399658203125
2026-02-09,6964.81982421875,5650260000.0,17.360000610351562,5050.89990234375,170.0,94.2263412475586,8165100.0,157.24400329589844
2026-02-10,6941.81005859375,5595950000.0,17.790000915527344,5003.7998046875,281.0,94.63821411132812,9752300.0,156.1320037841797
2026-02-11,6941.47021484375,6175510000.0,17.649999618530273,5071.60009765625,2681.0,94.3734359741211,9106600.0,154.48199462890625
2026-02-12,6832.759765625,7118700000.0,20.81999969482422,4923.7001953125,484.0,94.95199584960938,13099900.0,153.2689971923828
2026-02-13,6836.169921875,5718360000.0,20.600000381469727,5022.0,232.0,95.32462310791016,11681500.0,152.8209991455078
2026-02-17,6843.22021484375,5418480000.0,20.290000915527344,4882.89990234375,540.0,95.31482696533203,8623800.0,153.60899353027344
2026-02-18,6881.31005859375,5098160000.0,19.6200008392334,4986.5,544.0,95.11869812011719,7778800.0,153.1490020751953
2026-02-19,6861.89013671875,5151690000.0,20.229999542236328,4975.89990234375,37.0,95.20694732666016,4993000.0,154.6929931640625
2026-02-20,6909.509765625,5432480000.0,19.09000015258789,5059.2998046875,134.0,95.20694732666016,11200200.0,155.16000366210938
2026-02-23,6837.75,5638350000.0,21.010000228881836,5204.7001953125,779.0,95.55016326904297,9862900.0,154.33900451660156
2026-02-24,6890.06982421875,5266090000.0,19.549999237060547,5155.7998046875,88.0,95.53056335449219,9493300.0,154.63499450683594
2026-02-25,6946.1298828125,5328060000.0,17.93000030517578,5206.39990234375,1772.0,95.45210266113281,8762700.0,155.8800048828125
2026-02-26,6908.85986328125,5889550000.0,18.6299991607666,5176.5,1520.0,95.7070541381836,8177300.0,156.1999969482422
2026-02-27,6878.8798828125,6665660000.0,19.860000610351562,5230.5,354.0,96.0895004272461,9970300.0,155.85899353027344
2026-03-02,6881.6201171875,6079080000.0,21.440000534057617,5294.39990234375,72.0,95.51221466064453,17709600.0,156.63299560546875
2026-03-03,6816.6298828125,6442080000.0,23.56999969482422,5107.39990234375,1776.0,95.4040298461914,13708500.0,157.2570037841797
2026-03-04,6869.5,5252170000.0,21.149999618530273,5120.2001953125,679.0,95.20734405517578,12535500.0,157.7729949951172
2026-03-05,6830.7099609375,5989300000.0,23.75,5065.2998046875,1701.0,94.91232299804688,12599700.0,156.98300170898438
2026-03-06,6740.02001953125,5793120000.0,29.489999771118164,5146.10009765625,148.0,94.85330200195312,12758200.0,157.53399658203125
2026-03-09,6795.990234375,6709410000.0,25.5,5091.5,639.0,95.1483383178711,12134400.0,158.427001953125
2026-03-10,6781.47998046875,5944950000.0,24.93000030517578,5229.7001953125,4300.0,94.84346771240234,10571300.0,157.84800720214844
2026-03-11,6775.7998046875,5511090000.0,24.229999542236328,5167.39990234375,633.0,94.41075134277344,12197600.0,158.11399841308594
2026-03-12,6672.6201171875,6292170000.0,27.290000915527344,5115.7998046875,410.0,94.10589599609375,11401400.0,159.0749969482422
2026-03-13,6632.18994140625,5337120000.0,27.190000534057617,5052.5,479.0,94.00753021240234,11839700.0,159.20599365234375
2026-03-16,6699.3798828125,5176290000.0,23.510000228881836,4994.0,130.0,94.43042755126953,9092100.0,159.5679931640625
2026-03-17,6716.08984375,5063390000.0,22.3700008392334,5001.0,239.0,94.59761810302734,7209700.0,159.10499572753906
2026-03-18,6624.7001953125,5275480000.0,25.09000015258789,4889.89990234375,1461.0,94.16490173339844,13048700.0,158.88900756835938
2026-03-19,6606.490234375,5973390000.0,24.059999465942383,4600.7001953125,627.0,94.15505981445312,18464600.0,159.7949981689453
2026-03-20,6506.47998046875,10025820000.0,26.780000686645508,4570.39990234375,235.0,93.30928802490234,20761500.0,157.9239959716797
2026-03-23,6581.0,6020650000.0,26.149999618530273,4404.10009765625,544.0,93.60432434082031,28336300.0,159.23399353027344
2026-03-24,6556.3701171875,5278580000.0,26.950000762939453,4399.2998046875,378.0,93.28963470458984,19785600.0,158.47900390625
2026-03-25,6591.89990234375,4936720000.0,25.329999923706055,4549.7998046875,388.0,93.7813491821289,15939200.0,158.71800231933594
2026-03-26,6477.16015625,4845560000.0,27.440000534057617,4375.5,1070.0,93.02408599853516,12897300.0,159.38400268554688
2026-03-27,6368.85009765625,5303490000.0,31.049999237060547,4492.0,74348.0,93.033935546875,11401900.0,159.70399475097656
2026-03-30,6343.72021484375,5458640000.0,30.610000610351562,4526.0,10816.0,93.69283294677734,15430000.0,160.23399353027344
2026-03-31,6528.52001953125,6396100000.0,25.25,4647.60009765625,4264.0,93.86002349853516,18649700.0,159.84100341796875
2026-04-01,6575.31982421875,5637260000.0,24.540000915527344,4783.2001953125,1637.0,93.77813720703125,13557600.0,158.57899475097656
2026-04-02,6582.68994140625,4740740000.0,23.8700008392334,4651.5,0.0,93.99520874023438,13171300.0,158.68800354003906
2026-04-06,6611.830078125,3906440000.0,24.170000076293945,4656.7998046875,148.0,93.74852752685547,6104900.0,159.77999877929688
2026-04-07,6616.85009765625,4555680000.0,25.780000686645508,4657.10009765625,327.0,93.98534393310547,6737500.0,159.68299865722656
2026-04-08,6782.81005859375,5904880000.0,21.040000915527344,4749.5,405.0,94.19255828857422,12107400.0,158.71600341796875
2026-04-09,6824.66015625,4912410000.0,19.489999771118164,4792.2001953125,1277.0,94.16294860839844,11065900.0,158.64199829101562
2026-04-10,6816.89013671875,4393220000.0,19.229999542236328,4761.89990234375,812.0,94.00507354736328,4404800.0,159.11199951171875
2026-04-13,6886.240234375,4785840000.0,19.1200008392334,4742.39990234375,32.0,94.21229553222656,4300200.0,159.67999267578125
2026-04-14,6967.3798828125,5032380000.0,18.360000610351562,4825.0,288.0,94.51818084716797,5239800.0,159.21400451660156
2026-04-15,7022.9501953125,5278610000.0,18.170000076293945,4800.0,182.0,94.31095886230469,5592900.0,158.79200744628906
2026-04-16,7041.27978515625,5173650000.0,17.940000534057617,4785.39990234375,805.0,94.14321899414062,6618900.0,158.8090057373047
2026-04-17,7126.06005859375,6145300000.0,17.479999542236328,4857.60009765625,1902.0,94.65631103515625,6912900.0,159.19500732421875
2026-04-20,7109.14013671875,4661130000.0,18.8700008392334,4806.60009765625,724.0,94.5675048828125,3868800.0,159.16099548339844
2026-04-21,7064.009765625,5160270000.0,19.5,4698.39990234375,1197.0,94.15308380126953,4872900.0,158.843994140625
2026-04-22,7137.89990234375,4919460000.0,18.920000076293945,4732.5,765.0,94.25174713134766,4121400.0,159.3730010986328
2026-04-23,7108.39990234375,5307260000.0,19.309999465942383,4705.10009765625,292.0,94.10375213623047,6795600.0,159.48800659179688
2026-04-24,7165.080078125,4608830000.0,18.709999084472656,4722.2998046875,45.0,94.29122161865234,5490000.0,159.7469940185547
2026-04-27,7173.91015625,4783750000.0,18.020000457763672,4675.39990234375,538.0,94.07414245605469,4055500.0,159.5760040283203
2026-04-28,7138.7998046875,4900650000.0,17.829999923706055,4591.5,2660.0,93.98534393310547,4867700.0,159.35699462890625
2026-04-29,7135.9501953125,5123100000.0,18.809999465942383,4545.2001953125,507.0,93.54132080078125,7200300.0,159.552001953125
2026-04-30,7209.009765625,5723790000.0,16.889999389648438,4614.7001953125,77.0,93.71893310546875,10382400.0,160.1840057373047
2026-05-01,7230.1201171875,4847390000.0,16.989999771118164,4629.89990234375,113.0,93.79020690917969,5359200.0,156.97799682617188
2026-05-04,7200.75,5215480000.0,18.290000915527344,4519.5,20.0,93.44371032714844,6593900.0,156.8459930419922
2026-05-05,7259.22021484375,5279760000.0,17.3799991607666,4555.7998046875,426.0,93.58231353759766,11281600.0,157.19400024414062
2026-05-06,7365.1201171875,6579640000.0,17.389999389648438,4681.89990234375,212.0,94.04759979248047,9031100.0,157.677001953125
2026-05-07,7337.10986328125,6237040000.0,17.079999923706055,4699.7998046875,254.0,93.76050567626953,5610100.0,156.50799560546875
2026-05-08,7398.93017578125,5302740000.0,17.190000534057617,4720.39990234375,120.0,94.00799560546875,3215100.0,156.82899475097656
2026-05-11,7412.83984375,5821910000.0,18.3799991607666,4718.7001953125,36.0,93.69120788574219,4025400.0,156.85800170898438
2026-05-12,7400.9599609375,5624790000.0,17.989999771118164,4677.60009765625,93.0,93.37442016601562,5686700.0,157.2310028076172
2026-05-13,7444.25,5716600000.0,17.8700008392334,4697.7001953125,228.0,93.37442016601562,3459200.0,157.67100524902344
2026-05-14,7501.240234375,5267050000.0,17.260000228881836,4678.10009765625,5.0,93.31501770019531,5167300.0,157.8509979248047
2026-05-15,7408.5,5582070000.0,18.43000030517578,4555.7998046875,607.0,92.57254791259766,12498700.0,158.3820037841797
2026-05-18,7403.0498046875,5489500000.0,17.81999969482422,4552.5,38.0,92.5329360961914,8422900.0,158.843994140625
2026-05-19,7353.60986328125,5441140000.0,18.059999465942383,4506.2998046875,875.0,92.17654418945312,10069800.0,158.86099243164062
2026-05-20,7432.97021484375,5384150000.0,17.440000534057617,4531.2998046875,981.0,92.80023193359375,14892500.0,159.03500366210938
2026-05-21,7445.72021484375,5440620000.0,16.760000228881836,4539.7998046875,426.0,92.85963439941406,7762000.0,158.88800048828125
2026-05-22,7473.47021484375,4952440000.0,16.700000762939453,4521.0,40.0,92.93882751464844,6321900.0,159.01800537109375
2026-05-26,7519.1201171875,5496060000.0,17.010000228881836,4500.39990234375,1261.0,93.3348159790039,5494400.0,158.95399475097656
2026-05-27,7520.35986328125,5524250000.0,16.290000915527344,4447.5,81062.0,93.37442016601562,5958800.0,159.2429962158203
2026-05-28,7563.6298828125,5494860000.0,15.739999771118164,4499.2998046875,16427.0,93.59220886230469,5938300.0,159.5679931640625
2026-05-29,7580.06005859375,7858290000.0,15.319999694824219,4560.5,1883.0,93.70111083984375,9639700.0,159.27000427246094
2026-06-01,7599.9599609375,6583960000.0,16.049999237060547,4475.2001953125,835.0,93.53919982910156,8054100.0,159.35299682617188
2026-06-02,7609.77978515625,5904410000.0,15.770000457763672,4489.10009765625,456.0,93.60873413085938,15426600.0,159.63600158691406
2026-06-03,7553.68017578125,5753860000.0,16.059999465942383,4436.7001953125,2913.0,93.3703384399414,7056500.0,159.96800231933594
2026-06-04,7584.31005859375,5398910000.0,15.399999618530273,4475.7998046875,480.0,93.48954010009766,4417900.0,159.94000244140625
2026-06-05,7383.740234375,5591290000.0,21.510000228881836,4337.10009765625,4062.0,92.99288940429688,9880800.0,159.99000549316406
2026-06-08,7405.72998046875,4898180000.0,18.920000076293945,4335.89990234375,357.0,92.8935546875,5352200.0,160.32699584960938
2026-06-09,7386.64990234375,6006390000.0,19.8700008392334,4260.0,1292.0,93.15180969238281,8007300.0,160.1739959716797
2026-06-10,7266.990234375,5247300000.0,22.219999313354492,4108.2001953125,525.0,93.06241607666016,5804900.0,160.38400268554688
2026-06-11,7394.2998046875,5658920000.0,19.440000534057617,4090.300048828125,1938.0,93.70806121826172,11281600.0,160.52699279785156
2026-06-12,7431.4599609375,4950530000.0,17.68000030517578,4215.0,1167.0,93.54914093017578,8861800.0,160.1300048828125
2026-06-15,7554.2900390625,5674670000.0,16.200000762939453,4328.0,1666.0,93.64846801757812,3787600.0,159.9550018310547
2026-06-16,7511.35009765625,5286210000.0,16.40999984741211,4330.89990234375,158.0,93.88685607910156,4675000.0,160.22900390625
2026-06-17,7420.10009765625,5883740000.0,18.440000534057617,4358.89990234375,1961.0,93.39019775390625,11508300.0,160.41900634765625
2026-06-18,7500.580078125,9061110000.0,16.399999618530273,4224.10009765625,738.0,93.7279281616211,6836500.0,160.60000610351562
2026-06-22,7472.7900390625,5976740000.0,17.280000686645508,4181.89990234375,1197.0,93.3703384399414,4572200.0,161.43299865722656
2026-06-23,7365.4599609375,5640530000.0,19.489999771118164,4129.89990234375,252.0,93.48954010009766,6504600.0,161.57000732421875
2026-06-24,7358.22021484375,5994860000.0,18.6299991607666,3990.300048828125,353.0,94.09545135498047,5179800.0,161.5989990234375
2026-06-25,7357.490234375,5565760000.0,18.889999389648438,4030.5,2724.0,94.1550521850586,5630500.0,161.76300048828125
2026-06-26,7354.02001953125,9105600000.0,18.40999984741211,4078.699951171875,1431.0,94.3934326171875,5584100.0,161.80499267578125
2026-06-29,7440.43017578125,5794570000.0,17.649999618530273,4022.300048828125,785.0,94.4232406616211,5901500.0,161.78700256347656
2026-06-30,7499.35986328125,6037540000.0,16.450000762939453,4022.89990234375,1108.0,93.9365234375,8034000.0,161.92300415039062
2026-07-01,7483.22998046875,5782730000.0,16.59000015258789,4068.300048828125,770.0,93.70830535888672,7890500.0,162.6280059814453
2026-07-02,7483.240234375,5463520000.0,16.149999618530273,4112.7001953125,228.0,93.79800415039062,7605500.0,162.53900146484375
2026-07-06,7537.43017578125,4971110000.0,15.569999694824219,4155.10009765625,1024.0,93.85779571533203,4600500.0,161.45199584960938
2026-07-07,7503.85009765625,5049590000.0,16.1299991607666,4145.2998046875,53.0,93.37943267822266,5813600.0,162.08799743652344
2026-07-08,7482.7099609375,5102020000.0,16.899999618530273,4070.89990234375,292.0,93.1900863647461,5509600.0,162.36300659179688
2026-07-09,7543.64013671875,4442950000.0,15.84000015258789,4130.60009765625,13.0,93.38939666748047,3223100.0,162.53900146484375
2026-07-10,7575.39013671875,4006370000.0,15.029999732971191,4104.10009765625,389.0,93.3096694946289,6507600.0,162.36300659179688
2026-07-13,7515.33984375,4729990000.0,17.15999984741211,3997.0,679.0,92.97084045410156,5769700.0,161.8780059814453
2026-07-14,7543.58984375,4836950000.0,16.5,4061.10009765625,1281.0,93.22994995117188,5315900.0,162.4290008544922
2026-07-15,7572.39990234375,5236550000.0,15.670000076293945,4044.0,374.0,93.45915985107422,6735500.0,162.18699645996094
2026-07-16,7533.77001953125,5365300000.0,16.729999542236328,3985.60009765625,812.0,93.39936828613281,4841200.0,162.07200622558594
2026-07-17,7457.68994140625,5303290000.0,18.770000457763672,4012.699951171875,141.0,93.51895141601562,7561300.0,162.37600708007812
2026-07-20,7443.27978515625,5152910000.0,18.649999618530273,4010.300048828125,231.0,93.21998596191406,3784800.0,162.51199340820312
2026-07-23,7408.2998046875,5515210000.0,18.700000762939453,4046.60009765625,59.0,92.53234100341797,5002200.0,163.08099365234375
2026-07-24,7411.97998046875,4860620000.0,18.579999923706055,4067.60009765625,2.0,92.71172332763672,5092700.0,163.83200073242188
2026-07-27,7413.18017578125,5038290000.0,18.670000076293945,4074.5,36.0,92.96086883544922,4046300.0,163.61099243164062
2026-07-28,7428.77978515625,5590890000.0,18.209999084472656,4036.300048828125,248.0,93.23991394042969,3320700.0,163.77099609375
2026-07-29,7316.14990234375,5836350000.0,20.65999984741211,4034.699951171875,89664.0,92.85124969482422,5391000.0,163.86399841308594
2026-07-30,7437.6298828125,5594430000.0,17.09000015258789,4100.10009765625,16985.0,92.89111328125,3973000.0,163.3000030517578
2026-08-03,7600.5,5201470000.0,15.859999656677246,4033.699951171875,698.0,92.81999969482422,5758500.0,157.58200073242188
2026-08-04,7736.52001953125,5906940000.0,16.5,4095.39990234375,426.0,93.25,5461600.0,157.5290069580078
2026-08-05,7723.5498046875,5615640000.0,15.8100004196167,4245.7998046875,1349.0,93.30999755859375,5609200.0,157.69200134277344
2026-08-06,7709.9599609375,5330830000.0,15.149999618530273,4242.0,3101.0,92.94999694824219,4831900.0,157.60000610351562
2026-08-07,7757.64013671875,5019970000.0,14.899999618530273,4340.7001953125,422.0,93.16999816894531,55016600.0,158.40899658203125
2026-08-10,7753.10986328125,4879540000.0,15.460000038146973,4361.7998046875,1303.0,92.76000213623047,8610100.0,157.89100646972656
2026-08-11,7728.2001953125,4739500000.0,15.279999732971191,4383.0,1303.0,92.87000274658203,5052200.0,159.156005859375
2026-08-12,7748.5,2674503000.0,14.550000190734863,4458.39990234375,20684.0,92.95999908447266,4810080.0,159.26499938964844
