Date,SP500_Close,SP500_Volume,VIX_Close,Gold_Close,Gold_Volume,IEF_Close,IEF_Volume,JPY_Close,SP500_Return,VIX_Return,Gold_Return,IEF_Return,JPY_Return,SP500_MA7,SP500_MA30,VIX_MA7,VIX_MA30,Gold_MA7,Gold_MA30,IEF_MA7,IEF_MA30,JPY_MA7,JPY_MA30,SP500_Vol30,VIX_Vol30,Gold_Vol30,IEF_Vol30,JPY_Vol30,SP500_Drawdown,Gold_Drawdown,IEF_Drawdown,is_stress,news_headlines
2023-02-15,4147.60009765625,4075980000.0,18.229999542236328,1834.199951171875,368.0,86.12242126464844,4964700.0,132.99099731445312,0.002773175690496,-0.0359598260530309,-0.0106796379871224,-0.0029976564579712,-0.0049418656269146,4124.977120535715,4027.01201171875,19.57285690307617,19.750999959309897,1859.7428501674108,1891.613330078125,86.75379071916852,87.79698130289714,131.92142813546317,130.65250040690103,0.1620552195474554,0.7439440836740847,0.1295713157384912,0.0977026119315729,0.1319718984913905,-0.007694142671365,-0.055120545379885,-0.0335276967930029,0,
2023-02-16,4090.409912109375,4143660000.0,20.170000076293945,1842.0,222.0,85.83673095703125,27126400.0,133.9029998779297,-0.0137887414891306,0.1064180242880923,0.00425256189934,-0.0033172581938828,-0.0068576263197737,4114.464250837053,4034.926676432292,19.788571221487864,19.6896666208903,1855.5,1891.253328450521,86.57904924665179,87.76953659057617,132.10428510393416,130.74100036621093,0.1682605277890406,0.8056296535796873,0.1284504393474769,0.095437147438521,0.1329757851713074,-0.0213767916162197,-0.0511023870116983,-0.0367337349599771,0,
2023-02-17,4079.090087890625,4045480000.0,20.020000457763672,1840.4000244140625,35.0,86.07778930664062,4540500.0,134.07400512695312,-0.0027674058253277,-0.0074367683670248,-0.0008686078099552,0.0028083356265051,-0.0012770830315924,4108.925711495535,4043.959676106771,19.844285692487443,19.60833333333333,1850.2142857142856,1891.4399943033852,86.39282989501953,87.75428568522135,132.5374276297433,130.80193379720052,0.1638920786536558,0.8030306430537356,0.125253033884149,0.0957901259380778,0.1313767720623402,-0.0240850391839019,-0.0519266068891878,-0.0340285599900546,0,
2023-02-21,3997.340087890625,4121590000.0,22.8700008392334,1833.0,862.0,85.14033508300781,11382100.0,134.33599853515625,-0.0200412342553273,0.1423576581570211,-0.0040208782416303,-0.0108907795051899,-0.0019540954859598,4096.902866908482,4047.368343098958,20.15285737173898,19.666333389282222,1845.471435546875,1890.3999959309897,86.12881033761161,87.67066446940105,132.9587140764509,130.83623352050782,0.164416443858214,0.8875744329514579,0.1163068385985528,0.0924012948534168,0.1295175581190722,-0.043643579526896,-0.0557386945670157,-0.0445487419515137,1,"Gold daily return was -0.40%, used to evaluate commodity safe-haven behavior. || Market stress day identified on 2023-02-21 based on the project's is_stress flag. || S&P 500 daily return was -2.00%, representing equity market pressure. || US Treasury bond ETF IEF daily return was -1.09%, used to evaluate bond safe-haven behavior. || VIX closed at 22.87, showing elevated market fear and volatility."
2023-02-22,3991.050048828125,4079320000.0,22.290000915527344,1832.0,278.0,85.29209899902344,30136400.0,134.9759979248047,-0.0015735561458868,-0.0253607303201784,-0.0005455537370431,0.0017825149016346,-0.0047641689243924,4082.701450892857,4050.6670084635416,20.404285975864955,19.67700010935465,1841.071428571429,1889.043330891927,85.94642094203404,87.5846778869629,133.45257132393974,130.94003346761068,0.1645047280188871,0.8849240391086456,0.1152999525679378,0.0921780476067124,0.1257069876475273,-0.0451484600499897,-0.0562538398509398,-0.0428456358462567,0,
2023-02-23,4012.320068359375,3952940000.0,21.13999938964844,1818.0,291.0,85.62242889404297,7059800.0,134.9320068359375,0.0053294294160743,-0.0515927087772259,-0.0076419213973799,0.0038729249121107,0.0003259178634982,4064.848597935268,4053.7693440755206,20.51857158115932,19.6956667582194,1836.2285679408485,1887.2566650390625,85.78188105991909,87.52811431884766,133.9355730329241,131.0468002319336,0.1640431647804507,0.8780661586039047,0.1170363989258336,0.0917947274399871,0.1256367833391577,-0.0400596461649962,-0.0634658738258781,-0.0391386488645902,0,
2023-02-24,3970.0400390625,3877700000.0,21.670000076293945,1808.800048828125,404.0,85.1046142578125,10757200.0,134.6280059814453,-0.0105375514855581,0.0250709887392441,-0.0050604791924504,-0.0060476518001055,0.002252992908212,4041.1214773995534,4053.783675130208,20.91285732814244,19.715000089009603,1829.771432059152,1885.0633341471355,85.59948839460101,87.43558120727539,134.26285879952567,131.13103383382162,0.1631593767734224,0.8781308557235177,0.1173704253183589,0.090563219738837,0.1257986554523008,-0.0501750670665974,-0.068205185284402,-0.0449496037444361,0,
2023-02-27,3982.239990234375,3836950000.0,20.950000762939453,1817.0,829.0,85.363525390625,3693200.0,136.39500427246094,0.0030730045671669,-0.0332256257877054,0.0045333651871513,0.003042269036414,-0.0131250424318039,4017.498604910714,4053.752677408854,21.301428931100027,19.785666783650715,1827.3142961774556,1882.4466674804687,85.49107469831195,87.32554473876954,134.7491455078125,131.28080088297526,0.1631010087918179,0.8223789421137994,0.1128174908609353,0.0864456258509393,0.1306603942727025,-0.0472562507096839,-0.0639810191098022,-0.0420440834956929,0,
2023-02-28,3970.14990234375,5043400000.0,20.700000762939453,1828.9000244140625,618.0,85.4974365234375,4690000.0,136.31700134277344,-0.0030360018281855,-0.0119331737897714,0.0065492704535292,0.001568716055244,0.0005718899317725,4000.318603515625,4052.788004557292,21.37714331490653,19.864000129699708,1825.44287109375,1879.4633341471356,85.4426040649414,87.23571116129557,135.09400285993303,131.5189676920573,0.1628931485926693,0.8189677746691767,0.1081214514796122,0.0859287306609806,0.1132831870151067,-0.0501487824743217,-0.0578507776543156,-0.0405413226692566,0,
2023-03-01,3951.389892578125,4249480000.0,20.57999992370605,1837.699951171875,211.0,84.81394958496094,8328600.0,136.34800720214844,-0.00472526484568,-0.0057971417782866,0.0048115952979068,-0.0079942389651553,-0.000227454089142,3982.0757184709823,4051.468668619792,21.457143238612584,19.90466677347819,1825.0571463448664,1877.1466674804688,85.26205553327289,87.13230158487956,135.41886029924666,131.78653462727866,0.1633441708707955,0.8057174008291685,0.1088702097692084,0.0880955404471901,0.1105769276237335,-0.0546370810411221,-0.0533175368861505,-0.0482114646130305,0,
2023-03-02,3981.35009765625,4244900000.0,19.59000015258789,1833.5,154.0,84.46501159667969,12952800.0,136.19400024414062,0.0075821940867943,-0.0481049453249891,-0.002285439018049,-0.004114157989208,0.0011295138166521,3979.791434151786,4053.2183349609377,20.98857171194894,19.87966677347819,1825.1285749162944,1874.7833333333333,85.16558074951172,86.97746607462565,135.68428911481584,132.05030110677083,0.1582218858917031,0.8060841219502183,0.1089125731723178,0.0764947882403396,0.1107538405019442,-0.0474691559071174,-0.0554811219250536,-0.0521272730199293,0,
2023-03-03,4045.639892578125,4084730000.0,18.489999771118164,1847.699951171875,61.0,85.14495086669922,5696900.0,136.7050018310547,0.0161477371607488,-0.056151116534035,0.0077447238461276,0.0080499517748986,-0.0037520124674952,3987.589983258928,4058.111328125,20.44571440560477,19.81200008392334,1827.3714250837052,1872.3033325195315,85.14455958775112,86.85093688964844,135.93128967285156,132.32250111897787,0.162561843751896,0.8217153850133052,0.1076959180998339,0.0816142069928598,0.1108674154959314,-0.0320879381991993,-0.0481660840469089,-0.044496943278998,0,
2023-03-06,4048.419921875,4000870000.0,18.61000061035156,1847.9000244140625,5.0,84.99284362792969,3766400.0,135.86000061035156,0.0006871667698291,0.006490040060511,0.0001082823226037,-0.0017864504849813,0.0061812019266669,3992.747105189732,4060.638321940104,20.08428600856236,19.7706667582194,1831.642857142857,1869.6866658528645,85.05461883544922,86.73893839518229,136.06386021205358,132.57216796875,0.1537229002414909,0.816932009894039,0.1072654970516883,0.080142279366467,0.1130376476320961,-0.0314228211942129,-0.0480630172597566,-0.0462039021780785,0,
2023-03-07,3986.3701171875,3922500000.0,19.59000015258789,1813.9000244140625,450.0,85.00180053710938,5053300.0,135.99899291992188,-0.0153269191153376,0.0526598339653583,-0.0183992637863517,0.0001053842746914,-0.001023055416943,3995.079973493304,4059.5236572265626,19.78714316231864,19.76333344777425,1832.3714250837052,1865.9133341471356,85.03993116106305,86.6367426554362,136.2597154889788,132.79366760253907,0.1566857652494647,0.8315251316958507,0.1178977947263389,0.0800203348842253,0.1117339061478035,-0.0462681252707313,-0.065577956913178,-0.046103387068106,1,"Gold daily return was -1.84%, used to evaluate commodity safe-haven behavior. || Market stress day identified on 2023-03-07 based on the project's is_stress flag. || S&P 500 daily return was -1.53%, representing equity market pressure. || US Treasury bond ETF IEF daily return was 0.01%, used to evaluate bond safe-haven behavior. || VIX closed at 19.59, showing elevated market fear and volatility."
2023-03-08,3992.010009765625,3535570000.0,19.11000061035156,1812.699951171875,75.0,84.9749755859375,5163500.0,137.39100646972656,0.0014147940136839,-0.024502273532291,-0.0006615983384062,-0.0003155809759601,-0.0102354695422217,3996.475690569197,4058.6923258463535,19.524285997663224,19.760333442687987,1831.7571323939733,1861.8733317057288,84.9844240461077,86.5167241414388,136.4020015171596,133.02013448079427,0.1567503143137342,0.8296384435454905,0.1168142506949379,0.0773366506371982,0.1121333632653236,-0.0449187911237048,-0.0661961689842544,-0.0464044186921802,0,
2023-03-09,3918.320068359375,4445260000.0,22.61000061035156,1829.300048828125,332.0,85.50281524658203,12498800.0,137.2259979248047,-0.0184593578738486,0.1831501773005759,0.0091576643147799,0.0062117071173584,0.0012010141650591,3989.071428571429,4055.428995768229,19.797143118722097,19.87800013224284,1831.8142787388392,1858.1433349609372,84.98519243512835,86.41103388468424,136.53185817173548,133.25303446451824,0.1654800112952954,0.9825206514922808,0.1201716920179977,0.080123018754437,0.111689333301005,-0.0625489769569404,-0.0576447069639568,-0.0404809622326888,1,"Gold daily return was 0.92%, used to evaluate commodity safe-haven behavior. || Market stress day identified on 2023-03-09 based on the project's is_stress flag. || S&P 500 daily return was -1.85%, representing equity market pressure. || US Treasury bond ETF IEF daily return was 0.62%, used to evaluate bond safe-haven behavior. || VIX closed at 22.61, showing elevated market fear and volatility."
2023-03-10,3861.590087890625,5518190000.0,24.799999237060547,1862.0,248.0,87.0774154663086,11041300.0,136.39500427246094,-0.0144781384570513,0.0968597331972798,0.0178756629853167,0.0184157704653999,0.0060556575642402,3976.242885044642,4048.8010009765626,20.400000163487025,20.080333455403647,1835.2857142857144,1855.906669108073,85.3085447038923,86.36852111816407,136.53857203892298,133.49163462320965,0.1662020730862396,1.012525087164086,0.1323957595187878,0.097837494815834,0.1105791029771753,-0.0761215226652623,-0.0407994813332151,-0.0228106798759845,0,
2023-03-13,3855.760009765625,6558020000.0,26.520000457763672,1911.699951171875,503.0,88.13313293457031,23930600.0,134.97999572753906,-0.0015097610031894,0.0693548900651896,0.0266917030998254,0.0121238953017639,0.0103743429055163,3958.301443917411,4041.6409993489583,21.390000207083567,20.34733346303304,1846.4571358816963,1855.3433349609372,85.83256203787667,86.36565322875977,136.36514282226562,133.66430104573567,0.165745324512048,1.0237197092482724,0.1550649527840759,0.104337022433013,0.1157653713829783,-0.0775163583620283,-0.0151967858757627,-0.0109633388687991,1,"Gold daily return was 2.67%, used to evaluate commodity safe-haven behavior. || Market stress day identified on 2023-03-13 based on the project's is_stress flag. || S&P 500 daily return was -0.15%, representing equity market pressure. || US Treasury bond ETF IEF daily return was 1.21%, used to evaluate bond safe-haven behavior. || VIX closed at 26.52, showing elevated market fear and volatility."
2023-03-14,3919.2900390625,5665870000.0,23.729999542236328,1906.199951171875,107.0,87.30107879638672,47886700.0,133.11399841308594,0.0164766554806239,-0.1052036526157215,-0.0028770205264839,-0.0094408778001947,0.0138242508039464,3940.25146484375,4038.358333333333,22.13857160295759,20.473666763305665,1854.8142787388392,1854.7866658528649,86.14058031354632,86.34425659179688,135.85214233398438,133.77296752929686,0.1703375052778963,1.0616086451039095,0.1550532103016615,0.1075301633020677,0.1238200936970214,-0.0623169132122482,-0.0180300849373455,-0.0203007131264514,0,
2023-03-15,3891.929931640625,6594010000.0,26.13999938964844,1926.5999755859373,564.0,88.56257629394531,25157400.0,134.39700317382812,-0.0069808835654376,0.1015592032828582,0.0107019331322093,0.0144499645932303,-0.0096383909734323,3917.895751953125,4032.202661132813,23.214285714285715,20.698333422342937,1866.05712890625,1854.689998372396,86.65054212297711,86.35006179809571,135.6431427001953,133.9035675048828,0.1647726213183427,1.0898663849993733,0.1579555535752775,0.1147384626198552,0.1259318415531026,-0.0688627696623936,-0.0075211085685036,-0.0061440931191157,1,"Gold daily return was 1.07%, used to evaluate commodity safe-haven behavior. || Market stress day identified on 2023-03-15 based on the project's is_stress flag. || S&P 500 daily return was -0.70%, representing equity market pressure. || US Treasury bond ETF IEF daily return was 1.44%, used to evaluate bond safe-haven behavior. || VIX closed at 26.14, showing elevated market fear and volatility."
2023-03-16,3960.280029296875,5695790000.0,22.989999771118164,1919.0,394.0,87.76629638671875,13961000.0,132.9290008544922,0.0175620062171666,-0.1205049614414945,-0.0039447605534335,-0.008991155638739,0.0109228798609238,3914.1685965401775,4026.904996744792,23.699999945504324,20.869000053405763,1881.0714111328125,1854.3966634114583,87.04547010149274,86.30813369750976,135.20457240513392,133.9975341796875,0.1704419896916137,1.1261730582592082,0.1583527532604158,0.1156181390164281,0.1301928436923525,-0.0525101318341692,-0.011436200149538,-0.0150800062603618,0,
2023-03-17,3916.639892578125,9354280000.0,25.51000022888184,1969.800048828125,82.0,88.80413055419922,12293700.0,133.3679962158203,-0.0110194573100675,0.1096128961658144,0.0264721463408676,0.0118249739388287,-0.0033024799592729,3903.401436941964,4018.134334309896,24.614285605294363,21.095000076293942,1903.5142822265625,1856.179996744792,87.59249223981585,86.30199127197265,134.6298566545759,134.15573425292968,0.1657574216717746,1.1575441308139742,0.1749569163269435,0.1209680261344545,0.1251162805533845,-0.0629509559881441,0.0,-0.0034333530025592,1,"Gold daily return was 2.65%, used to evaluate commodity safe-haven behavior. || Market stress day identified on 2023-03-17 based on the project's is_stress flag. || S&P 500 daily return was -1.10%, representing equity market pressure. || US Treasury bond ETF IEF daily return was 1.18%, used to evaluate bond safe-haven behavior. || VIX closed at 25.51, showing elevated market fear and volatility."
2023-03-20,3951.570068359375,5347140000.0,24.14999961853028,1979.199951171875,389.0,88.44622039794922,7982400.0,132.28399658203125,0.00891840371831,-0.0533124499470524,0.0047720083819382,-0.0040303323056753,0.0081278842341974,3908.151436941964,4011.970670572917,24.834285463605607,21.28900006612142,1924.9285539899556,1860.056660970052,88.01297869001117,86.31576232910156,133.9238564627511,134.27366739908854,0.1668379605469631,1.1693949663275405,0.1523068932859812,0.1173232075104739,0.1280305174347061,-0.0545939743097899,0.0,-0.0074498477547116,0,
2023-03-21,4002.8701171875,4920240000.0,21.3799991607666,1938.0,47.0,87.67687225341797,9851600.0,131.39199829101562,0.0129821938977849,-0.114699813727461,-0.0208164673546402,-0.0086984852610965,0.006743055199897,3928.334298270089,4008.363671875,24.345714024135045,21.354000027974447,1935.7856968470985,1862.4499959309896,88.09861537388393,86.32918548583984,133.20914132254464,134.2531005859375,0.1713311121465562,1.2155068571073706,0.1661275263794144,0.1173740980265241,0.1069045280977,-0.0423205299721453,-0.0208164673546402,-0.0160835306249163,0,
2023-03-22,3936.969970703125,4533010000.0,22.26000022888184,1946.800048828125,50.0,88.83098602294922,10705200.0,132.34800720214844,-0.0164632237757136,0.0411600141561316,0.0045407888690014,0.0131632634681064,-0.0072760055678229,3939.935721261161,4000.796004231771,23.73714256286621,21.474000040690104,1940.7999965122767,1864.9533325195312,88.19830867222377,86.3882209777832,132.83314296177454,134.24393412272136,0.1720349519648384,1.2117216768376802,0.1663279247725083,0.122924850992795,0.1081884888471496,-0.0580870213926207,-0.0163702016688946,-0.003131978907923,1,"Gold daily return was 0.45%, used to evaluate commodity safe-haven behavior. || Market stress day identified on 2023-03-22 based on the project's is_stress flag. || S&P 500 daily return was -1.65%, representing equity market pressure. || US Treasury bond ETF IEF daily return was 1.32%, used to evaluate bond safe-haven behavior. || VIX closed at 22.26, showing elevated market fear and volatility."
2023-03-23,3948.719970703125,4991600000.0,22.61000061035156,1993.800048828125,33.0,89.34088134765625,7118800.0,131.1790008544922,0.0029845287333754,0.0157232874155859,0.0241421814368103,0.0057400615205971,0.0088328216825411,3944.1399972098216,3995.1580078125,23.5771427154541,21.573333422342937,1953.3142961774556,1868.8333333333333,88.48970903669085,86.4535395304362,132.5567147391183,134.24850056966145,0.1702694772630866,1.204993700915227,0.1789405229673979,0.1234999942262639,0.1055820466546827,-0.0552758550436277,0.0,0.0,0,
2023-03-24,3970.989990234375,4583970000.0,21.739999771118164,1982.0999755859373,19.0,89.36774444580078,9135800.0,130.86500549316406,0.0056398072531045,-0.0384785853935395,-0.0058682279845787,0.0003006809171715,0.0023936404400306,3955.434291294642,3991.4743408203126,22.948571341378347,21.60766677856445,1961.2428676060267,1872.6966674804687,88.60473305838448,86.53284861246745,132.05214364188058,134.2311009724935,0.1699037453878387,1.2033870812032734,0.1789026999412655,0.1225016419574742,0.1055212027363157,-0.0499477929587198,-0.0058682279845787,0.0,0,
2023-03-27,3977.530029296875,4233540000.0,20.600000381469727,1952.4000244140625,877.0,88.26732635498047,8284400.0,130.8459930419922,0.0016469543057482,-0.0524378749609252,-0.0149840833145135,-0.0123133698589392,0.0001452829280083,3957.898577008928,3987.710009765625,22.607142857142858,21.61000010172526,1966.014299665179,1875.6833333333332,88.67630876813617,86.58946533203125,131.75457109723772,134.2086675008138,0.1698255059120645,1.2141317939075402,0.1853430168315855,0.1273834825285303,0.1054681396573028,-0.0483831003856475,-0.0207643812820627,-0.0123133698589392,0,
2023-03-28,3971.27001953125,4014600000.0,19.96999931335449,1972.4000244140625,21.0,88.2136459350586,13324800.0,131.23300170898438,-0.0015738434957162,-0.0305825755557723,0.0102438023713926,-0.0006081573118685,-0.0029577418306419,3965.702880859375,3982.176009114584,21.815714154924667,21.59766674041748,1966.385724748884,1879.7,88.59195382254464,86.63744659423828,131.44957188197546,134.19806772867838,0.1657575886973935,1.2175515792980796,0.1855656354980913,0.1273320464746316,0.1058487533490941,-0.0498807964535192,-0.0107332851288877,-0.0129140387048944,0,
2023-03-29,4027.81005859375,4145250000.0,19.1200008392334,1966.0999755859373,88563.0,88.06156158447266,13404700.0,131.04600524902344,0.0142372688798364,-0.0425637708236009,-0.0031941029964227,-0.001724045627792,0.0014249194754808,3976.594308035714,3978.565348307292,21.0971429007394,21.60466677347819,1964.514299665179,1883.4366658528645,88.53700256347656,86.69345321655274,131.27271597726005,134.15503438313803,0.1717734788351688,1.2058022139003526,0.1861983583806937,0.1266122729252776,0.1043451548376117,-0.0363536938847319,-0.0138931049071188,-0.0146158199407202,0,
2023-03-30,4050.830078125,3930860000.0,19.020000457763672,1980.300048828125,10119.0,88.19575500488281,4157500.0,132.5760040283203,0.0057152693886679,-0.0052301452447914,0.0072224573615367,0.0015238591957222,-0.0116752798102426,3983.445731026786,3975.339680989584,20.76000022888184,21.631000137329103,1970.557163783482,1888.3066691080728,88.61112867082868,86.76256434122722,131.44185965401786,134.14120127360027,0.1725194123046948,1.2004326600195223,0.1827817342309458,0.1261505226067349,0.1090085026999001,-0.0308461956498882,-0.0067709899033931,-0.0131142331966177,0,
2023-03-31,4109.31005859375,4525120000.0,18.700000762939453,1969.0,957.0,88.67886352539062,6330100.0,133.2010040283203,0.0144365424717638,-0.0168243789233769,-0.0057062306466194,0.0054776845039885,-0.00471427695065,4008.065743582589,3975.969685872396,20.251428876604358,21.582000160217284,1973.728585379464,1892.5400024414064,88.58939688546317,86.85730209350587,131.563716343471,134.1178014119466,0.1733461920100573,1.1616768803418551,0.1842823742772759,0.126217088981791,0.1079952097779464,-0.0168549655917164,-0.0124385837199178,-0.007708384324592,0,
2023-04-03,4124.509765625,4234700000.0,18.549999237060547,1983.9000244140625,737.0,89.09660339355469,7226600.0,133.3470001220703,0.0036988464765423,-0.0080214716448667,0.0075673054413725,0.0047107038989562,-0.0010960585080797,4033.178571428572,3977.483675130208,19.67142868041992,21.53300011952718,1972.3142961774556,1897.32333577474,88.55450003487724,86.95792922973632,131.87343052455358,134.09356791178385,0.1733936958874722,1.161710650540189,0.184647573018779,0.1265585854108195,0.1079756546597884,-0.0132184630452651,-0.004965404840812,-0.0030339923417283,0,
2023-04-04,4100.60009765625,4227800000.0,19.0,2022.199951171875,811.0,89.67030334472656,6763200.0,132.2989959716797,-0.0057969720833299,0.0242588022343639,0.0193053713828772,0.0064390776900635,0.0078592255501154,4051.694301060268,3980.925675455729,19.28000014168876,21.40400009155273,1978.042864118304,1903.630000813802,88.59772273472377,87.10892817179362,132.07828630719865,134.02566782633463,0.1634096757754736,1.083746902201205,0.1897181851137389,0.1220828280645318,0.1100332273500511,-0.0189388080673371,0.0,0.0,0,
2023-04-05,4090.3798828125,3968020000.0,19.07999992370605,2020.9000244140625,525.0,90.04682922363281,6257100.0,131.48500061035156,-0.0024923705312281,0.0042105223003183,-0.0006428280037585,0.0041990030685938,0.0061526949267428,4067.815708705357,3984.236669921875,19.062857219151088,21.297000058492024,1987.828578404018,1909.926668294271,88.85193743024554,87.2674191792806,132.16957310267858,133.9093012491862,0.1635522541274277,1.0820588777257714,0.1897357435556539,0.1222877716089655,0.1100559395535084,-0.0213839760714417,-0.0006428280037585,0.0,0,
2023-04-06,4105.02001953125,3486690000.0,18.39999961853028,2011.9000244140625,0.0,90.07371520996094,4264700.0,130.9340057373047,0.0035791630944272,-0.0356394291349498,-0.0044534612753094,0.0002985778240047,0.0041905530706101,4086.9228515625,3987.326668294271,18.838571548461918,21.205666732788085,1993.471435546875,1916.3900024414063,89.11766161237445,87.4157953898112,132.1268593924386,133.77603454589843,0.1632159838224124,1.0768044782678796,0.1883513040772776,0.1222098199334862,0.1104652730779362,-0.0178813497149815,-0.0050934264694466,0.0,0,
2023-04-10,4109.10986328125,3423650000.0,18.96999931335449,1989.0999755859373,652.0,89.18624114990234,6025100.0,132.0970001220703,0.0009963029974375,0.0309782449261668,-0.0113325953334909,-0.0098527529145422,-0.0088822943911068,4098.537109375,3991.9623291015614,18.817142759050643,21.11566670735677,1996.7571498325888,1922.4,89.27833012172154,87.55184961954753,132.2770015171596,133.69166768391926,0.1596299873325844,1.0782509287478643,0.1916625120211956,0.12478179049935,0.1140066785093872,-0.0169028619598633,-0.0163683000618984,-0.0098527529145422,0,
2023-04-11,4108.93994140625,3665830000.0,19.100000381469727,2004.800048828125,68.0,89.15039825439453,5459000.0,133.468994140625,-4.1352477946232646e-05,0.0068529822256619,0.0078930538609869,-0.0004018881729477,-0.0103862617416508,4106.838518415178,3996.185660807292,18.82857131958008,21.05400002797445,2000.2571498325888,1928.660001627604,89.41470772879464,87.6780787150065,132.40457153320312,133.59413401285806,0.1595671608961691,1.0744929779080417,0.1921059801042465,0.1248333321533727,0.1113862058346846,-0.0169435154625831,-0.0086044420749128,-0.0102506813826227,0,
2023-04-12,4091.949951171875,3633120000.0,19.09000015258789,2010.9000244140625,172.0,89.41036224365234,5857200.0,133.593994140625,-0.0041348840520069,-0.0005235721823093,0.0030426852740268,0.0029160160172925,-0.0009365471044779,4104.358503069197,4000.245662434896,18.884285518101283,21.00033334096273,2006.2428676060267,1934.726668294271,89.51920754568917,87.808509572347,132.46071297781808,133.50336710611978,0.1598458161077969,1.0739840121335975,0.1918679156848615,0.1249029190385729,0.1114868921702324,-0.0210083400427188,-0.0055879374100786,-0.0073645565164301,0,
2023-04-13,4146.22021484375,3596590000.0,17.799999237060547,2041.300048828125,1043.0,89.1145248413086,39858200.0,133.0850067138672,0.0132626899936381,-0.0675746938300819,0.0151176209881047,-0.0033087596886987,0.0038099574013936,4107.459995814732,4006.7400065104166,18.777142660958425,20.90766665140788,2014.44287109375,1941.513338216146,89.52176775251117,87.95186208089193,132.42328534807478,133.39460042317708,0.1626685921871311,1.0914036529538085,0.1949036201946103,0.1225160702623471,0.1118248096921812,-0.0080242771503483,0.0,-0.0106489486574022,0,
2023-04-14,4137.64013671875,3575690000.0,17.06999969482422,2002.199951171875,718.0,88.67527770996094,4968500.0,132.48699951171875,-0.0020693734728036,-0.0410112119958089,-0.0191545077749333,-0.0049290183853849,0.0044934227897974,4112.751429966518,4011.949674479167,18.5014283316476,20.82366663614909,2011.585728236607,1947.136669921875,89.37962123325893,88.09220428466797,132.45014299665178,133.27103373209636,0.1620171968006588,1.0890236333631875,0.2051772010103272,0.1228731195881483,0.1123391900979017,-0.0100770453968786,-0.0191545077749332,-0.0155254781790698,0,
2023-04-17,4151.31982421875,3611180000.0,16.950000762939453,1994.199951171875,554.0,88.11054992675781,5681000.0,133.9709930419922,0.0033061569029655,-0.0070298145301754,-0.0039956049321235,-0.0063684918478658,-0.0112010501841139,4121.457135881697,4015.4723388671873,18.19714273725237,20.772333335876464,2007.771432059152,1952.0200032552084,89.10300990513393,88.19105758666993,132.80528477260046,133.17990010579427,0.1559770298913921,1.0771759616336132,0.2056483169018448,0.1234535977633057,0.1169949671465563,-0.0068042047871134,-0.0230735788613189,-0.021795096145718,0,
2023-04-18,4154.8701171875,3536640000.0,16.829999923706055,2007.4000244140625,72.0,88.25393676757812,5061300.0,134.4250030517578,0.0008552202959737,-0.0070796952113285,0.0066192325571117,0.0016273515593705,-0.0033888679889333,4128.578578404018,4019.020678710937,17.972857066563197,20.71299997965495,2007.1285749162944,1957.336669921875,88.8430415562221,88.29976069132486,133.30399867466517,133.13206685384114,0.1559757358598982,1.0771058630070909,0.2058209584973915,0.1231390196228593,0.1163472383335587,-0.0059548035851716,-0.0166070756886151,-0.0202032128700467,0,
2023-04-19,4154.52001953125,3572560000.0,16.459999084472656,1995.199951171875,61.0,88.06570434570312,4648100.0,134.04400634765625,-8.42619976980652e-05,-0.0219846013613006,-0.0060775496133356,-0.0021328501454923,0.002834269633268,4135.06574358259,4024.6256754557294,17.614285605294363,20.608666610717773,2008.0,1963.380000813802,88.68296486990792,88.40189081827799,133.58214242117745,133.06690063476563,0.1482505238916482,1.0663674687854785,0.197707849689097,0.1234956639282136,0.1164950487721256,-0.0060385638192236,-0.0225836949755207,-0.0222929725900298,0,
2023-04-20,4129.7900390625,3772080000.0,17.170000076293945,2007.5999755859373,164.0,88.57667541503906,4608000.0,134.70399475097656,-0.0059525481529729,0.0431349350736636,0.0062149281864101,0.005802157299851,-0.0049236696313639,4138.044328962053,4029.2183430989594,17.338571275983536,20.543999926249185,2008.3999895368304,1969.8766682942708,88.60100446428571,88.52194747924804,133.7585710797991,132.97733357747396,0.1497826940260795,1.0728725994735746,0.1975284924304792,0.1241101782743586,0.1132301643409915,-0.0119551671302879,-0.0165091228315672,-0.0166201626238274,0,
2023-04-21,4133.52001953125,3611750000.0,16.770000457763672,1979.5,132.0,88.36150360107422,5948100.0,133.99600219726562,0.0009031888869577,-0.0232964249710482,-0.0139968001233592,-0.0024292152867176,0.0052559135682633,4143.98291015625,4036.391674804688,17.007142748151505,20.34933325449625,2003.914271763393,1974.8833333333332,88.45116751534599,88.61723709106445,133.81600080217635,132.86966705322266,0.1377572723616572,0.9202913052116708,0.2030715025475464,0.1237338367391191,0.1140139184050626,-0.0110627760174239,-0.030274848062441,-0.0190090039574316,0,
2023-04-24,4137.0400390625,3290940000.0,16.889999389648438,1989.0999755859373,145.0,88.79183959960938,5143700.0,133.96099853515625,0.0008515791660903,0.0071555711752655,0.0048496971891573,0.0048701751441215,0.0002612291526268,4142.671456473215,4045.57333984375,16.877142769949778,20.085666592915853,1996.4571184430804,1979.119999186198,88.40506962367466,88.67438456217448,133.94114249093192,132.78853352864584,0.1288754542758714,0.866384770278955,0.1980673306565147,0.113053575172847,0.1129105682180194,-0.0102206176809092,-0.0255719747188341,-0.0142314059918981,0,
2023-04-25,4071.6298828125,3978640000.0,18.76000022888184,1994.0,306.0,89.67030334472656,13076800.0,134.08399963378906,-0.0158108588827732,0.1107164539259539,0.0024634379740613,0.0098935189210906,-0.0009181858897575,4133.241420200893,4052.769002278646,17.118571417672293,19.82699991861979,1995.2856968470985,1981.8633341471357,88.5472161429269,88.72562357584636,134.1692853655134,132.7586669921875,0.1388578029687599,0.90716409405455,0.1840701726122449,0.1112613822414135,0.1090729348184996,-0.0258698798198348,-0.0231715317183669,-0.0044786857552619,1,"Gold daily return was 0.25%, used to evaluate commodity safe-haven behavior. || Market stress day identified on 2023-04-25 based on the project's is_stress flag. || S&P 500 daily return was -1.58%, representing equity market pressure. || US Treasury bond ETF IEF daily return was 0.99%, used to evaluate bond safe-haven behavior. || VIX closed at 18.76, showing elevated market fear and volatility."
2023-04-26,4055.989990234375,3837030000.0,18.84000015258789,1985.699951171875,615.0,89.32073211669922,5903000.0,133.71099853515625,-0.0038411871973298,0.0042643882052244,-0.0041625119499122,-0.0038984057707874,0.0027818464518626,4119.62287248884,4057.325667317709,17.388571330479213,19.66399993896484,1994.0714111328125,1984.5133341471355,88.72009931291852,88.7929453531901,134.13214329310827,132.7785669962565,0.1326117490868901,0.8615507745123637,0.1843714839991065,0.1080274464182505,0.101520315667362,-0.0296116959660043,-0.0272375918906037,-0.0083596317916555,0,
2023-04-27,4135.35009765625,3750550000.0,17.030000686645508,1989.9000244140625,355.0,88.738037109375,5065800.0,133.46499633789062,0.019566149722497,-0.0960721577114084,0.002115160067214,-0.0065236255180143,0.0018398052513305,4116.83429827009,4065.4396728515626,17.417142868041992,19.360333315531413,1991.5714111328125,1986.62333577474,88.7892565046038,88.79879404703776,133.9949994768415,132.74750010172525,0.1405057390569958,0.836722360253479,0.1822861042105335,0.1019021614047175,0.0975913196738764,-0.0106249331203152,-0.0251800436900838,-0.0148287222023926,0,
2023-04-28,4169.47998046875,4087800000.0,15.779999732971191,1990.0999755859373,152.0,89.40138244628906,8525900.0,133.802001953125,0.0082532027534605,-0.0733999356003863,0.0001004830239819,0.0074753212773508,-0.002525048698021,4118.971435546875,4072.413004557292,17.320000103541783,19.119999980926515,1990.842843191964,1988.993334960937,88.98006766183036,88.85329691569011,133.9604274204799,132.77660013834637,0.134023002523432,0.7940980872127008,0.181681266136783,0.100319669217588,0.092413594498798,-0.0024594200941385,-0.0250820908330359,-0.0074642503876372,0,
2023-05-01,4167.8701171875,3321370000.0,16.079999923706055,1983.4000244140625,210.0,88.34912872314453,17442000.0,136.38600158691406,-0.0003861064902076,0.0190114192529442,-0.0033666404974966,-0.0117699938675636,-0.0193121148866988,4124.41144670759,4080.787345377604,17.164285796029226,18.805666637420654,1987.385707310268,1989.4466674804687,88.94756099155971,88.83813018798828,134.20071411132812,132.8772003173828,0.1286538408119418,0.7135995966654999,0.1655934613172465,0.1007561477554746,0.107456344638263,-0.0028445769862857,-0.0283642889477722,-0.0191463900739123,0,
2023-05-02,4119.580078125,4486130000.0,17.780000686645508,2014.300048828125,1896.0,89.49931335449219,8540700.0,137.52099609375,-0.0115862629364003,0.1057214409829203,0.0155793203759746,0.0130186301548251,-0.008321928157067,4122.420026506697,4086.3876790364575,17.308571543012345,18.593333339691164,1992.357142857143,1990.6166707356767,89.110105242048,88.87323328653972,134.70428466796875,133.05176696777343,0.1328756850113727,0.7834436657463796,0.171013554978919,0.1069774682850533,0.1061913240704501,-0.0143978819057801,-0.0132268649165517,-0.0063770196902595,0,
2023-05-03,4090.75,4246510000.0,18.34000015258789,2028.5999755859373,1349.0,90.08341217041016,9534800.0,136.46600341796875,-0.0069983050646564,0.0314960317387948,0.0070992038977171,0.0065262938231096,0.007671502575956,4115.807163783482,4089.3170084635417,17.515714509146555,18.49200003941854,1998.0,1993.636669921875,89.29461560930524,88.9534512837728,135.06214250837053,133.2209004720052,0.1303664260620968,0.7243592252379167,0.159313673769815,0.1047828207295553,0.106835791338549,-0.021295426200575,-0.0062215612298048,0.0,0,
2023-05-04,4061.219970703125,4920090000.0,20.09000015258789,2048.0,930.0,90.06544494628906,12014100.0,134.54400634765625,-0.0072187323343824,0.0954198465343558,0.0095632577381152,-0.0001994509720292,0.0140840723856021,4114.320033482143,4093.458675130208,17.70571449824742,18.419666703542077,2005.7142857142856,1997.010001627604,89.35106440952846,88.99459991455078,135.1278577532087,133.29410044352213,0.1222565740789337,0.7694863094745584,0.1607849877274285,0.0981681872667244,0.1141167608611132,-0.0283604325532689,0.0,-0.0001994509720291,0,
2023-05-05,4136.25,4186270000.0,17.190000534057617,2017.4000244140625,59.0,89.5802001953125,11254400.0,134.1790008544922,0.0184747513895153,-0.144350403011655,-0.014941394329071,-0.0053876905983858,0.0027129078661513,4125.785749162947,4099.7096761067705,17.47000026702881,18.239000034332275,2010.2428676060267,1997.7966674804688,89.38813127790179,89.00257720947266,135.19471522739954,133.39410044352215,0.1322082350755802,0.8701867653722466,0.1531879192091909,0.0982833539321569,0.1110710435514581,-0.0104096331044743,-0.014941394329071,-0.0055860669902882,0,
2023-05-08,4138.1201171875,3641640000.0,16.979999542236328,2026.300048828125,3.0,89.03206634521484,7022400.0,135.19900512695312,0.0004521286642489,-0.0122164622045953,0.0044116309637933,-0.0061189174494202,-0.0076018174674519,4126.18146623884,4105.280680338542,17.462857246398926,18.080333360036214,2015.44287109375,1999.2700032552084,89.43013545445034,88.99138793945312,135.4424307686942,133.53856709798177,0.1316782494173859,0.8654122367463504,0.1524062930476008,0.0999212831078771,0.1123615768654091,-0.0099622109337361,-0.010595679283142,-0.0116708037569279,0,
2023-05-09,4119.169921875,3810140000.0,17.709999084472656,2036.199951171875,241.0,88.92422485351562,7317200.0,135.072998046875,-0.0045794212772585,0.0429917292059116,0.004885704044411,-0.0012112657397063,0.0009320118883996,4118.99431501116,4110.002010091146,17.738571439470565,17.983999983469644,2022.0285818917407,2002.0633341471355,89.36197008405414,89.01328455607096,135.6240016392299,133.6794672648112,0.1328118344212805,0.865834099288812,0.1452596349227296,0.0930822112209154,0.1124610912356691,-0.0144960110502762,-0.0057617425918579,-0.0128679330518886,0,
2023-05-10,4137.64013671875,4057160000.0,16.940000534057617,2030.5,248.0,89.58919525146484,9930800.0,135.28799438476562,0.0044839652634049,-0.0434781812659798,-0.0027993081762891,0.0074779442727177,-0.0015917047892577,4114.675746372768,4115.547680664063,17.861428669520787,17.88300002415975,2028.7571498325888,2004.0,89.53912244524274,89.05913619995117,135.46714346749442,133.81463368733725,0.1328726069673043,0.8701257893585221,0.1432978509814006,0.0953467157155222,0.112332992172345,-0.0100770453968786,-0.008544921875,-0.0054862144654379,0,
2023-05-11,4130.6201171875,3752900000.0,16.93000030517578,2014.699951171875,90.0,89.92166137695312,5979600.0,134.08700561523438,-0.0016966239932159,-0.0005903322648502,-0.0077813586939793,0.003711006941798,0.0088772752895986,4116.252894810268,4118.974682617188,17.74000004359654,17.81000000635783,2028.8142787388392,2005.619999186198,89.59945787702289,89.12113952636719,134.97657339913505,133.91600036621094,0.127411286463431,0.8624318548224651,0.1450724155733656,0.0955295994616816,0.1157771106486317,-0.0117565724330934,-0.0162597894668579,-0.0017955669036053,0,
2023-05-12,4124.080078125,3533740000.0,17.030000686645508,2014.5,115.0,89.38250732421875,5107300.0,134.4980010986328,-0.0015833068345566,0.0059066969679353,-9.924612931011544e-05,-0.0059958195219973,-0.0030651402909078,4121.01433454241,4121.416349283854,17.55285726274763,17.74366668065389,2026.7999965122767,2006.7599975585936,89.49932861328125,89.16069793701172,134.6954302106585,133.98006693522134,0.1267544750999937,0.8627410949139155,0.1438263867130954,0.0974428783245738,0.1113476825940584,-0.0133212650061657,-0.016357421875,-0.007780620530509,0,
2023-05-15,4136.27978515625,3562170000.0,17.1200008392334,2018.0,3.0,89.18482971191406,4459100.0,135.82200622558594,0.0029581644391338,0.0052848002911982,0.0017374038222883,-0.0022115917109781,-0.0098440505891397,4131.737165178572,4122.315340169271,17.12857164655413,17.691000016530356,2022.5142822265625,2008.393330891927,89.37352643694196,89.1775634765625,134.8780016217913,134.06743367513022,0.1200785460984269,0.8618708813120532,0.1425983016533295,0.0965491745339547,0.1139944648244121,-0.0104025070594573,-0.0146484375,-0.0099750046856157,0,
2023-05-16,4109.89990234375,3654200000.0,17.989999771118164,1988.4000244140625,49.0,88.89724731445312,7194000.0,136.0449981689453,-0.006377683373153,0.0508176921283214,-0.0146679760088888,-0.0032245663123413,-0.0016417953876266,4127.972865513393,4121.828344726562,17.242857251848495,17.67233336766561,2018.3714250837052,2008.543330891927,89.27596173967633,89.17091827392578,135.14457266671317,134.15736694335936,0.1211074959747302,0.8747738230088568,0.147969176764424,0.0960710606409639,0.1140229673861641,-0.0167138465362982,-0.029101550579071,-0.0131674059338823,0,
2023-05-17,4158.77001953125,4039080000.0,16.8700008392334,1980.699951171875,13.0,88.60972595214844,5542600.0,136.42999267578125,0.0118908290587882,-0.0622567507578768,-0.0038724970567511,-0.0032343111962471,-0.0028299056342948,4130.9228515625,4123.767342122396,17.227143151419504,17.601333395640054,2011.8571254185267,2007.1599975585937,89.21562739780971,89.13556569417318,135.3204280308315,134.2950668334961,0.1246626636942116,0.8901281253754881,0.136668653375547,0.0944646941288587,0.1112308147409478,-0.0050217589695879,-0.0328613519668579,-0.016359129641692,0,
2023-05-18,4198.0498046875,3980500000.0,16.049999237060547,1956.5,23.0,88.06160736083984,9448900.0,137.61399841308594,0.0094450486494266,-0.0486070872187409,-0.0122178784108906,-0.0061857610484495,-0.0086784856766679,4142.19140625,4127.356339518229,16.990000316074916,17.50033337275187,2000.4714181082588,2005.013330078125,89.09239632742745,89.06939163208008,135.68342808314733,134.4993667602539,0.1269532341419875,0.8998205305166854,0.1407171257574396,0.0948849212929912,0.1111921225544998,0.0,-0.044677734375,-0.0224436970232175,0,
2023-05-19,4191.97998046875,4041900000.0,16.809999465942383,1978.699951171875,106.0,87.7291030883789,12923500.0,138.6199951171875,-0.0014458676054706,0.0473520414335562,0.0113467677852669,-0.003775814255791,-0.0073102788648127,4149.954241071428,4130.2550048828125,16.971428734915598,17.44733336766561,1993.0714111328125,2003.906660970052,88.82666887555804,88.99123789469401,136.159428187779,134.75556640625,0.1268661350060494,0.9067280073750454,0.1447800484367494,0.0952369320224716,0.1110344641382681,-0.0014458676054706,-0.0338379144668579,-0.0261347680478357,0,
2023-05-22,4192.6298828125,3728520000.0,17.209999084472656,1974.800048828125,8.0,87.56737518310547,7034700.0,137.69200134277344,0.0001550346964389,0.0237953379677784,-0.0019709417496271,-0.0018434920634092,0.0066945159940998,4158.812779017857,4133.039005533854,17.011428560529435,17.388666693369547,1987.3714250837052,2003.429996744792,88.49034227643695,88.93727569580078,136.67442757742745,134.94206644694012,0.1268742055398267,0.9047351203884568,0.1411995100435104,0.0914186103643638,0.1117311969769163,-0.001291057068677,-0.035742163658142,-0.0279300808737697,0,
2023-05-23,4145.580078125,4155320000.0,18.530000686645508,1972.4000244140625,1.0,87.7111587524414,8264200.0,138.6719970703125,-0.0112220267475501,0.0766996904354162,-0.0012153252758357,0.0016419764670949,-0.0071173032418887,4161.884207589285,4134.260343424479,17.22571427481515,17.369666703542073,1981.357142857143,2002.3499959309893,88.25157819475446,88.88930104573568,137.27071271623885,135.1154998779297,0.1314971988945436,0.93265709162381,0.1391141159414644,0.0916476467161714,0.1098340832322802,-0.0124985955392698,-0.036914050579071,-0.0263339649421935,0,
2023-05-24,4115.240234375,0.0,20.030000686645508,1962.800048828125,189.0,87.48650360107422,7415400.0,138.59800720214844,-0.0073186003353533,0.0809498081174409,-0.0048671544651746,-0.0025613063897749,0.0005335602697532,4158.878557477678,4135.036686197916,17.641428538731166,17.40100005467733,1973.471435546875,2000.7466634114585,88.0089601789202,88.8251724243164,137.6672842843192,135.2823003133138,0.1327540869205551,0.9612015306693664,0.1392497430434748,0.0912338748975468,0.1099587708915827,-0.0197257236491181,-0.041601538658142,-0.0288278219792938,0,
2023-05-25,4151.27978515625,4147760000.0,19.13999938964844,1943.0999755859373,1.0,86.9383544921875,11647700.0,139.2830047607422,0.0087575812659024,-0.0444334132045463,-0.0100367193560798,-0.0062655276679726,-0.0049423333886371,4164.789969308035,4135.205338541667,17.805714198521205,17.445666726430257,1967.0,1997.4733276367188,87.72911834716797,88.75263341267903,138.1298566545759,135.48890024820963,0.129511291495581,0.9486122790450668,0.1332675906721555,0.0923615526893265,0.1093836579875368,-0.0111408920111016,-0.051220715045929,-0.0349127281310478,0,
2023-05-26,4205.4501953125,3715460000.0,17.950000762939453,1944.0999755859373,166036.0,87.10009765625,7408900.0,140.01699829101562,0.0130490867779973,-0.0621733889580257,0.0005146415586252,0.0018604350750281,-0.0052697996538362,4171.458565848215,4137.465673828125,17.959999901907786,17.47500009536743,1961.771432059152,1995.5366617838545,87.51345716203961,88.70012741088867,138.6422860281808,135.73990020751953,0.1346488424409352,0.9592922962563902,0.1225232218851043,0.091823400408763,0.1083582185554249,0.0,-0.050732433795929,-0.0331172459199995,0,
2023-05-30,4205.52001953125,4228510000.0,17.459999084472656,1958.0,37838.0,87.78303527832031,7883000.0,140.4409942626953,1.660326849850513e-05,-0.0272981424869062,0.0071498506191141,0.0078408364680095,-0.0030281749848575,4172.525739397322,4139.272347005209,18.16142845153809,17.49200003941854,1961.9857177734373,1994.329996744792,87.47366115025112,88.68921025594075,139.046142578125,135.9555669148763,0.1344067099220153,0.9630092985829756,0.124361981416623,0.0932649697485234,0.1047700565285429,0.0,-0.0439453125,-0.0255360763615196,0,
2023-05-31,4179.830078125,5980670000.0,17.940000534057617,1963.9000244140625,5959.0,88.11551666259766,10817900.0,139.79200744628906,-0.0061086242098339,0.0274914933994372,0.003013291324853,0.0037875357490566,0.0046210639551035,4170.7900390625,4140.104345703125,18.32285717555455,17.52900005976359,1959.871442522321,1992.879996744792,87.52886308942523,88.68459625244141,139.2135729108538,136.13446706136068,0.1357407112489489,0.9651428684525114,0.1229793145581218,0.0938226075475425,0.1061409267847314,-0.0061086242098339,-0.041064441204071,-0.0218452594145728,0,
2023-06-01,4221.02001953125,4391860000.0,15.649999618530272,1978.0,750.0,88.36050415039062,18161600.0,139.1269989013672,0.0098544535630327,-0.1276477618370171,0.0071795791082309,0.0027802990559659,0.0047571285159302,4174.845772879465,4142.321012369792,18.10000010899135,17.502000077565512,1960.328578404018,1992.3066650390624,87.64216722760882,88.69442291259766,139.4185725620815,136.30390014648438,0.1385646016414252,1.0358001390692946,0.1239413451520372,0.0939487059596619,0.1069393689623526,0.0,-0.0341796875,-0.0191256967127346,0,
2023-06-02,4282.3701171875,4454200000.0,14.600000381469728,1952.4000244140625,356.0,87.65794372558594,7585400.0,138.7480010986328,0.0145344247059655,-0.0670926046424499,-0.012942353683487,-0.0079510685408598,0.0027241139802279,4194.38720703125,4147.407014973958,17.538571493966238,17.41633342107137,1957.471435546875,1990.4666666666667,87.63456508091518,88.66379852294922,139.42943028041296,136.4387003580729,0.1428452713746922,1.0455148448161489,0.1276276687608407,0.0951790852072119,0.1069617732719521,0.0,-0.046679675579071,-0.0269246955281398,0,
2023-06-05,4273.7900390625,3813290000.0,14.729999542236328,1958.0,713.0,87.63092803955078,6243100.0,140.20700073242188,-0.0020035816359177,0.0089040518746557,0.0028682521593483,-0.0003081943847522,-0.0105154641669531,4217.037179129465,4152.082682291667,16.781428473336355,17.348333390553794,1956.7857142857144,1989.75,87.65519714355469,88.63944600423177,139.65928649902344,136.64573364257814,0.1431545309189355,1.0443174321013782,0.1218138981601294,0.0949708971123682,0.1086885143498898,-0.0020035816359177,-0.0439453125,-0.0272245918729191,0,
2023-06-06,4283.85009765625,3996560000.0,13.960000038146973,1965.5,164.0,87.68496704101562,3986200.0,139.38299560546875,0.0023538963079141,-0.0522742381546912,0.0038304392236976,0.0006166658584336,0.0058770612212559,4235.975795200893,4156.976350911458,16.041428565979004,17.250666745503743,1959.9857177734373,1988.9633341471356,87.76185607910156,88.60255025227865,139.67357090541296,136.82646687825522,0.1431933285489043,1.053857885659984,0.1214722299987735,0.093767004003925,0.1106947602790577,0.0,-0.040283203125,-0.0266247144908033,0,
2023-06-07,4267.52001953125,4537800000.0,13.9399995803833,1942.699951171875,139.0,87.04545593261719,8226600.0,139.52699279785156,-0.0038120096998572,-0.0014326975436259,-0.0116001265978759,-0.0072932810489544,-0.0010331044454692,4244.842912946428,4163.506022135417,15.468571254185267,17.090000057220458,1959.7857142857144,1987.2533325195316,87.75405011858258,88.51505533854167,139.60357012067522,137.00789998372397,0.1347810076962926,0.99616597608315,0.1253973347290523,0.0905456379639277,0.1106913938755024,-0.0038120096998572,-0.0514160394668579,-0.0337238140141282,0,
2023-06-08,4293.93017578125,3826740000.0,13.649999618530272,1963.5999755859373,433.0,87.63092803955078,5841900.0,139.8990020751953,0.0061886426142414,-0.0208034412182568,0.0107582359290507,0.006726050207455,-0.0026662172665237,4257.472935267857,4171.437361653646,14.9242856161935,16.91700003941854,1960.5857107979912,1986.5166666666664,87.73232051304409,88.45872853597005,139.52614266531808,137.21416676839192,0.1343952681314687,0.9961538383549478,0.1293543259383035,0.0927725014004615,0.110048272334698,0.0,-0.041210949420929,-0.0272245918729191,0,
2023-06-09,4298.85986328125,3786510000.0,13.829999923706056,1962.199951171875,49.0,87.31568145751953,6421900.0,138.86300659179688,0.001148059539441,0.0131868359125395,-0.0007129886084076,-0.0035974351645456,0.0074053100310292,4274.477190290178,4176.887687174479,14.337142671857562,16.810333347320558,1960.342843191964,1985.5933308919268,87.61805834089007,88.4113166809082,139.3934282575335,137.39410044352215,0.1235656355920439,0.9626903772327352,0.129147249525754,0.0915337678582384,0.112680870906743,0.0,-0.0418945550918579,-0.0307240883333207,0,
2023-06-12,4338.93017578125,3945670000.0,15.010000228881836,1955.300048828125,212.0,87.45977783203125,5261700.0,139.37100219726562,0.0093211488102371,0.0853217868174487,-0.0035164114338241,0.0016502920449841,-0.0036582500835666,4291.321498325893,4182.536027018229,14.24571418762207,16.784666697184246,1957.0999930245537,1984.4333333333327,87.48938315255302,88.3465965270996,139.42828587123327,137.5797337849935,0.124123645066398,0.9746739249743152,0.1294420031331447,0.0886216670283515,0.112831600758496,0.0,-0.045263648033142,-0.0291245000069024,0,
2023-06-13,4369.009765625,4275400000.0,14.609999656677246,1944.5999755859373,343.0,86.83828735351562,9173500.0,139.4600067138672,0.0069324899514737,-0.0266489384480433,-0.005472343361624,-0.007106014832432,-0.000638615746449,4303.698590959822,4189.2406819661455,14.247142655508858,16.735666688283285,1955.985700334821,1983.139998372396,87.3722893851144,88.29623514811198,139.5300009591239,137.68220062255858,0.1250389295510023,0.975995076449476,0.1299820995096469,0.0845018887111863,0.0992067414489887,0.0,-0.050488293170929,-0.0360235557102982,0,
2023-06-14,4372.58984375,4252110000.0,13.880000114440918,1955.300048828125,202.0,86.95537567138672,7704400.0,140.177001953125,0.0008194255259321,-0.0499657467070983,0.0055024546829811,0.0013483489994963,-0.0051412247579256,4317.812848772322,4197.674340820313,14.1257141658238,16.6056666692098,1955.5999930245537,1981.173331705729,87.2757819039481,88.2114372253418,139.52571541922433,137.77073415120444,0.1186762209568302,0.9308657462160193,0.1221077755397228,0.0743663029284481,0.0975144369169554,0.0,-0.045263648033142,-0.0347237790361021,0,
2023-06-15,4425.83984375,4176690000.0,14.5,1957.800048828125,329.0,87.63092803955078,5959100.0,139.9770050048828,0.0121781374203466,0.0446685792829373,0.0012785761456397,0.0077689546269921,0.001426745796069,4338.097098214285,4208.844002278646,14.20285701751709,16.477666664123536,1954.5,1978.8133341471355,87.26806204659599,88.12968775431315,139.6105739048549,137.88776753743488,0.1190331898600317,0.9363076252306684,0.1199143931448375,0.07553001740422,0.0945137476264468,0.0,-0.044042944908142,-0.0272245918729191,0,
2023-06-16,4409.58984375,6848600000.0,13.539999961853027,1958.4000244140625,119.0,87.25262451171875,6538100.0,140.26800537109375,-0.0036716195284263,-0.0662068991825498,0.0003064539641302,-0.0043170092602612,-0.0020789155061631,4358.392787388393,4220.456331380208,14.145714214869908,16.259333324432372,1956.7428676060267,1975.8266682942703,87.2976575578962,88.0359270731608,139.71643284388952,138.0785675048828,0.1169013033385896,0.9005500133273284,0.1156494543820993,0.0761343881221666,0.083236239868775,-0.0036716195284263,-0.043749988079071,-0.0314240723179582,0,
2023-06-20,4388.7099609375,4055790000.0,13.880000114440918,1935.5,193.0,87.5138168334961,5477300.0,141.8990020751953,-0.0047351076976228,0.0251107942057453,-0.0116932312748075,0.0029935182264031,-0.0116277172387715,4371.932756696428,4228.871663411458,14.178571428571429,16.148999977111817,1952.728585379464,1973.0966674804688,87.28092738560268,87.96704762776693,140.0021471296038,138.33590087890624,0.108891681264898,0.8129366292623379,0.1127059496931083,0.0758556850834834,0.0873495590223605,-0.0083893417121573,-0.054931640625,-0.0285246226247866,0,
2023-06-21,4365.68994140625,3709330000.0,13.199999809265137,1933.300048828125,557.0,87.59487915039062,5119600.0,141.3350067138672,-0.0052452815830036,-0.0489913760496515,-0.0011366319668689,0.0009262802129721,0.0039746252833353,4381.479910714285,4236.45732421875,14.088571412222723,16.022999986012778,1948.6000279017856,1969.9966674804684,87.32081277029855,87.91914138793945,140.35529000418526,138.54043426513672,0.1108299657531552,0.8223826637986339,0.1113779966977985,0.0742675838108401,0.0872049240529363,-0.0135906188355847,-0.056005835533142,-0.0276247642053343,0,
2023-06-22,4381.89013671875,3511000000.0,12.90999984741211,1912.699951171875,237.0,87.09947967529297,4102100.0,141.68800354003906,0.0037107984144384,-0.0219696943972282,-0.0106554063704373,-0.0056555757585681,-0.0024975894817518,4387.617047991072,4245.214664713541,13.78857135772705,15.863000011444091,1942.514299665179,1965.8800008138016,87.26934160505023,87.85831654866537,140.68629019601005,138.76093444824218,0.1092706670575957,0.8094861378939024,0.1126856562419791,0.0757236787012301,0.0869415379576594,-0.0099302524679726,-0.0660644769668579,-0.0331241060171266,0,
2023-06-23,4348.330078125,6053620000.0,13.4399995803833,1919.0999755859373,105.0,87.45977783203125,4112100.0,143.02999877929688,-0.0076588087666845,0.0410534267417077,0.0033460681640844,0.0041366281185775,-0.0094714810409377,4384.662806919643,4252.237662760416,13.62142848968506,15.74633331298828,1938.871442522321,1962.1666666666663,87.35812595912388,87.78733596801757,141.1962890625,139.01900126139324,0.1125724893975364,0.8154454833153656,0.1137375436880345,0.073171941375819,0.0898774660197775,-0.01751300733,-0.062939465045929,-0.0291245000069024,0,
2023-06-26,4328.81982421875,3415030000.0,14.25,1923.699951171875,71.0,87.67593383789062,2976600.0,143.54100036621094,-0.0044868382932564,0.0602678902459905,0.0023969442157556,0.0024714904521538,-0.0035726881862214,4378.409946986607,4258.844319661458,13.6742856161935,15.656999969482422,1934.357142857143,1959.133333333333,87.46106284005302,87.71247838338216,141.67686026436942,139.33413441975912,0.1135859021504633,0.8379749631613821,0.1129512634143729,0.0725951176089125,0.0839886918981853,-0.0219212675913381,-0.0606933832168579,-0.0267249904784392,0,
2023-06-27,4378.41015625,3573500000.0,13.739999771118164,1914.0,49.0,87.36970520019531,4752500.0,143.4600067138672,0.011455854954693,-0.0357894897460937,-0.005042341018913,-0.0034927331171803,0.0005642544787699,4371.63427734375,4267.321988932292,13.565714154924663,15.547333272298175,1928.0999930245537,1955.783333333333,87.42374529157367,87.64538497924805,142.1744319370815,139.63286794026692,0.116667194140846,0.8422361022268365,0.1133208543675812,0.0714007708926004,0.0843544688962145,-0.0107165394985944,-0.0654296875,-0.0301243803363192,0,
2023-06-28,4376.85986328125,3739330000.0,13.43000030517578,1912.300048828125,628.0,87.72101593017578,5257300.0,143.8820037841797,-0.0003540766884383,-0.0225618246802311,-0.0008881667564655,0.0040209673270099,-0.0029415659456517,4366.958565848215,4275.341324869792,13.549999918256487,15.424333254496256,1921.5142822265625,1952.260001627604,87.49065835135323,87.59659118652344,142.69071742466517,139.9015345255534,0.1168312699219225,0.8429305604917761,0.1128875430342675,0.0725669189740396,0.081208659368467,-0.0110668217102156,-0.066259741783142,-0.0262245421583881,0,
2023-06-29,4396.43994140625,3696660000.0,13.539999961853027,1909.199951171875,289.0,86.8202896118164,8268700.0,144.38900756835938,0.0044735446728059,0.0081905922693727,-0.0016211355839005,-0.0102680789638407,-0.0035237470346896,4368.062848772322,4284.892659505208,13.501428467886788,15.275999927520752,1917.7571323939733,1949.6199991861977,87.39158303397042,87.52735926310221,143.0464324951172,140.1796681722005,0.1143470224359928,0.8265567203782036,0.1060578391403696,0.0775315523633706,0.0813324761274277,-0.0066427849587163,-0.0677734613418579,-0.0362233454525559,0,
2023-06-30,4450.3798828125,3923450000.0,13.59000015258789,1921.0999755859373,445.0,87.0094223022461,7450600.0,144.77999877929688,0.0122690044957141,0.0036927762832887,0.0062329901102071,0.0021784388335412,-0.0027079015052609,4380.161411830357,4294.61298828125,13.55714280264718,15.166666571299237,1916.0142647879463,1947.633333333333,87.30794634137835,87.47401580810546,143.53857421875,140.45800170898437,0.1146283046450866,0.8109651480173896,0.1079813008282426,0.0776273621892808,0.0813224108616521,0.0,-0.061962902545929,-0.0341238169614292,0,
2023-07-03,4455.58984375,2034280000.0,13.56999969482422,1921.699951171875,41.0,86.63201141357422,4687100.0,144.3979949951172,0.0011706778016009,-0.0014717040131791,0.0003123083616483,-0.0043375864209379,0.0026385121384205,4390.68994140625,4303.19765625,13.651428495134626,15.083999919891358,1917.2999790736608,1946.473331705729,87.24116516113281,87.42636260986328,143.92571585518974,140.68413492838542,0.1126293213191421,0.8008421141631294,0.1026399185128731,0.076649517798187,0.0798410403177364,0.0,-0.0616699457168579,-0.0383133883772846,0,
2023-07-05,4446.81982421875,3482620000.0,14.18000030517578,1919.5999755859373,193.0,86.2166976928711,10181200.0,144.406005859375,-0.0019683184132291,0.0449521462100122,-0.0010927697555787,-0.0047939983607265,-5.547766960400935e-05,4404.759905133928,4311.692317708334,13.757142884390694,14.996333281199137,1917.371407645089,1944.503332519531,87.06358228410993,87.37594909667969,144.1222882952009,140.877001953125,0.1127787371144596,0.7995252621943256,0.0962122868462037,0.0770793049484544,0.078095701344506,-0.0019683184132291,-0.062695324420929,-0.0429237124169367,0,
2023-07-06,4411.58984375,3682020000.0,15.4399995803833,1908.699951171875,81.0,85.512451171875,9285100.0,144.48899841308594,-0.0079225113365009,0.0888574928131429,-0.0056782790960054,-0.0081683309595644,-0.0005747167731497,4416.584193638393,4318.990983072917,13.927142824445452,14.937333297729491,1915.228550502232,1942.299995930989,86.75451333182198,87.30745162963868,144.2577165876116,141.10356852213542,0.1162978899039846,0.8406532955705435,0.0971354768311833,0.0801089489891152,0.0743186778182167,-0.0098752357247874,-0.0680176019668579,-0.0507414282874665,0,
2023-07-07,4398.9501953125,3630480000.0,14.829999923706056,1926.199951171875,61.0,85.40408325195312,6577600.0,143.9510040283203,-0.0028651005386203,-0.0395077508585075,0.0091685442697557,-0.0012672765011034,0.0037234280164883,4419.518484933035,4327.436653645834,14.082857131958008,14.813999938964844,1916.971400669643,1940.7599934895832,86.47371019635882,87.23054911295573,144.3278590611049,141.27953542073567,0.11059637907637,0.8128293620981843,0.1016027158140402,0.0797880758208726,0.0739888669299108,-0.0127120427202136,-0.0594726800918579,-0.0519444013688688,0,
2023-07-10,4409.52978515625,3429600000.0,15.06999969482422,1925.0,269.0,85.84651184082031,6622700.0,142.20899963378906,0.0024050260571313,0.0161833966522495,-0.0006229629333885,0.005180414940606,0.0121013702286406,4424.185616629465,4337.246305338542,14.317142759050643,14.6486665725708,1918.7856794084817,1939.499991861979,86.20592389787946,87.17588272094727,144.08885846819197,141.3999018351237,0.1070072467660706,0.7732533590949188,0.1008573516900404,0.0815034905402878,0.0834163933279397,-0.0103375894570636,-0.06005859375,-0.0470330799811948,0,
2023-07-11,4439.259765625,3624220000.0,14.84000015258789,1931.300048828125,142.0,86.02706909179688,6327100.0,141.2969970703125,0.0067422110558885,-0.0152620800858624,0.0032727526379869,0.0021032566973875,0.0064131142601742,4430.302734375,4346.845638020834,14.502857072012768,14.505333264668783,1921.9428362165177,1939.106660970052,86.09260668073382,87.14550654093425,143.6471426827567,141.46703491210937,0.1061104606532093,0.7659893599623331,0.0973857021786714,0.0800606284096883,0.0850762873812518,-0.0036650766111038,-0.056982398033142,-0.0450287459242765,0,
2023-07-12,4472.16015625,3920290000.0,13.539999961853027,1956.199951171875,132.0,86.86678314208984,8255100.0,140.1179962158203,0.0074112334853124,-0.0876010901191373,0.0128928191965089,0.0097610445079436,0.0083441324227541,4433.414202008928,4355.735970052084,14.495714187622072,14.3583332379659,1926.9571184430804,1939.5099934895836,86.07222965785435,87.13772939046224,142.98114231654577,141.47040150960285,0.1023194184932513,0.7851223502537051,0.1045058949321979,0.0850647384507668,0.0875472335719513,0.0,-0.0448242425918579,-0.0357072290094367,0,
2023-07-13,4510.0400390625,3839530000.0,13.609999656677246,1959.199951171875,121.0,87.58908081054688,9742600.0,138.31500244140625,0.0084701534580691,0.0051698445362948,0.0015335855612319,0.008315004220607,0.0128676816904871,4441.192801339285,4365.886637369792,14.501428467886788,14.229999923706057,1932.3142613002235,1939.5499918619792,86.20895385742188,87.13126424153646,142.11214338030135,141.3995351155599,0.103767078687739,0.7838814331318402,0.1025221954046965,0.0854583800321566,0.0946633781733997,0.0,-0.0433593988418579,-0.0276891305487493,0,
2023-07-14,4505.419921875,3647450000.0,13.34000015258789,1960.0999755859373,94.0,87.15568542480469,7491100.0,138.0749969482422,-0.0010244071333035,-0.0198383182145702,0.0004593836445963,-0.0049480526765615,0.0017352094055432,4449.564243861607,4376.739632161459,14.38142844608852,14.076666577657065,1938.0999755859373,1939.4233235677084,86.34309496198382,87.09926986694336,141.2077135358538,141.34230143229166,0.1011781536240865,0.7777249255628457,0.102145219849286,0.0857907885586354,0.0939360327430014,-0.0010244071333034,-0.042919933795929,-0.0325001759487874,0,
2023-07-17,4522.7900390625,3538240000.0,13.479999542236328,1952.4000244140625,29.0,87.30014038085938,3182400.0,138.6820068359375,0.0038553825145495,0.0104947067501552,-0.0039283461393713,0.0016574358327927,-0.0043962332146409,4465.449986049107,4386.7986328125,14.101428440638951,14.004333241780598,1944.342843191964,1938.5699910481767,86.59847913469586,87.06392440795898,140.37814331054688,141.327468363444,0.0988683728494869,0.6924336121950821,0.1003767346829466,0.0854958844380406,0.0939884568353254,0.0,-0.046679675579071,-0.0308966070721842,0,
2023-07-18,4554.97998046875,4090010000.0,13.300000190734863,1977.199951171875,83.0,87.39949035644531,3626500.0,138.72900390625,0.0071172752058423,-0.0133530680722562,0.0127022774266023,0.0011380276727219,-0.0003388836907163,4487.739955357143,4395.885628255209,13.882857050214495,13.960999902089435,1951.628557477679,1939.396655273437,86.88353729248047,87.0553092956543,139.63214329310827,141.32683512369792,0.0930750835045949,0.6669630524849494,0.1000817893535493,0.0825157984579304,0.0936611323557195,0.0,-0.0345703363418579,-0.0297937405933035,0,
2023-07-19,4565.72021484375,4115670000.0,13.760000228881836,1977.5,35.0,87.69744110107422,5059300.0,139.02699279785156,0.002357910335732,0.0345864685376036,0.0001517544181341,0.0034090673002069,-0.0021479927283478,4510.052873883928,4405.616634114584,13.695714269365585,13.928666591644289,1959.128557477679,1940.0466552734372,87.14795575823102,87.05752639770508,139.17757088797433,141.2875015258789,0.0922688562233916,0.6748041309455004,0.0998183991289757,0.0831296126844292,0.0885050710876611,0.0,-0.034423828125,-0.0264862421599041,0,
2023-07-20,4534.8701171875,3761770000.0,13.989999771118164,1968.300048828125,638.0,87.00220489501953,9486600.0,139.59800720214844,-0.0067568962189037,0.0167150827333248,-0.004652314119785,-0.0079276680975606,-0.004107219704645,4523.711495535715,4413.983968098958,13.574285643441335,13.929666582743328,1964.414271763393,1940.139990234375,87.28726087297711,87.0347676595052,138.93485804966517,141.29466857910157,0.095863391941535,0.6590453419305741,0.1002744951456509,0.0862434511556234,0.0877324832007091,-0.0067568962189037,-0.038915991783142,-0.0342039361204694,0,
2023-07-21,4536.33984375,3570190000.0,13.600000381469728,1964.300048828125,50.0,87.0744400024414,4560100.0,139.86399841308594,0.000324094521898,-0.0278770118676895,-0.002032210486598,0.0008302675490701,-0.0019054083669856,4532.880022321428,4422.94462890625,13.582857131958008,13.918333276112874,1965.571428571429,1940.8599934895835,87.31692613874164,87.03573379516601,138.89857264927454,141.30590209960937,0.0944544178374363,0.6642948882794703,0.0942546795721014,0.0836501996499751,0.0878523706182195,-0.0064349915700551,-0.040869116783142,-0.0334020669896106,0,
2023-07-24,4554.64013671875,3856250000.0,13.90999984741211,1960.300048828125,2.0,86.86678314208984,7451100.0,141.75,0.0040341538771535,0.0227940777387596,-0.0020363487759348,-0.0023848199350549,-0.0134845393261515,4539.25146484375,4431.6349609375,13.625714302062988,13.926999950408936,1965.728585379464,1940.7499959309896,87.21374075753349,87.01026229858398,139.3892865862165,141.3676020304362,0.0938395721156424,0.6644366383795424,0.0891772279891543,0.0814462940535216,0.0958359159434486,-0.0024267974390934,-0.042822241783142,-0.0357072290094367,0,
2023-07-25,4567.4599609375,3812470000.0,13.859999656677246,1962.0999755859373,19.0,86.7042465209961,4079300.0,141.52200317382812,0.0028146733515561,-0.0035945500563154,0.0009181894164049,-0.0018711021084766,0.0016084432181436,4548.114327566965,4440.588297526042,13.699999945504326,13.927999941507975,1966.014299665179,1940.7466634114585,87.14924948556083,86.9898811340332,139.88171604701452,141.45623524983725,0.0938349424522139,0.6636455305303551,0.0891957030216137,0.0809875087716302,0.0931386909108434,0.0,-0.041943371295929,-0.0375115192464259,0,
2023-07-26,4566.75,3990290000.0,13.1899995803833,1968.9000244140625,51.0,87.00220489501953,4880100.0,140.91299438476562,-0.0001554388967985,-0.0483405550425943,0.0034656994611574,0.0034364911290853,0.0043032798816059,4554.394321986607,4448.182291666667,13.658571379525322,13.867333253224691,1968.371442522321,1941.1999959309896,87.106687273298,86.97462870279948,140.20042855398995,141.50763498942058,0.0914332696480103,0.6280292346368812,0.089090027314635,0.0815100401653966,0.0937597591414474,-0.0001554388967986,-0.038623034954071,-0.0342039361204694,0,
2023-07-27,4537.41015625,4553210000.0,14.40999984741211,1945.4000244140625,194253.0,86.05416107177734,8522800.0,140.36700439453125,-0.0064246660644878,0.0924943370614841,-0.0119355984095705,-0.0108967792757221,0.0038746603364593,4551.884347098215,4453.795638020833,13.81714275905064,13.860666592915852,1963.8285958426336,1941.2266642252605,86.91449737548828,86.94849116007487,140.43442862374442,141.5378682454427,0.0930024456821521,0.6825047032461982,0.0945001944969824,0.0849827381542883,0.0945621643014686,-0.0065791063182811,-0.050097644329071,-0.0447280026539259,0,
2023-07-28,4582.22998046875,3981010000.0,13.329999923706056,1960.4000244140625,23155.0,86.3340835571289,5794100.0,138.86399841308594,0.0098778427947523,-0.0749479483096601,0.0077104964592142,0.003252864031968,0.0107076872369576,4554.242885044643,4460.783642578125,13.75571414402553,13.842333253224693,1961.3857421875,1941.3966634114583,86.71973201206752,86.92778142293294,140.41114371163505,141.49410146077474,0.0962627693751421,0.7020937959327906,0.0958186296114566,0.0854792992806368,0.0984891735350124,0.0,-0.042773425579071,-0.0416206327330127,0,
2023-07-31,4588.9599609375,4503600000.0,13.630000114440918,1970.5,1025.0,86.4424057006836,6347000.0,140.75799560546875,0.0014687129405193,0.022505640844104,0.0051519972761457,0.0012546857404585,-0.0136392240899518,4561.970005580357,4466.220979817708,13.704285621643066,13.813333257039387,1961.7000209263392,1941.8199951171875,86.63976069859096,86.88816401163737,140.5768563406808,141.52013448079427,0.0908700938616187,0.6926047446307364,0.0968828068762343,0.0822079752448288,0.1063506257805172,0.0,-0.037841796875,-0.0404181678069531,0,
2023-08-01,4576.72998046875,4042370000.0,13.93000030517578,1940.699951171875,688.0,85.93734741210938,7714000.0,142.322998046875,-0.0026650876392156,0.0220102852689643,-0.0151230899914361,-0.0058427144001873,-0.0111183910702508,4567.740025111607,4471.792317708333,13.751428467886788,13.82633326848348,1958.328578404018,1941.2299926757807,86.4773188999721,86.8443214416504,140.92814200265067,141.58863423665363,0.0904448097393099,0.6673208615709822,0.1066139008652312,0.082948480055891,0.1108642835708263,-0.0026650876392156,-0.0523926019668579,-0.0460247303960655,0,
2023-08-02,4513.39013671875,4270710000.0,16.09000015258789,1937.4000244140625,652.0,85.76535034179688,8009200.0,142.97000122070312,-0.0138395413363479,0.155061005031676,-0.0017003796778681,-0.0020014240082102,-0.004546019847158,4561.84716796875,4475.948323567708,14.0628570829119,13.899999936421713,1955.0571463448664,1941.2933268229167,86.3199713570731,86.78603922526041,141.10242789132255,141.62433420817058,0.0991190984711083,0.7998853865544397,0.1011105022260809,0.0823854910525644,0.106506585020977,-0.0164677453850156,-0.054003894329071,-0.0479340394038897,0,
2023-08-03,4501.89013671875,4149120000.0,15.920000076293944,1932.0,773.0,85.13170623779297,11057900.0,143.343994140625,-0.0025479738404268,-0.0105655733176984,-0.0027872531981079,-0.0073881130489023,-0.0026158838688441,4552.480050223215,4480.488330078125,14.357142857142858,13.990666611989338,1950.7571498325888,1941.2499918619792,86.09532274518695,86.70393346150716,141.36271231515067,141.69130045572916,0.0979548271021991,0.7844796094602111,0.1013919482152452,0.0844921122443072,0.1059341991144563,-0.0189737598409906,-0.056640625,-0.0549680103507855,0,
2023-08-04,4478.02978515625,4143310000.0,17.100000381469727,1939.5999755859373,290.0,86.03691101074219,10189900.0,142.59800720214844,-0.0053000741550505,0.0741206218291978,0.0039337347753298,0.0106329922534473,0.0052041729613361,4539.805733816965,4483.692985026041,14.915714400155204,14.130333296457929,1946.571428571429,1942.146659342448,85.95742361886161,86.66851450602213,141.60342843191964,141.7216339111328,0.0992945249551645,0.8024350970911495,0.0967844079955538,0.0896198543109574,0.1070134664083296,-0.0241732716618838,-0.052929699420929,-0.0449194925255854,0,
2023-08-07,4518.43994140625,3493920000.0,15.770000457763672,1933.5,376.0,85.82870483398438,4007400.0,141.87600708007812,0.0090240927793627,-0.0777777715810636,-0.0031449657984732,-0.0024199634123523,0.0050631852172154,4537.095703125,4489.363313802083,15.110000201633998,14.207999992370606,1944.8714250837052,1942.62666015625,85.92521558489118,86.61414540608725,141.81900024414062,141.68316752115885,0.0987998072413405,0.8364537751308482,0.0969444705606668,0.0887502324560292,0.1043713324313898,-0.0153673207287786,-0.055908203125,-0.0472307524095244,0,
2023-08-08,4499.3798828125,3884910000.0,15.989999771118164,1924.0999755859373,555.0,86.2632064819336,5401400.0,142.5240020751953,-0.0042182830447931,0.0139504950519,-0.0048616624846458,0.0050624281094495,-0.0045673331837667,4525.259974888393,4495.048649088541,15.490000179835729,14.26599998474121,1939.6857038225448,1942.6399943033853,85.91509028843471,86.567054494222,142.34185791015625,141.649267578125,0.0986661283148197,0.8212903524286765,0.0978373317659267,0.0898434610813104,0.1047270252189829,-0.0195207800650976,-0.060498058795929,-0.0424074265887032,0,
2023-08-09,4467.7099609375,3803100000.0,15.960000038146973,1915.4000244140625,451.0,86.3175048828125,5317200.0,143.2779998779297,-0.0070387303805971,-0.0018761559349974,-0.0045215691919674,0.0006294502962891,-0.0052903215721977,4507.938546316965,4498.025309244792,15.822857311793737,14.339999993642172,1931.8142787388392,1942.686661783854,85.89724731445312,86.53198115030925,142.7018585205078,141.64320068359376,0.0966765433230645,0.8124489088716808,0.0976143238007574,0.0894540856743506,0.1059255851162372,-0.0264221089379976,-0.064746081829071,-0.0418046696596451,0,
2023-08-10,4468.830078125,4504370000.0,15.850000381469728,1914.4000244140625,178.0,85.65673065185547,8462100.0,143.7270050048828,0.0002507139445697,-0.0068922090485167,-0.000522084153312,-0.0076551590764135,-0.0031338037056329,4492.524274553572,4501.090983072917,16.097143036978586,14.42066666285197,1928.0571463448664,1942.756660970052,85.85715920584542,86.4631716410319,142.90243094308036,141.63803405761718,0.0966356050431835,0.8088832974856416,0.0975897528042162,0.0908430087257506,0.1059737569135135,-0.0261780193845836,-0.065234363079071,-0.0491398073396772,0,
2023-08-11,4464.0498046875,3753290000.0,14.84000015258789,1912.9000244140625,57.0,85.20415496826172,5915000.0,144.85400390625,-0.001069692370023,-0.0637224103831967,-0.0007835353013323,-0.0052835974493726,-0.0078412466838009,4485.475655691965,4503.344645182292,15.918571608407158,14.464000002543132,1924.5571463448664,1942.879996744792,85.77698843819755,86.40930048624675,143.17157418387276,141.65353393554688,0.0960942629521166,0.8342348095247305,0.0974949017393109,0.0874015094585283,0.1079467683699115,-0.0272197093270087,-0.065966784954071,-0.0541637698283273,0,
2023-08-14,4489.72021484375,3896410000.0,14.81999969482422,1910.5999755859373,46.0,85.06837463378906,6218400.0,144.81700134277344,0.005750475751703,-0.0013477397276294,-0.0012023884148517,-0.0015935881826799,0.0002554472950606,4483.737095424107,4504.655989583333,15.761428696768624,14.504999987284345,1921.5,1942.529996744792,85.76794106619698,86.34459889729818,143.3820037841797,141.65476735432944,0.0908887212184127,0.8343980174632396,0.0957857332775704,0.0870381880311527,0.1076730233254091,-0.021625759853759,-0.067089855670929,-0.0556710432674795,0,
2023-08-15,4437.85986328125,3832250000.0,16.459999084472656,1902.5,73.0,84.90542602539062,9602600.0,145.43699645996094,-0.0115509094288417,0.1106612296504427,-0.0042394931903279,-0.0019155016079702,-0.0042812315642415,4477.99853515625,4504.064990234375,15.669999940054756,14.601333300272625,1916.2000034877235,1941.889998372396,85.6063003540039,86.28704605102538,143.7875736781529,141.68940073649088,0.097106916696874,0.889264960044215,0.0964944614060479,0.0864486582928795,0.1080494792750601,-0.0329268720892001,-0.071044921875,-0.0574799069025535,0,
2023-08-16,4404.330078125,3753910000.0,16.780000686645508,1896.0999755859373,22.0,84.57958221435547,7199600.0,145.60800170898438,-0.0075553952105776,0.0194411676775074,-0.0033640075763798,-0.0038377265893196,-0.0011758029468831,4461.697126116072,4502.648665364583,15.814285687037875,14.687999979654949,1910.857142857143,1941.1066650390624,85.4278542654855,86.23247553507487,144.32071576799666,141.7294672648112,0.0993576352699878,0.8830894467100717,0.0968769432901919,0.0860946528619549,0.1080797093426744,-0.0402334917680957,-0.074169933795929,-0.0610970413248016,0,
2023-08-17,4370.35986328125,3943700000.0,17.889999389648438,1884.0999755859373,245.0,84.47093963623047,9858300.0,146.33299255371094,-0.0077129130290369,0.0661500987831502,-0.0063287802091194,-0.0012845012387228,-0.0049790590916531,4443.265694754465,4501.274332682292,16.085714203970774,14.769666639963786,1905.142857142857,1940.2866658528649,85.17181614467076,86.19775848388672,144.86485726492745,141.79093373616536,0.0992196861561568,0.8671260084533472,0.0972031564840394,0.0831134112407786,0.1089279238154275,-0.047636087374271,-0.080029308795929,-0.0623030633382604,0,
2023-08-18,4369.7099609375,3940400000.0,17.299999237060547,1886.0999755859373,19.0,84.72440338134766,7510500.0,145.71400451660156,-0.0001487068260008,-0.0329793277091601,0.0010615147953483,0.0030006028843614,0.0042299964369427,4429.265694754465,4500.299658203125,16.277142660958425,14.851999950408937,1900.957135881696,1938.95,84.94423021589007,86.17510248819987,145.21285792759485,141.84970041910807,0.0989199201681901,0.8643292462728324,0.0930074138116133,0.0836430240865015,0.1091061460058785,-0.0477777103889153,-0.079052746295929,-0.0594894072054564,0,
2023-08-21,4399.77001953125,3726850000.0,17.1299991607666,1893.300048828125,876.0,84.19937896728516,10864000.0,145.30499267578125,0.0068791885187959,-0.0098265944387885,0.0038174398681867,-0.0061968499406168,0.0028069494224469,4419.399972098215,4499.974332682292,16.459999629429408,14.920666599273682,1897.9428536551336,1937.8933349609372,84.7360371180943,86.12019805908203,145.43828473772322,141.9529001871745,0.1007776546734052,0.8650960074181046,0.0939188293086079,0.0837206527047612,0.1029845126105201,-0.041227193746881,-0.075537085533142,-0.0653176102165647,0,
2023-08-22,4387.5498046875,3522760000.0,16.969999313354492,1896.4000244140625,46.0,84.23558807373047,6330500.0,146.23800659179688,-0.0027774667288296,-0.0093403301372344,0.00163733983309,0.0004300400654899,-0.0064210726612639,4408.471400669643,4498.250667317709,16.764285223824636,14.991666571299236,1895.5857107979907,1936.730000813802,84.59767041887555,86.06048202514648,145.63599940708704,142.1176005045573,0.0989591782181319,0.8640199966654953,0.0934609410938325,0.0833853792359192,0.1019522792556641,-0.0438901533167556,-0.074023425579071,-0.0649156593404499,0,
2023-08-23,4436.009765625,3837270000.0,15.979999542236328,1918.5,547.0,85.14981842041016,8550500.0,145.76300048828125,0.0110448799659725,-0.0583382328329905,0.0116536465415653,0.0108532553471281,0.0032481713515252,4400.798479352678,4497.045654296875,16.929999487740652,15.072999890645344,1896.7142857142856,1935.47333577474,84.60930524553571,86.00324986775716,145.7711421421596,142.30576731363934,0.1019574432504979,0.840347672760868,0.0919644530776787,0.0846255437519483,0.0988439232724435,-0.0333300348258547,-0.063232421875,-0.054766950220171,0,
2023-08-24,4376.31005859375,3723470000.0,17.200000762939453,1918.199951171875,337.0,84.8330078125,5735800.0,144.67300415039062,-0.0134579746631461,0.0763455103661656,-0.0001563976169532,-0.003720625760421,0.0074778670460907,4392.005650111607,4492.58798828125,17.03571401323591,15.192666594187418,1898.957135881696,1934.106669108073,84.59895978655133,85.91138076782227,145.66200038364954,142.5177007039388,0.1054086103014589,0.8640940588808597,0.0917487859085775,0.080639596277227,0.0931861057744319,-0.0463394547247927,-0.0633789300918579,-0.0582838086547832,0,
2023-08-25,4405.7099609375,3296180000.0,15.68000030517578,1911.0999755859373,195.0,84.80586242675781,7895700.0,146.06700134277344,0.006717966037625,-0.0883721157175058,-0.0037013740833431,-0.0003199861285383,-0.009635503185748,4392.202776227678,4489.264322916667,16.878571101597377,15.270666599273682,1901.0999930245528,1932.47333577474,84.63128553118024,85.83305333455404,145.72757175990515,142.7841008504232,0.107743830761159,0.9059400228440696,0.0920882744197235,0.0798082050617664,0.0955366932945708,-0.0399327955702108,-0.066845715045929,-0.0585851447730336,0,
2023-08-28,4433.31005859375,2957230000.0,15.079999923706056,1917.9000244140625,99.0,85.04119873046875,3301700.0,146.531005859375,0.0062646197550364,-0.0382653297061269,0.0035581858170661,0.0027750004183282,-0.0031766553180119,4401.195661272322,4486.281656901042,16.477142606462753,15.323999945322672,1905.9285714285716,1931.32333577474,84.71275111607143,85.75775527954102,145.755859375,143.0457341512044,0.1088540694273504,0.915251750382779,0.0924530678650743,0.0801840497712616,0.0953243707917974,-0.0339183395951773,-0.063525378704071,-0.0559727181559584,0,
2023-08-29,4497.6298828125,3354820000.0,14.449999809265137,1936.5,1674.0,85.64768981933594,7064200.0,146.46400451660156,0.0145083071945462,-0.0417771961291953,0.0096980944518314,0.0071317325945676,0.000457250275329,4419.469935825893,4484.369986979166,16.069999831063406,15.362333265940348,1913.1285749162944,1929.966670735677,84.84464917864118,85.69936192830404,145.86300223214286,143.3035675048828,0.1153468989686164,0.9239554913862746,0.089050684751061,0.0833036400008307,0.0954621706160493,-0.0199021300910068,-0.054443359375,-0.0492401680198702,0,
2023-08-30,4514.8701171875,3064110000.0,13.880000114440918,1944.300048828125,396.0,85.63858795166016,6346700.0,145.98800659179688,0.003833182103508,-0.0394463461832534,0.0040279105748128,-0.0001062710237133,0.0032499311102116,4435.912806919643,4482.674983723959,15.60571425301688,15.366333262125652,1920.4142892020088,1928.8600056966145,85.05025046212333,85.63073348999023,145.9605756487165,143.5356012980143,0.115731655409413,0.9278204325108764,0.0900672909675547,0.082429485541242,0.0965801737351375,-0.0161452364763853,-0.050634741783142,-0.0493412062405202,0,
2023-08-31,4507.66015625,3946360000.0,13.56999969482422,1938.199951171875,491.0,85.81060028076172,6167300.0,146.0989990234375,-0.0015969365120942,-0.0223343239957303,-0.0031374260675077,0.0020085843685169,-0.0007602845893428,4453.071428571428,4481.767985026042,15.12000002179827,15.35233325958252,1926.385707310268,1927.856669108073,85.27525220598493,85.59101333618165,145.94071742466517,143.75230102539064,0.1142046437161735,0.929303184481611,0.0895731745866312,0.0799337106868151,0.0963263407787717,-0.017716390070854,-0.0536133050918579,-0.0474317278475818,0,
2023-09-01,4515.77001953125,3246260000.0,13.09000015258789,1939.800048828125,167.0,85.28607177734375,7746600.0,145.47300720214844,0.001799129260001,-0.0353721114982344,0.0008255586093077,-0.0061126306272392,0.0042847098575168,4464.465750558035,4481.08232421875,14.707142966134208,15.335333251953124,1929.4285714285716,1927.0400024414064,85.29471697126117,85.53140106201172,145.89928981236048,143.93926798502605,0.1143406555780998,0.9315499549397476,0.0895307994888844,0.0814871162893814,0.0977798931814566,-0.0159491348866111,-0.052832007408142,-0.053254425842477,0,
2023-09-05,4496.830078125,3526250000.0,14.010000228881836,1926.199951171875,113.0,84.76876831054688,4993400.0,146.54299926757812,-0.004194177587506,0.0702826635270941,-0.0070110822321435,-0.0060655093618029,-0.0073552618867831,4481.682896205357,4479.155322265625,14.251428604125977,15.338666598002115,1930.571428571429,1925.9033325195312,85.28553989955357,85.46146723429362,146.1664319719587,144.09903462727866,0.1142258349171976,0.951448631063464,0.0914596748935572,0.0828437141501565,0.0926376092775904,-0.0200764189700357,-0.0594726800918579,-0.058996919985775,0,
2023-09-06,4465.47998046875,3418850000.0,14.449999809265137,1918.0999755859373,24.0,84.55101013183594,7344100.0,147.4709930419922,-0.0069715993514528,0.0314061080082093,-0.0042051582344864,-0.0025688491534192,-0.0063325698194534,4490.221470424107,4475.755989583334,14.075714247567314,15.358333269755043,1931.571428571429,1924.4366658528645,85.24913242885044,85.38969268798829,146.36700221470423,144.29733428955078,0.1153479825948687,0.9550833704335192,0.091940020140784,0.0829466174299673,0.0934564967231426,-0.0269080535720175,-0.063427746295929,-0.0614142149512344,0,
2023-09-07,4451.14013671875,3763760000.0,14.399999618530272,1917.5,41.0,84.84140014648438,7137500.0,147.70899963378906,-0.003211265936186,-0.003460220857775,-0.0003127968268462,0.0034344949184599,-0.0016139214016759,4492.768624441965,4471.902327473958,13.978571346827916,15.398666604359944,1931.5142822265625,1922.7233317057287,85.22058977399554,85.3176658630371,146.53528703962053,144.52386779785155,0.1155562575675226,0.9428590763919352,0.0910864951545551,0.0829457264919737,0.0918843149880161,-0.0300329105923587,-0.063720703125,-0.0581906468419458,0,
2023-09-08,4457.490234375,3259290000.0,13.84000015258789,1918.4000244140625,105.0,84.85955047607422,4648500.0,147.33099365234375,0.0014266227216406,-0.038888852831757,0.0004693738795631,0.0002139324617287,0.0025591262711309,4487.034388950893,4469.238330078125,13.891428538731166,15.379666614532471,1928.9285714285716,1921.823331705729,85.10799843924386,85.27784550984701,146.65914263044084,144.756000773112,0.1144879207407246,0.9128365319659504,0.0848690470571587,0.0772792974707917,0.0912818927854346,-0.028649133503366,-0.063281238079071,-0.0579891632485456,0,
2023-09-11,4487.4599609375,3369920000.0,13.800000190734863,1923.300048828125,50.0,84.71435546875,4321700.0,147.11300659179688,0.0067234531062752,-0.0028901706222559,0.0025542245369596,-0.0017110037292167,0.0014795736806151,4483.11865234375,4466.079329427083,13.87999997820173,15.395333290100098,1925.9285714285716,1920.5866658528648,84.97596522739956,85.2238545735677,146.81985691615515,145.03096771240234,0.112331944211391,0.8847374300503517,0.0818207268487455,0.0765456888377873,0.0840761925677335,-0.0221183015027361,-0.060888648033142,-0.0596009473031899,0,
2023-09-12,4461.89990234375,3435740000.0,14.229999542236328,1911.300048828125,365.0,84.83231353759766,4998400.0,146.67799377441406,-0.0056958856048289,0.0311593728665424,-0.0062392760855549,0.0013924212513329,0.0029569976677171,4476.581473214285,4461.843994140625,13.974285670689174,15.415333271026611,1922.085728236607,1918.6133341471357,84.83620997837612,85.17018483479818,146.90257045200892,145.22830098470052,0.1130622623446624,0.8867811359545744,0.0814933922532592,0.0765760348159245,0.0775095071844094,-0.0276882037924323,-0.066748023033142,-0.0582915156774815,0,
2023-09-13,4467.43994140625,3529430000.0,13.479999542236328,1909.0999755859373,15.0,84.9321517944336,6675400.0,147.1580047607422,0.0012416323054647,-0.0527055533469211,-0.0011510873154304,0.0011768894737462,-0.0032725494396002,4469.677176339285,4458.200992838541,14.02999986921038,15.400333245595297,1917.7000034877235,1917.560001627604,84.78564998081752,85.13667831420898,147.1432843889509,145.38946787516275,0.1131025379473668,0.8991459990235986,0.0696593723183327,0.0751004333318728,0.0720950774842035,-0.0264809500552766,-0.067822277545929,-0.0571832288749449,0,
2023-09-14,4505.10009765625,3648720000.0,12.81999969482422,1910.0,169.0,84.7415771484375,6421000.0,147.3459930419922,0.0084299188671679,-0.048961414675435,0.0004714391208278,-0.0022438457282626,-0.0012774587529618,4470.858607700893,4457.924658203125,13.859999792916437,15.291333230336509,1915.385724748884,1916.6466674804688,84.78176552908761,85.10255254109701,147.25799778529577,145.53533426920572,0.1091049048704156,0.780877597030276,0.0696287844536134,0.0751491480593075,0.0713656939366499,-0.0182742634486002,-0.0673828125,-0.0592987642593682,0,
2023-09-15,4450.31982421875,6932230000.0,13.789999961853027,1923.699951171875,8.0,84.4783935546875,9367700.0,147.48199462890625,-0.0121596129386778,0.0756630491512744,0.0071727493046465,-0.0031057197966588,-0.0009230083839151,4468.69287109375,4456.205647786458,13.76571410042899,15.22033322652181,1916.1857212611608,1916.369999186198,84.77139173235211,85.08077545166016,147.2595694405692,145.67326761881512,0.1144513037020474,0.8160671691272172,0.0726605303951043,0.0726674712956711,0.0712042278067183,-0.0302116684170037,-0.0606933832168579,-0.0622203187099494,0,
2023-09-18,4453.52978515625,3161230000.0,14.0,1931.5,19.0,84.56008911132812,4622200.0,147.8679962158203,0.0007212876971294,0.0152284292043429,0.0040547117669642,0.0009670585957313,-0.0026172794033965,4469.034249441965,4455.388981119791,13.708571297781807,15.11699988047282,1918.1857212611608,1916.1,84.73120444161552,85.03154805501302,147.28228323800224,145.84893391927082,0.1135190422959508,0.7846277270525125,0.0727201948799554,0.0650978828881207,0.0688924708261027,-0.0295121720246132,-0.056884765625,-0.0613134308082558,0,
2023-09-19,4443.9501953125,3614880000.0,14.109999656677246,1932.0,6.0,84.25151062011719,7536800.0,147.60499572753906,-0.0021510106153728,0.0078571183340889,0.0002588661661919,-0.0036492214525066,0.0017786167055201,4467.099958147322,4452.905989583333,13.747142655508858,15.061666520436605,1920.1285749162944,1916.05,84.64434160505023,84.97897491455078,147.32142639160156,146.03990020751954,0.1102372788469201,0.754742371703281,0.0721606402441422,0.0654978929842678,0.0669190318955231,-0.0315997016446783,-0.056640625,-0.0647389059737302,0,
2023-09-20,4402.2001953125,3308450000.0,15.140000343322754,1945.5999755859373,119.0,84.1880111694336,10751800.0,147.74200439453125,-0.0093947947580596,0.0729979242882605,0.0070393248374416,-0.0007536891649326,-0.0009282115846884,4454.919991629465,4449.666666666667,13.9385712487357,15.033333206176758,1923.3142787388392,1916.7666666666669,84.56914956229073,84.90980173746745,147.4112832205636,146.21383361816407,0.1127346542358435,0.7848120399389518,0.0734481188670193,0.063251647128687,0.0662162323720949,-0.0406976236913703,-0.050000011920929,-0.0654438021266809,0,
2023-09-21,4330.0,3662340000.0,17.540000915527344,1919.199951171875,9.0,83.56185150146484,8702500.0,148.3209991455078,-0.0164009341032194,0.1585205097609572,-0.0135690916659841,-0.0074376346378888,-0.0039189582769596,4436.0771484375,4445.076334635417,14.411428587777277,15.085999902089435,1924.442836216518,1916.893330891927,84.38765498570034,84.81794662475586,147.64599827357702,146.38193359375,0.1203171504420848,0.9102906928075256,0.0827833147366129,0.065927972436977,0.0655978957508623,-0.05643107875027,-0.0628906488418579,-0.0723946896750372,1,"Gold daily return was -1.36%, used to evaluate commodity safe-haven behavior. || Market stress day identified on 2023-09-21 based on the project's is_stress flag. || S&P 500 daily return was -1.64%, representing equity market pressure. || US Treasury bond ETF IEF daily return was -0.74%, used to evaluate bond safe-haven behavior. || VIX closed at 17.54, showing elevated market fear and volatility."
2023-09-22,4320.06005859375,3349570000.0,17.200000762939453,1925.4000244140625,1.0,83.88851928710938,8637800.0,147.6439971923828,-0.0022955984771939,-0.01938427222583,0.0032305509586958,0.0039092932932296,0.0045644376522897,4415.022879464285,4440.117333984375,14.942857333592006,15.130999914805097,1926.771414620536,1917.2599975585936,84.23856462751117,84.75900624593099,147.7154257638114,146.5125,0.1203106659610183,0.9123898221322972,0.0832595503279853,0.0643964805834394,0.0673578592822624,-0.0585971341290184,-0.059863269329071,-0.0687684084566195,0,
2023-09-25,4337.43994140625,3195650000.0,16.899999618530273,1916.5999755859373,114.0,83.2714614868164,11712000.0,148.4340057373047,0.0040230650909416,-0.0174419262268631,-0.0045705041635715,-0.0073556883055841,-0.0053507664378151,4391.071428571428,4435.897005208333,15.525714465550012,15.19966656366984,1927.7142682756696,1917.3833292643228,84.02854810442243,84.69458312988282,147.87085614885603,146.6318333943685,0.1212238225488936,0.8920503207523993,0.0843660631267791,0.0659431489900566,0.0654902865281019,-0.0548098091228204,-0.064160168170929,-0.0756182577843258,0,
2023-09-26,4273.52978515625,3472340000.0,18.940000534057617,1900.4000244140625,161.0,83.24420928955078,8281800.0,148.81100463867188,-0.0147345339908682,0.1207101160695029,-0.0084524425431666,-0.000327269352297,-0.0025398418609976,4365.815708705357,4428.690657552083,16.261428833007812,15.33699992497762,1924.385707310268,1917.043330891927,83.85223606654576,84.6337776184082,148.0607147216797,146.7649668375651,0.1258636826852413,0.9516798444137798,0.0878663930531744,0.0659055343899692,0.0655915587540102,-0.0687367461181355,-0.072070300579071,-0.075920779598376,0,
2023-09-27,4274.509765625,3875880000.0,18.21999931335449,1871.5999755859373,12251.0,82.87214660644531,10586100.0,149.0449981689453,0.0002293140607452,-0.0380148469060723,-0.0151547297716989,-0.0044695323107858,-0.001572420876007,4340.241420200893,4423.245654296875,16.86428587777274,15.395666599273682,1915.8285609654015,1916.013330078125,83.61110142299107,84.5660016377767,148.2288578578404,146.8852335611979,0.1223633926190446,0.911584427471152,0.097439690090058,0.0667208051144004,0.0648493695344389,-0.068523194359765,-0.086132824420929,-0.0800509815316869,0,
2023-09-28,4299.7001953125,3846230000.0,17.34000015258789,1860.4000244140625,4654.0,83.0989990234375,11654600.0,149.4980010986328,0.0058931739705165,-0.0482985287557939,-0.0059841586439263,0.0027373783144473,-0.0030393702254536,4319.63427734375,4419.757991536459,17.32571452004569,15.414333248138428,1905.5999930245537,1914.823331705729,83.44645690917969,84.51664886474609,148.49928719656808,147.01490020751953,0.1225211494822769,0.9232821260781886,0.0983937391678363,0.0668400281498259,0.0651610852135625,-0.0630338394946261,-0.091601550579071,-0.0775327330381346,0,
2023-09-29,4288.0498046875,3865960000.0,17.520000457763672,1848.0999755859373,1605.0,83.11714935302734,13488300.0,149.33700561523438,-0.002709582086142,0.010380640345549,-0.006611507561122,0.0002184181494739,0.0010769072644136,4303.327078683035,4417.014322916667,17.665714536394393,15.401999950408936,1891.671421595982,1913.6233317057288,83.29347664969308,84.47152252197266,148.7271445138114,147.115033976237,0.120905711120729,0.9039096756008904,0.0985397164169248,0.0668442968720611,0.064213617365833,-0.0655726262184527,-0.097607433795929,-0.0773312494447344,0,
2023-10-02,4288.39013671875,3938660000.0,17.610000610351562,1830.0,2309.0,82.44294738769531,21010000.0,149.5399932861328,7.936755559079245e-05,0.0051369948765045,-0.0097938292435714,-0.008111466413128,-0.0013592590132778,4297.3828125,4414.303662109375,17.67571449279785,15.412333329518637,1878.9285714285716,1911.7533325195316,83.13363320486886,84.39547398885091,148.90128653390067,147.24256693522136,0.1209150051502049,0.8982594468907297,0.1018915805094215,0.0694519710867135,0.0625166018465346,-0.0654984630019184,-0.1064453125,-0.0848154460253063,0,
2023-10-03,4229.4501953125,3953830000.0,19.780000686645508,1824.5999755859373,310.0,81.76056671142578,21364700.0,149.8509979248047,-0.0137440716742595,0.1232254401523627,-0.002950833013149,-0.0082770048608351,-0.0020797422270628,4284.438546316965,4408.626334635416,18.044285910470144,15.5006667137146,1864.5285644531248,1909.463330078125,82.8296399797712,84.31418024698893,149.21657235281808,147.39410044352215,0.1245520063121082,0.9633423947052908,0.1010033160015233,0.0710732339172575,0.0616156594778049,-0.0783423191061257,-0.109082043170929,-0.0923904330271161,0,
2023-10-04,4263.75,3777600000.0,18.57999992370605,1818.5,357.0,82.2791748046875,14054000.0,149.19200134277344,0.0081097549571607,-0.0606673772134719,-0.0033431851734945,0.0063430100122978,0.0043976789688243,4273.911411830357,4404.499674479167,18.28428595406669,15.554333400726318,1850.5142822265625,1906.866662597656,82.68788473946708,84.24896647135417,149.3248574393136,147.49256693522136,0.127383415489628,0.9819911447918376,0.1008138551049607,0.0740872821223964,0.0613751493507037,-0.0708679011596913,-0.112060546875,-0.0866334564565498,0,
2023-10-05,4258.18994140625,3581470000.0,18.489999771118164,1816.5999755859373,393.0,82.43384552001953,11315900.0,148.96600341796875,-0.0013040301597772,-0.0048439264239746,-0.0010448305823825,0.001879828227485,0.0015148126090583,4271.720005580357,4398.572347005208,18.22000013078962,15.63800007502238,1838.5428466796875,1903.4699951171876,82.5721184866769,84.15843404134115,149.3470001220703,147.59933369954427,0.1222257378062324,0.9641763332895796,0.0929626380759761,0.0659716354958818,0.0606134594459174,-0.0720795174389962,-0.112988293170929,-0.0849164842459563,0,
2023-10-06,4308.5,3902030000.0,17.450000762939453,1830.199951171875,390.0,81.95161437988281,12257100.0,148.46299743652344,0.0118148930146444,-0.0562465668497852,0.0074864999277295,-0.005849916828393,0.0033766495032694,4276.575753348215,4396.31201171875,18.110000337873185,15.646333408355712,1832.6285574776784,1900.5366617838545,82.44061388288226,84.06238759358725,149.26385716029577,147.72566680908204,0.1223896470852079,0.9573811532932752,0.0967014619848313,0.0669952999620906,0.0568341591318131,-0.0611162362114407,-0.1063476800918579,-0.090269646704151,0,
2023-10-09,4335.66015625,3174630000.0,17.700000762939453,1849.5,232.0,82.99797058105469,5816700.0,149.16000366210938,0.0063038542996403,0.014326646938088,0.0105453225565694,0.0127679754583178,-0.0046948144495326,4281.712890625,4393.977018229167,18.16142899649484,15.713666756947836,1831.0714111328125,1898.483329264323,82.42618124825614,84.0021245320638,149.215571812221,147.82876688639325,0.1221833829027723,0.9184581478229482,0.1025791854040224,0.0781943186742992,0.0517917711188514,-0.0551976497602197,-0.096923828125,-0.0786542318795827,0,
2023-10-10,4358.240234375,3520240000.0,17.030000686645508,1861.0,236.0,82.83419799804688,11508300.0,148.32699584960938,0.0052079907813922,-0.0378531100234076,0.0062178967288455,-0.0019732118973665,0.0055846593728101,4291.740094866072,4391.474690755208,18.091429029192245,15.778666782379153,1832.914271763393,1896.5866617838544,82.38575962611607,83.92855784098307,149.071284702846,147.88863321940104,0.1217121026843851,0.918287844937692,0.1039033429496842,0.0775658043429092,0.0543199283265697,-0.0502771278299332,-0.09130859375,-0.0804722423108262,0,
2023-10-11,4376.9501953125,3601660000.0,16.09000015258789,1872.800048828125,65.0,83.28914642333984,14815800.0,148.6280059814453,0.0042930081710337,-0.055196740819555,0.0063407032929205,0.0054922777824648,-0.0020293684916341,4304.391531808035,4387.452034505209,17.874286106654576,15.833333460489907,1839.028564453125,1894.463330078125,82.50664520263672,83.84993972778321,148.94100080217635,147.9607666015625,0.1140994461143866,0.9251038291305628,0.1013280710814516,0.076231200250583,0.0544521527885717,-0.0461999597794894,-0.085546851158142,-0.0754219404369102,0,
2023-10-12,4349.60986328125,3713140000.0,16.690000534057617,1869.300048828125,46.0,82.48845672607422,12855900.0,149.03599548339844,-0.0062464343461184,0.0372902657414346,-0.001868859413043,-0.0096133737905764,-0.0027450378497579,4321.557198660715,4381.943359375,17.432857513427734,15.927000141143798,1845.4142892020088,1891.963330078125,82.61062949044364,83.744935353597,148.82457188197546,148.06236623128254,0.1142202764412573,0.9196674833990384,0.1001723610174073,0.0802253527335654,0.0536356490830926,-0.052157809110052,-0.087255835533142,-0.0843102549220561,0,
2023-10-13,4327.77978515625,3566560000.0,19.31999969482422,1927.4000244140625,43.0,83.01615905761719,9872500.0,149.7899932861328,-0.0050188588887675,0.157579333529668,0.0310811395005101,0.0063972869961108,-0.0050591657424019,4330.704310825893,4375.947347005208,17.538571766444615,16.118666807810467,1860.971435546875,1891.6033325195312,82.71591295514789,83.65178731282552,148.90999930245536,148.1853993733724,0.1147485029583695,1.0117862841162566,0.1370115260256749,0.0827368136983544,0.0551083526288559,-0.0569148953149489,-0.058886706829071,-0.0784523248233969,0,
2023-10-16,4373.6298828125,3409960000.0,17.209999084472656,1921.0999755859373,53.0,82.52484130859375,7248000.0,149.5659942626953,0.0105943693839298,-0.1092132838344105,-0.0032686773624175,-0.0059183387258671,0.0014954204785202,4347.195731026785,4371.209342447916,17.355714525495255,16.256000105539957,1875.9000069754463,1890.979996744792,82.72891235351562,83.55974629720052,148.99571228027344,148.32183227539062,0.1195637828385488,1.0641947019920102,0.1372716796792317,0.0826361736440624,0.0534225037427426,-0.0469235033554333,-0.061962902545929,-0.0839063561171274,0,
2023-10-17,4373.2001953125,3794850000.0,17.8799991607666,1922.699951171875,103.0,81.71505737304688,11191600.0,149.5780029296875,-9.824505308242416e-05,0.0389308606586991,0.0008328434783566,-0.0098126082123413,-8.02900890097824e-05,4356.438616071428,4367.088346354167,17.417142868041992,16.385000069936115,1889.114292689732,1890.863330078125,82.6951184953962,83.45795593261718,149.15499877929688,148.4229990641276,0.1192130567266447,1.0529032850903954,0.1358075785315861,0.0852709008727191,0.0498624695866532,-0.0470171384064378,-0.0611816644668579,-0.0928956241303662,0,
2023-10-18,4314.60009765625,3686030000.0,19.21999931335449,1955.300048828125,67.0,81.3329086303711,13794200.0,149.75900268554688,-0.0133998205065164,0.0749440836400148,0.0169553744651527,-0.0046766012894194,-0.001210069343849,4353.430036272322,4362.059016927084,17.634285518101283,16.54400005340576,1904.228585379464,1892.1033325195312,82.4572525024414,83.35068588256836,149.24057006835938,148.4992660522461,0.1234382376400123,1.0679724147494427,0.1437632170690414,0.0857804422825505,0.0469488906937757,-0.0597869376975779,-0.045263648033142,-0.0971377896241962,0,
2023-10-19,4278.0,3969730000.0,21.39999961853028,1968.4000244140625,1945.0,80.93256378173828,27116700.0,149.74200439453125,-0.008482848196321,0.1134235370997687,0.0066997265170574,-0.0049222984321418,0.00011350430165,4341.967145647322,4356.287679036458,18.258571079799108,16.777333386739095,1919.5714460100448,1893.8,82.18559047154018,83.22039133707682,149.44271414620536,148.56703287760416,0.1251495637039012,1.1066182815782253,0.1447755543955826,0.0852080348972502,0.0468652260122701,-0.0677626223772875,-0.038867175579071,-0.1015819468667692,0,
2023-10-20,4224.16015625,4004030000.0,21.709999084472656,1982.5,557.0,81.40570831298828,12587100.0,149.802001953125,-0.0125852837190275,0.0144859566106696,0.0071631657239663,0.0058461577039126,-0.0004006728695555,4320.139997209822,4348.510009765625,19.06142807006836,17.03966668446859,1935.2428676060267,1895.9366658528645,81.9165278843471,83.10526326497396,149.6104278564453,148.64939982096354,0.1290337500947831,1.0945445749429856,0.1458926363486419,0.0877509466485277,0.0459851773953615,-0.0794950942681516,-0.031982421875,-0.0963296532441102,0,
2023-10-23,4217.0400390625,3776100000.0,20.3700008392334,1976.300048828125,127.0,81.78785705566406,12365000.0,149.8800048828125,-0.0016855698941634,-0.0617226302048831,-0.0031273398092686,0.0046943727976236,-0.0005207068575219,4301.201450892857,4339.496012369792,19.587142399379186,17.258666706085204,1950.5285818917407,1897.7033325195312,81.81644221714565,83.0077133178711,149.73100062779017,148.74163309733072,0.1265073172028603,1.1170430305450314,0.1463415449891862,0.0894809334990803,0.045578402051004,-0.081046669624683,-0.035009741783142,-0.0920874877502802,0,
2023-10-24,4247.68017578125,3821820000.0,18.96999931335449,1975.0,10.0,81.93343353271484,10906000.0,149.7689971923828,0.0072657922227272,-0.0687285944133322,-0.0006578195597859,0.0017799277581231,0.0007406437604301,4289.758649553572,4332.355354817709,19.53714234488351,17.41666669845581,1957.328578404018,1899.8266642252604,81.6617671421596,82.911083984375,149.7280011858259,148.84466654459635,0.1288081587536125,1.1420153597600848,0.144846179491978,0.0895838171289148,0.0445046915254685,-0.0743697456637927,-0.03564453125,-0.0904714690677797,0,
2023-10-25,4186.77001953125,3869370000.0,20.190000534057617,1984.0999755859373,97.0,81.21463012695312,15170200.0,149.85400390625,-0.0143396286277125,0.0643121383691496,0.0046075825751581,-0.0087730170062347,-0.0005675855181028,4263.064383370535,4322.999690755209,19.96285683768136,17.640333398183188,1966.328578404018,1902.3266642252604,81.47459411621094,82.78716659545898,149.76914542061942,148.93453318277994,0.1336395445377926,1.1346956530626475,0.1450184312297789,0.0919549818294478,0.0438309730920196,-0.087642939757549,-0.031201183795929,-0.0984507783373038,0,
2023-10-26,4137.22998046875,4277640000.0,20.68000030517578,1987.199951171875,521.0,81.83334350585938,15901300.0,150.09800720214844,-0.0118325197781096,0.0242694283386275,0.0015624089632995,0.007618250282481,-0.0016282734497443,4229.354352678572,4310.737353515625,20.362857001168383,17.90233341852824,1975.542864118304,1904.8999959309897,81.49149213518415,82.6902254740397,149.8434317452567,149.0262669881185,0.1326310255131429,1.118021052324187,0.144997079469636,0.0956078525341947,0.0438892172892855,-0.0984384227175658,-0.0296875238418579,-0.0915825507247015,0,
2023-10-27,4117.3701171875,4019500000.0,21.270000457763672,1988.5999755859373,372.0,81.96072387695312,11628200.0,150.36599731445312,-0.0048002802297685,0.0285299876151465,0.0007045211596532,0.0015565827526602,-0.0017854341793077,4201.178641183035,4299.639029947916,20.65571430751256,18.151666768391927,1980.2999965122767,1907.063330078125,81.58118002755302,82.60630315144857,149.93014526367188,149.12240041097004,0.1298038439940782,1.1053128223503068,0.143952606018564,0.0957321726228866,0.0440118391365954,-0.1027661709329136,-0.029003918170929,-0.0901685237909438,0,
2023-10-30,4166.81982421875,3911140000.0,19.75,1996.199951171875,157.0,81.6877670288086,11022500.0,149.73300170898438,0.0120100223258599,-0.0714621732510994,0.0038217719396775,-0.0033303372058343,0.0042096991126591,4185.295758928572,4290.08203125,20.420000076293945,18.343333435058597,1984.271414620536,1909.2199951171876,81.68906620570591,82.51055908203125,149.9288591657366,149.1845672607422,0.1362443476856061,1.134565726389852,0.1439132847172228,0.0957788069802876,0.0457719180555132,-0.0919903726143012,-0.0252929925918579,-0.093198569407202,0,
2023-10-31,4193.7998046875,4249470000.0,18.13999938964844,1985.199951171875,84.0,81.51490783691406,11574700.0,149.11099243164062,0.0064749573072333,-0.0815190182456485,-0.0055104700275854,-0.0021160964264522,0.0041541228068924,4180.958565848215,4281.743684895833,19.910000119890487,18.477666759490965,1984.657121930804,1910.9933268229167,81.70466613769531,82.41933898925781,149.83014351981026,149.2347671508789,0.1385347858140653,1.1678054683511587,0.145185435829087,0.0955316604235568,0.0472579882304035,-0.0861110490424219,-0.0306640863418579,-0.0951174486739813,0,
2023-11-01,4237.85986328125,4224900000.0,16.8700008392334,1978.800048828125,41.0,82.4537582397461,22448900.0,151.29400634765625,0.0105059994863139,-0.0700109478029952,-0.0032238074255301,0.0115175300781837,-0.0146401943975822,4183.932826450893,4276.265673828125,19.410000119890487,18.53533344268799,1985.0142647879463,1912.0999959309893,81.79979487827846,82.36153055826823,150.03214372907365,149.35316721598306,0.1411519023243845,1.1753069715142812,0.1444879196969946,0.1022806644802666,0.0628665192557742,-0.0765097321931137,-0.033789038658142,-0.0846954366718603,0,
2023-11-02,4317.77978515625,4669780000.0,15.65999984741211,1985.5999755859373,39.0,82.9646987915039,14046200.0,150.5749969482422,0.0188585570201276,-0.0717250107662871,0.0034363890186071,0.0061966920934297,0.004752398437793,4193.947056361607,4275.858333333334,18.937143053327286,18.47266674041748,1986.5285470145088,1914.313330078125,81.9471184866769,82.3416254679362,150.14728655133928,149.4283004760742,0.1451548045397036,1.1032099171988152,0.1382649065463102,0.1020787102496862,0.0641385125184699,-0.0590940383201446,-0.030468761920929,-0.0790235761212045,0,
2023-11-03,4358.33984375,4570960000.0,14.90999984741211,1991.5,12.0,83.60336303710938,23133700.0,150.4969940185547,0.0093937302530313,-0.0478927207731704,0.0029714063691612,0.0076980240380366,0.0005180337457639,4218.45703125,4277.134326171875,18.18285724094936,18.39633337656657,1987.585693359375,1916.516662597656,82.28836604527065,82.33212025960286,150.2391422816685,149.52340037027994,0.1475203859764463,1.1102988486496177,0.1382333958024894,0.1039830480340166,0.0624049692171648,-0.0502554215226548,-0.027587890625,-0.0719338774717205,0,
2023-11-06,4365.97998046875,3656340000.0,14.890000343322754,1981.5999755859373,130.0,83.11978912353516,11246700.0,149.44900512695312,0.0017529924220356,-0.0013413483765277,-0.0049711395501194,-0.0057841442737126,0.0069635204240182,4251.135602678572,4278.085660807292,17.355714389256068,18.32933340072632,1986.7856968470985,1918.683329264323,82.4721439906529,82.32706451416016,150.14642769949776,149.55723368326824,0.1471736496416341,1.1093890743930483,0.1383825673618673,0.1031254224706644,0.0645073869693628,-0.0485905264737146,-0.032421886920929,-0.0773019458199692,0,
2023-11-07,4378.3798828125,3791230000.0,14.8100004196167,1966.800048828125,20.0,83.5942611694336,13189400.0,149.98899841308594,0.0028401189192852,-0.0053727281303878,-0.0074686752826771,0.005708292223808,-0.0036132277071641,4288.422712053572,4281.5806640625,16.432857240949357,18.191666730244958,1983.671421595982,1920.8966634114583,82.70550646100726,82.33873291015625,150.09257071358817,149.59650014241535,0.1402663731013104,1.0467075252378193,0.1378176716624558,0.1044545614741646,0.0649143638264997,-0.0458884104279653,-0.039648413658142,-0.0720349156923705,0,
2023-11-08,4382.77978515625,3729510000.0,14.449999809265137,1951.5,43.0,83.93183898925781,11117600.0,150.39599609375,0.0010049156221052,-0.0243079405909213,-0.00777915825111,0.0040382894124753,-0.0027135168910399,4319.274135044643,4285.189664713542,15.675714356558665,18.066000080108644,1977.2857142857144,1923.5599975585935,83.02608816964286,82.37405598958334,150.1872841971261,149.64153340657552,0.1402547525561394,1.0438267870272164,0.1317445951380233,0.104087133255339,0.0651968016732001,-0.0449296087863726,-0.047119140625,-0.0682875241172643,0,
2023-11-09,4347.35009765625,3900780000.0,15.289999961853027,1964.199951171875,10.0,83.1015625,17067900.0,150.86399841308594,-0.0080838393067328,0.058131499216304,0.006507789480848,-0.0098922709100187,-0.0031118003902457,4341.209891183035,4286.777994791667,15.26857158115932,17.99766674041748,1974.2857142857144,1927.019995117188,83.25275312151227,82.37414143880208,150.43771362304688,149.68706665039062,0.1417486020081409,1.0515902759847904,0.1306077508494992,0.1080310215225015,0.0652234928841772,-0.052650244355562,-0.0409179925918579,-0.0775042763389406,0,
2023-11-10,4415.240234375,3665080000.0,14.170000076293944,1932.5999755859373,375.0,83.19279479980469,10674700.0,151.3489990234375,0.0156164410948524,-0.0732504832147395,-0.0160879627184007,0.0010978409678481,-0.0032148200727357,4366.549944196428,4291.01767578125,14.882857186453682,17.886000061035155,1967.6857038225448,1929.8366617838544,83.35832977294922,82.37666295369466,150.44556971958704,149.75413309733074,0.1480589836713608,1.070722391002869,0.138583095326473,0.1080748746703931,0.0656145956403582,-0.0378560127003178,-0.056347668170929,-0.0764915227408408,0,
2023-11-13,4411.5498046875,3326240000.0,14.760000228881836,1945.5,191.0,83.14715576171875,8930200.0,151.468994140625,-0.0008358389332403,0.0416372723649414,0.0066749583861251,-0.0005485936395785,-0.0007928372038252,4379.945661272322,4295.122998046875,14.75428581237793,17.7910000483195,1961.9571358816963,1933.686661783854,83.38439505440849,82.4001365661621,150.57328360421317,149.8184331258138,0.1481330810362674,1.0788881204071883,0.1350668698257531,0.1052974506923945,0.0655672402009776,-0.038660210104286,-0.050048828125,-0.0769981536175621,0,
2023-11-14,4495.7001953125,4700350000.0,14.15999984741211,1961.800048828125,2.0,84.39716339111328,14313600.0,151.64599609375,0.0190750177036618,-0.0406504317185353,0.0083783340159984,0.0150336787583784,-0.0011685688818972,4399.568568638393,4303.997998046875,14.647142955235072,17.603666687011717,1957.7142857142856,1938.2599975585936,83.49779510498047,82.48802312215169,150.7374267578125,149.87826639811198,0.1502968994535254,1.013984039586059,0.1353930398700416,0.1103418019782528,0.0654217106177151,-0.0203226365927907,-0.042089819908142,-0.0631220403656584,0,
2023-11-15,4502.8798828125,4347170000.0,14.18000030517578,1960.0999755859373,6.0,83.740234375,12969400.0,150.48500061035156,0.0015970120755575,0.0014124617216946,-0.0008665884391242,-0.0077837807542054,0.0076559587018749,4419.125697544643,4311.968994140625,14.545714378356934,17.45700003306071,1954.6428571428569,1942.979996744792,83.58643014090401,82.53672510782877,150.8854261125837,149.9213663736979,0.14920789488491,1.0024676050779953,0.1346597723438019,0.1120713134260901,0.0681259671880516,-0.0187580800132791,-0.042919933795929,-0.0704144929968994,0,
2023-11-16,4508.240234375,3964520000.0,14.31999969482422,1983.9000244140625,39.0,84.3697738647461,10375600.0,151.21499633789062,0.0011904273935798,0.00987301739319,0.0121422627032126,0.0075177660349854,-0.0048509534144816,4437.677176339285,4320.30400390625,14.47571427481515,17.318000030517577,1957.0857107979907,1948.5566650390624,83.6972176688058,82.601256052653,151.0605686732701,149.99633280436197,0.1489226546764946,1.0036581590911509,0.1370149523003841,0.1138038397100769,0.0691458090916082,-0.0175899827519979,-0.031298816204071,-0.0634260866457368,0,
2023-11-17,4514.02001953125,3777240000.0,13.800000190734863,1981.5999755859373,32.0,84.4245376586914,8462000.0,150.7050018310547,0.001282049060336,-0.0363128153052478,-0.0011593572255761,0.0006490925770774,0.0033726450364509,4456.42578125,4327.154671223959,14.382857186453682,17.196333344777425,1961.385707310268,1953.6033325195312,83.7676031930106,82.68368682861328,151.1047123500279,150.0710662841797,0.1459568103156469,0.99672495633099,0.1368333258333559,0.1120497015909598,0.0691438547177328,-0.0163304849125203,-0.032421886920929,-0.0628181634706942,0,
2023-11-20,4547.3798828125,3644790000.0,13.40999984741211,1977.699951171875,182.0,84.54313659667969,7481200.0,149.94200134277344,0.0073902780973298,-0.0282608940530736,-0.0019681189251675,0.0014047922710307,0.0050628743506243,4485.00146484375,4334.211995442708,14.114285741533552,17.05333331425985,1963.314278738839,1957.8766642252604,83.97354234967914,82.73519236246744,150.9729984828404,150.09713287353514,0.1462949394906575,0.9968525031846964,0.1353883740014097,0.1063900043361518,0.0697911220474058,-0.0090608936401583,-0.0343261957168579,-0.0615016176701873,0,
2023-11-21,4538.18994140625,3511080000.0,13.350000381469728,1999.300048828125,16.0,84.65263366699219,9153300.0,148.36199951171875,-0.0020209310950652,-0.0044742331562337,0.0109218274710736,0.0012951621470453,0.0105374199150692,4502.565708705357,4340.210319010416,13.997142927987236,16.930666637420654,1972.8428606305804,1962.4866658528647,84.18209075927734,82.79580688476562,150.54628426688058,150.09829966227213,0.146259498857989,0.9926576494025054,0.137253463659969,0.1061146238799382,0.0746549429690193,-0.0110635132935171,-0.023779273033142,-0.0602861100903305,0,
2023-11-22,4556.6201171875,3042810000.0,12.850000381469728,1991.4000244140625,6075.0,84.62527465820312,7255100.0,148.15199279785156,0.0040611292209464,-0.0374531824503928,-0.0039513950988462,-0.0003231914661591,0.0014155020460653,4523.2900390625,4346.19931640625,13.724285806928362,16.82266664505005,1979.4000069754463,1966.439998372396,84.39325060163226,82.8403444925944,150.07242693219865,150.08243255615236,0.1462210515917874,0.9863625317093312,0.1379436993133755,0.1051887166263925,0.0745161549386531,-0.0070473144296933,-0.027636706829071,-0.0605898176001805,0,
2023-11-24,4559.33984375,1639500000.0,12.460000038146973,2002.199951171875,63.0,84.18730163574219,4125800.0,149.63499450683594,0.000596873667884,-0.0303502203692658,0.0054232834314593,-0.0051754398934583,-0.0100100017622299,4532.381417410715,4353.190315755209,13.481428691319056,16.681666628519693,1985.171421595982,1970.8699951171875,84.36327035086495,82.89697265625,149.78514099121094,150.10239919026694,0.1444528173402771,0.9802495376153842,0.1377463100834917,0.1022060742106502,0.0797167021009539,-0.0064546471182217,-0.0223633050918579,-0.0654516785344935,0,
2023-11-27,4550.43017578125,3403990000.0,12.6899995803833,2011.800048828125,228.0,84.82600402832031,9539800.0,149.5709991455078,-0.00195415746009,0.0184590322256958,0.0047947746930225,0.0075866832665767,0.00042767643718,4539.17431640625,4360.611995442709,13.26857144492013,16.460666624704995,1992.5571463448664,1973.683329264323,84.51838030133929,82.95730082194011,149.6545693533761,150.09509938557943,0.1435005075561715,0.8505333429562532,0.1079014904968371,0.1028384050975245,0.0783525327003422,-0.0083961911814934,-0.017675757408142,-0.0583615564222239,0,
2023-11-28,4554.89013671875,3586240000.0,12.6899995803833,2039.699951171875,174665.0,85.20006561279297,13563300.0,148.45199584960938,0.0009801185306033,0.0,0.0138681288729471,0.0044097513345997,0.0074814188732524,4545.838588169643,4366.65400390625,13.035714285714286,16.309999974568687,2000.528564453125,1977.6366617838544,84.63699340820312,83.04647496541341,149.25985499790735,150.05796610514324,0.1410137219135182,0.80004497933132,0.1127104325554961,0.1013741931615133,0.0811900930588578,-0.0074243019134535,-0.0040527582168579,-0.0542091650389462,0,
2023-11-29,4550.580078125,4418760000.0,12.979999542236328,2047.0999755859373,15290.0,85.64718627929688,19075400.0,147.06300354003906,-0.0009462486392383,0.0228526376235127,0.0036279965638135,0.0052478911053417,0.0093565081535006,4551.061453683035,4372.566666666667,12.91857133592878,16.14666665395101,2009.885707310268,1981.783329264323,84.81165749686105,83.17754592895508,148.73956952776228,149.97413279215496,0.1411130103330885,0.7930217462288499,0.1127450528523329,0.0965919060179854,0.0853692836007472,-0.0083635253171089,-0.000439465045929,-0.0492457577286404,0,
2023-11-30,4567.7998046875,5399300000.0,12.920000076293944,2038.0999755859373,2506.0,85.22747039794922,18446700.0,147.03900146484375,0.0037840728581564,-0.0046224551662847,-0.0043964633419645,-0.0049005215416996,0.0001632094722502,4553.978585379465,4381.006656901041,12.848571368626184,15.936666679382324,2018.5142822265625,1984.5433268229167,84.90941946847099,83.30736465454102,148.3248552594866,149.8834660847982,0.1341046675636126,0.7519356858126927,0.105045413819134,0.0967201516284432,0.0852157420679973,-0.0046111006481035,-0.004833996295929,-0.0539049493737535,0,
2023-12-01,4594.6298828125,4397120000.0,12.630000114440918,2071.0,614.0,86.0315933227539,21393200.0,147.99899291992188,0.0058737421236076,-0.0224458173483393,0.0161424978206008,0.0094350204347264,-0.0065288219146921,4562.041434151785,4391.560986328125,12.74571418762207,15.644333362579346,2028.7571323939733,1987.9633260091143,85.10641370500836,83.4773323059082,148.2729971749442,149.8253657023112,0.1308263748749711,0.6512662720669037,0.1124833753868193,0.0972845633149912,0.0876820155611675,0.0,0.0,-0.0449785232379014,0,
2023-12-04,4569.77978515625,4369910000.0,13.079999923706056,2024.0999755859373,1071.0,85.67478942871094,16402000.0,146.39300537109375,-0.0054085091269721,0.0356294382571396,-0.0226460764915802,-0.0041473588976133,0.0108513410607941,4563.92138671875,4403.081640625,12.778571265084404,15.356666723887123,2033.4285539899556,1989.3499918619789,85.25634438650948,83.61963500976563,148.02171325683594,149.71173248291015,0.1252084754517736,0.6628159900292181,0.1315159054310022,0.0982092790104885,0.092735453235794,-0.005408509126972,-0.0226460764915802,-0.0489393400569625,0,
2023-12-05,4567.18017578125,3909950000.0,12.850000381469728,2018.5,289.0,86.27861022949219,25452100.0,147.32699584960938,-0.0005688697261614,-0.0175840629646701,-0.0027666496978817,0.0070478235757285,-0.0063800212048932,4565.041434151785,4414.752978515625,12.834285599844796,15.10600004196167,2035.7571323939733,1990.7566569010412,85.5551027570452,83.76932678222656,147.69199916294642,149.6266321818034,0.1249135696702189,0.6484862279167408,0.1314282052184048,0.0990610544306833,0.0949615799622351,-0.0059743021160275,-0.0253500724287783,-0.042236432315868,0,
2023-12-06,4549.33984375,4245680000.0,12.970000267028809,2030.5,417.0,86.63539123535156,14023400.0,147.18499755859375,-0.0039062028088695,0.0093385122176437,0.0059450086698042,0.0041352196669646,0.0009638307643262,4564.885672433035,4424.80830078125,12.874285697937012,14.906000073750814,2038.4285539899556,1992.606656901041,85.81358664376395,83.92605870564779,147.35114179338728,149.54049886067708,0.1255539746516313,0.6309098769618325,0.1322098578103131,0.0992913956668722,0.0949675696279096,-0.0098571680891904,-0.0195557701593433,-0.0382758695744783,0,
2023-12-07,4585.58984375,3818880000.0,13.0600004196167,2029.9000244140625,67.0,86.50733184814453,13730100.0,147.1840057373047,0.0079681890658929,0.0069391018299884,-0.0002954816970881,-0.0014781417314679,6.738603156031253e-06,4569.271344866072,4438.102294921875,12.92714296068464,14.66833340326945,2037.028564453125,1994.133325195312,86.00033896309989,84.10248209635417,147.17000034877233,149.45149892171224,0.1161259250645959,0.5914270146908994,0.1317967415370485,0.0946314829870416,0.0949227502820615,-0.0019675228022863,-0.0198454734842769,-0.03969743414582,0,
2023-12-08,4604.3701171875,3707010000.0,12.350000381469728,1998.300048828125,449.0,85.9492416381836,13825300.0,144.2779998779297,0.0040954978699407,-0.0543644728433944,-0.0155672571091568,-0.0064513631161415,0.0197440329526135,4576.955636160715,4453.6736328125,12.837143080575126,14.390666739145916,2030.0571463448664,1994.5033284505205,86.04348972865513,84.23967870076497,146.7721426827567,149.25749867757162,0.1072049084143857,0.5914325842725203,0.1400232746968918,0.0963038499618045,0.1096646550121109,0.0,-0.035103791005251,-0.0458926946995078,0,
2023-12-11,4622.43994140625,3823210000.0,12.630000114440918,1978.0,651.0,85.95840454101562,10484600.0,144.98300170898438,0.0039244942866989,0.0226720424552624,-0.0101586590262207,0.0001066083034286,-0.0048864125622143,4584.761369977678,4470.509293619792,12.795714514596122,14.102666727701823,2021.471435546875,1994.1499959309888,86.14790889195034,84.3729347229004,146.47842843191964,149.07806549072265,0.1042086772906611,0.5878021100325903,0.1432025123085283,0.0964083382082783,0.1107839480651474,0.0,-0.0449058425881216,-0.0457909789384008,0,
2023-12-12,4643.7001953125,3808380000.0,12.06999969482422,1977.800048828125,95.0,86.141357421875,7248000.0,146.0850067138672,0.0045993575202152,-0.0443389085148465,-0.0001010875489761,0.0021283885134475,-0.0076009255698457,4591.771414620535,4486.405305989583,12.71571445465088,13.846666717529295,2008.157156808036,1993.5366658528644,86.16358947753906,84.52138773600261,146.2050018310547,148.9564656575521,0.1013623605073582,0.5707938059688672,0.1427102469253239,0.0952707522941476,0.1132482121789954,0.0,-0.0450023907155359,-0.0437600514185452,0,
2023-12-13,4707.08984375,5063650000.0,12.1899995803833,1982.300048828125,2252.0,87.42215728759766,16155200.0,145.27999877929688,0.0136506763510459,0.0099419957409392,0.002275255278038,0.0148685823401872,0.0055105445293716,4611.387137276785,4503.514973958333,12.588571548461914,13.648333390553791,2002.1857386997767,1993.440002441406,86.41321345738002,84.71829605102539,146.04600088936942,148.82876586914062,0.105169580142449,0.5397804640317618,0.1420078778125952,0.1017211345561374,0.1136650704514554,0.0,-0.0428295273644978,-0.0295421190060854,0,
2023-12-14,4719.5498046875,6314040000.0,12.479999542236328,2030.199951171875,236.0,88.14881896972656,32373200.0,142.7729949951172,0.0026470624846992,0.0237899894861119,0.0241638002138309,0.0083120996401218,0.0172563587916063,4633.154227120535,4519.571305338542,12.535714285714286,13.502000013987224,2003.8571602957588,1995.153332519531,86.68038613455636,84.9081314086914,145.39542933872767,148.54473215738932,0.1033154061953252,0.5212228640865533,0.1579151200523226,0.0996144966016082,0.1135042313543237,0.0,-0.0197006512931554,-0.0214755764027225,0,
2023-12-15,4719.18994140625,8218980000.0,12.279999732971191,2021.0999755859373,261.0,88.07542419433594,9407100.0,142.2790069580078,-7.62494933082003e-05,-0.0160256263302152,-0.0044823050954586,-0.0008326234684531,0.0034599542940615,4657.418526785715,4532.951643880208,12.437142780848912,13.38933334350586,2002.514299665179,1996.3366658528644,86.88610512869698,85.07848892211913,144.69457353864397,148.26819915771483,0.0931103223823694,0.4873076724419535,0.1584779570434454,0.0992757931495438,0.1132841466877292,-7.624949330814997e-05,-0.024094652058939,-0.0222903188022643,0,
2023-12-18,4740.56005859375,4060340000.0,12.5600004196167,2026.300048828125,100.0,87.88275909423828,8634100.0,142.31300354003906,0.0045283443669004,0.0228013593431699,0.0025728926351999,-0.0021875012452117,-0.0002389430651654,4679.55712890625,4545.692317708334,12.36571420942034,13.311000029246012,2002.000017438616,1997.4966674804684,87.0825947352818,85.22113545735677,143.99871608189173,147.99539947509766,0.0912491003646319,0.4795414946323648,0.1584311936442108,0.0984882303609892,0.1133834156250029,0.0,-0.0215837523765692,-0.0244290599473398,0,
2023-12-19,4768.3701171875,4026970000.0,12.529999732971191,2038.4000244140625,498.0,88.04790496826172,9047100.0,142.7220001220703,0.0058664078189105,-0.002388589621275,0.0059714629099156,0.001879161233961,-0.0028739227748515,4702.985700334822,4559.105322265625,12.39142840249198,13.232333342234291,2007.728585379464,1999.390002441406,87.38240378243583,85.38540598551432,143.77643040248327,147.7711659749349,0.0916084667169186,0.4794768098478832,0.1582462521507905,0.0959093899738339,0.1131030062337598,0.0,-0.015741176043427,-0.0225958048558138,0,
2023-12-20,4698.35009765625,4201320000.0,13.670000076293944,2034.5,258.0,88.47915649414062,12659100.0,143.88900756835938,-0.0146842669110067,0.0909816733932546,-0.0019132772602784,0.0048979192183431,-0.008176787357877,4713.830008370535,4569.77099609375,12.53999982561384,13.194333330790204,2015.800013950893,2001.6466674804683,87.74251120431083,85.54823582967123,143.6201455252511,147.56783294677734,0.1049190461142921,0.5547502847044862,0.1564749052013976,0.0956611052762949,0.1156438949645095,-0.0146842669110067,-0.0176243360695316,-0.0178085580643278,0,
2023-12-21,4746.75,3431180000.0,13.649999618530272,2039.0999755859373,228.0,88.3415298461914,8939700.0,143.5229949951172,0.0103014678212025,-0.0014630912693524,0.0022609857881235,-0.0015554697106355,0.0025437146271809,4728.551409040178,4581.903336588542,12.76571410042899,13.167666657765706,2024.5571463448664,2004.5666666666664,88.05682155064174,85.69522552490234,143.25414385114397,147.33873291015624,0.1072969641169358,0.5507324449778072,0.1541707390679901,0.0959542139790165,0.1150379900540196,-0.0045340685928658,-0.0154031986547864,-0.0193363271023042,0,
2023-12-22,4754.6298828125,3046770000.0,13.029999732971191,2057.10009765625,202.0,88.25895690917969,4956400.0,142.07000732421875,0.0016600585268868,-0.0454212383066598,0.0088274838339599,-0.0009347012345777,0.010123727357751,4735.342843191965,4595.479329427083,12.88571412222726,13.09233331680298,2035.2428676060267,2007.6633382161456,88.17636435372489,85.867138671875,142.79557364327567,147.04559987386068,0.1024040112285219,0.5351560024280433,0.1549686650260666,0.0898472862265535,0.1167773219040494,-0.0028815368852081,-0.006711686307943,-0.0202529546480672,0,
2023-12-26,4774.75,2513910000.0,12.989999771118164,2058.199951171875,64.0,88.31400299072266,3342500.0,142.22999572753906,0.0042316894655107,-0.0030698359687461,0.0005346621279529,0.0006236883311414,-0.0011261237071327,4743.228585379465,4607.46298828125,12.958571297781807,13.05299997329712,2039.2428676060267,2011.85000406901,88.19996207101005,86.03784561157227,142.71800231933594,146.74163309733072,0.0952939914100085,0.4942051408365622,0.1457051617576693,0.0899002745463314,0.1161259921801401,0.0,-0.0061806126644736,-0.0196418978484109,0,
2023-12-27,4781.580078125,2748450000.0,12.43000030517578,2081.89990234375,586.0,89.00214385986328,7362400.0,142.46099853515625,0.0014304577464787,-0.0431100443271355,0.0115148924954453,0.0077919791407587,-0.0016241497191611,4752.141462053572,4619.797330729167,12.979999950953893,12.975333309173584,2047.9285714285716,2016.3966674804683,88.3323505946568,86.23301188151042,142.74400111607142,146.44136657714844,0.0948028303580796,0.4895549793924368,0.147675564221574,0.0910808430689654,0.11632723965592,0.0,0.0,-0.0120029679659718,0,
2023-12-28,4783.35009765625,2698860000.0,12.470000267028809,2073.89990234375,338.0,88.66266632080078,4858500.0,141.3990020751953,0.0003701746080437,0.0032180177691849,-0.0038426439191403,-0.0038142624923397,0.0074546470323866,4758.254324776785,4629.385660807292,12.96714278629848,12.918999989827476,2054.7285505022323,2020.1333292643224,88.44376591273716,86.3751953125,142.6134294782366,146.09980010986328,0.0812722547542492,0.4783760528100651,0.1475543909603774,0.0842871593534149,0.1169591942565358,0.0,-0.0038426439191403,-0.0157714479878022,0,
2023-12-29,4769.830078125,3126060000.0,12.449999809265137,2062.39990234375,47.0,88.44246673583984,7820500.0,141.42999267578125,-0.0028264750133749,-0.0016038859130222,-0.0055451085112659,-0.0024835660159847,-0.000219171282195,4758.462890625,4638.284000651041,12.955714225769045,12.861333306630453,2058.1571044921875,2023.5433268229165,88.50013187953404,86.53193639119466,142.4288569859096,145.79796651204427,0.0825035714846028,0.4781706988469869,0.1489320804548393,0.0804396586182095,0.1160507527637026,-0.0028264750133749,-0.0093664445529044,-0.0182158445715416,0,
2024-01-02,4742.830078125,3743050000.0,13.199999809265137,2064.39990234375,61.0,88.11215209960938,9444000.0,141.12600708007812,-0.0056605790054923,0.0602409647783175,0.0009697440335054,-0.0037347967376017,0.0021493715014183,4764.817173549107,4646.103662109375,12.888571330479213,12.823999977111816,2062.4285191127237,2026.2266560872392,88.44770268031529,86.65668233235677,142.03414263044084,145.4616668701172,0.0853798580813084,0.5118669050143818,0.1456346064402955,0.0801426165824675,0.114197162266464,-0.0084710545337469,-0.0084057835731194,-0.0218826088322649,0,
2024-01-03,4704.81005859375,3950760000.0,14.039999961853027,2034.199951171875,54.0,88.32317352294922,11040500.0,142.15499877929688,-0.0080163149227308,0.0636363761155731,-0.0146289249178845,0.0023949185022889,-0.0072912974759844,4758.825753348215,4652.463330078125,12.944285665239606,12.83199996948242,2061.728515625,2027.9799886067703,88.44508034842355,86.78663686116536,141.83871459960938,145.17666676839193,0.0899140850093727,0.5354356908992214,0.1527250085129067,0.0801488399158652,0.1174418996441554,-0.0164194628156076,-0.0229117409142368,-0.0195400973947468,0,
2024-01-04,4688.68017578125,3715480000.0,14.130000114440918,2042.300048828125,88.0,87.79100036621094,7354800.0,142.99899291992188,-0.003428381297357,0.0064102672957566,0.0039819574528963,-0.0060252947840467,-0.0059371400785936,4749.404366629465,4657.17333984375,13.101428576878138,12.855999978383382,2059.614222935268,2030.133325195312,88.37822941371373,86.8948989868164,141.97142682756697,144.9452331542969,0.0891107665651877,0.5282865395851145,0.1527214119108265,0.0830795770160676,0.1191967565891467,-0.0197915519337349,-0.0190210170388328,-0.0254476573318812,0,
2024-01-05,4697.240234375,3844370000.0,13.350000381469728,2042.4000244140625,12.0,87.4698715209961,10001000.0,144.76499938964844,0.0018256861788026,-0.0552016791687089,4.895244750890981e-05,-0.0036578788699899,-0.0123497825660598,4738.33154296875,4662.475016276042,13.152857235499791,12.855999978383382,2057.357090541295,2031.569991048177,88.25763920375279,86.9888069152832,142.3335702078683,144.82533315022786,0.0886604469119716,0.5537605541750582,0.1498801780511771,0.0842981134618683,0.1226124446649352,-0.0180019989177547,-0.0189729957166622,-0.0290124517538261,0,
2024-01-08,4763.5400390625,3742320000.0,13.079999923706056,2026.5999755859373,10.0,87.76350402832031,7044700.0,144.71600341796875,0.0141146293098466,-0.0202247528126248,-0.0077360206811876,0.0033569559691617,0.0003384517796861,4735.75439453125,4669.372347005208,13.24571432386126,12.86366662979126,2049.457101004464,2032.743322753906,88.0806906563895,87.09341456095378,142.6557137625558,144.71080017089844,0.0959994068155166,0.5456697898232207,0.1513072909575133,0.0844308195398371,0.1226043462403492,-0.0041414611494685,-0.0265622409106016,-0.0257528893077594,0,
2024-01-09,4756.5,3529960000.0,12.760000228881836,2026.4000244140625,27.0,87.7267837524414,7360800.0,144.22999572753906,-0.0014779006799081,-0.0244648086154998,-9.866336439534606e-05,-0.0004184002938972,0.0033583548394852,4731.918666294643,4675.944352213542,13.287142889840265,12.873666636149087,2042.6714041573664,2033.549991861979,87.94699314662388,87.21139729817709,143.06014142717635,144.53063354492187,0.0963565140404918,0.5429768204351949,0.1506314989878175,0.0823968546163451,0.1184585637614444,-0.005613241161128,-0.0266582835549428,-0.0261605145852016,0,
2024-01-10,4783.4501953125,3498680000.0,12.6899995803833,2021.699951171875,538.0,87.58914184570312,9212700.0,144.42799377441406,0.0056659718937244,-0.0054859441412932,-0.0023194202455394,-0.0015689838479283,-0.0013727938205658,4733.864397321428,4683.711686197917,13.321428571428571,12.873666636149087,2036.8571254185267,2033.879988606771,87.82508959089007,87.30350189208984,143.4884272984096,144.35920003255208,0.0965617497946083,0.5408524118454869,0.1502566676336131,0.0806650160183221,0.1186751144062414,0.0,-0.0289158720378935,-0.0276884530082923,0,
2024-01-11,4780.240234375,3759890000.0,12.4399995803833,2014.300048828125,97.0,88.05709075927734,10305400.0,145.73399353027344,-0.0006710555783868,-0.0197005522668779,-0.0036602376823824,0.0053425447916655,-0.0090425666225015,4739.208705357143,4691.223356119792,13.212857110159735,12.865333302815754,2029.7000034877235,2033.0333251953125,87.81722368512835,87.39873606363932,144.14671107700892,144.2685999552409,0.0967846580599027,0.5440324858784714,0.1449009553883527,0.0810438702579951,0.1206474798546997,-0.0006710555783868,-0.0324702707558239,-0.0224938350170354,0,
2024-01-12,4783.830078125,3486340000.0,12.699999809265137,2046.699951171875,390.0,88.29564666748047,8469600.0,145.04600524902344,0.0007509755941104,0.0209003406472643,0.0160849434336256,0.0027091050379493,0.0047208497110667,4750.497279575893,4698.998356119791,13.021428516932897,12.855999978383382,2031.4857177734373,2033.0199910481767,87.81329127720424,87.48701807657878,144.55971200125558,144.2013666788737,0.0965168835035579,0.5433456699482302,0.1522067432542707,0.0802483127509262,0.1184477614528632,0.0,-0.0169076097905801,-0.0198456681408535,0,
2024-01-16,4765.97998046875,4260550000.0,13.84000015258789,2026.0,46.0,87.57997131347656,9847100.0,145.79400634765625,-0.0037313402367431,0.0897638079089639,-0.0101138181783914,-0.0081054432581384,-0.0051569920684724,4761.540108816965,4705.604361979166,12.979999950953893,12.88666664759318,2029.15713936942,2032.6166585286455,87.78314426967076,87.56543477376302,144.95899963378906,144.1598668416341,0.0975492126668031,0.6022872081537067,0.1545382973789095,0.0828026907181556,0.1195516411533318,-0.0037313402367431,-0.0268504274777184,-0.0277902534619564,0,
2024-01-17,4739.2099609375,3928600000.0,14.789999961853027,2002.5999755859373,764.0,87.29552459716797,9170700.0,147.24600219726562,-0.0056168971839904,0.0686416039589059,-0.0115498639753517,-0.0032478512157816,-0.0099592286815068,4767.535784040178,4710.423697916666,13.185714176722936,12.958666642506918,2023.4714181082588,2030.336657714844,87.75823756626674,87.6075658162435,145.3134286063058,144.1347671508789,0.0986839331589774,0.6262551788837236,0.1499376816355271,0.0795666007979792,0.1216385379014509,-0.0093272788662653,-0.0380901726680225,-0.0309478460692448,0,
2024-01-18,4780.93994140625,4019000000.0,14.130000114440918,2018.5999755859373,1474.0,87.10285186767578,8910100.0,148.1179962158203,0.008805260963896,-0.0446247362484386,0.0079896135998496,-0.0022071318132435,-0.0059220216884834,4770.021484375,4717.462369791667,13.335714203970772,12.993666648864746,2022.3285609654015,2030.1533243815104,87.66385868617466,87.65516789754231,145.79942757742745,144.19226684570313,0.0991951927586183,0.6363905836308262,0.1374062581221919,0.0787769777628122,0.1184787913845526,-0.0006041470268698,-0.0304048848297419,-0.0330866719068774,0,
2024-01-19,4839.81005859375,4287200000.0,13.300000190734863,2026.5,50.0,87.11201477050781,17711100.0,148.1280059814453,0.0123135027649361,-0.0587402630561758,0.003913615629451,0.0001051963585068,-6.757967215831329e-05,4781.922921316965,4726.550032552083,13.412857055664062,13.008666642506917,2022.342843191964,2030.419991048177,87.57603454589844,87.68294804890951,146.35628618512834,144.21896718343098,0.1037533601858446,0.6589290859523982,0.1376243879265362,0.0763429950415023,0.1171231162829758,0.0,-0.0266102622327721,-0.0329849561457704,0,
2024-01-22,4850.43017578125,4297610000.0,13.1899995803833,2019.800048828125,12.0,87.37808990478516,9831500.0,148.12100219726562,0.002194325202627,-0.0082707224642141,-0.0033061688486922,0.0030544022541356,4.728197165204673e-05,4791.491489955357,4736.586376953125,13.484285627092634,13.015999952952066,2022.071428571429,2030.0633260091147,87.54588426862445,87.70770467122396,146.88385881696428,144.2501673380534,0.1022542945103422,0.6591939688898681,0.1368596777241752,0.0759382606065489,0.1170736005484032,0.0,-0.0298284530614149,-0.0300313032160389,0,
2024-01-23,4864.60009765625,3912800000.0,12.550000190734863,2023.699951171875,15.0,87.15789794921875,6428600.0,148.14199829101562,0.002921374261968,-0.0485215625480588,0.0019308358498222,-0.0025199904896793,-0.0001417496063254,4803.542898995535,4745.88671875,13.5,12.998999945322671,2023.414271763393,2029.8566569010416,87.41742815290179,87.72939020792643,147.2278594970703,144.28210042317707,0.1007984234171288,0.6745495664284782,0.1369897850737793,0.0762092759016726,0.1170716971830186,0.0,-0.0279552110581084,-0.0324756151072212,0,
2024-01-24,4868.5498046875,4330030000.0,13.140000343322754,2013.9000244140625,253.0,86.91017150878906,9718000.0,148.25100708007812,0.0008119284117831,0.0470119636351449,-0.004842578936733,-0.0028422718566941,-0.0007358398720149,4815.645717075893,4754.692708333333,13.562857219151088,13.02533327738444,2018.7285679408485,2030.37665608724,87.21950313023159,87.76142120361328,147.6857169015067,144.41453399658204,0.1006516365905894,0.668121819874041,0.1297810942061233,0.0741367182932632,0.1005741665526013,0.0,-0.0326624146785995,-0.0352255824370672,0,
2024-01-25,4894.16015625,4020430000.0,13.449999809265137,2016.9000244140625,548.0,87.28634643554688,11588100.0,147.59100341796875,0.0052603655277063,0.0235920439758521,0.0014896469356133,0.0043283187712932,0.004451933751471,4833.957170758928,4763.750048828125,13.507142884390694,13.052666600545248,2017.4285714285716,2031.6733235677084,87.17755671909877,87.805685933431,147.9424307686942,144.5014673868815,0.1009613260504528,0.6683635404829835,0.1259657205189747,0.0750054628195548,0.1010189290194707,0.0,-0.0312214232089219,-0.031049731215466,0,
2024-01-26,4890.97021484375,3353400000.0,13.260000228881836,2016.800048828125,49.0,87.13037872314453,9134600.0,147.72300720214844,-0.0006517852510764,-0.0141263630541034,-4.956893486407488e-05,-0.0017868511946196,-0.0008943890963724,4855.63720703125,4771.9923828125,13.28857149396624,13.092333285013837,2019.4571533203125,2032.9733235677083,87.15396445138114,87.83865331013997,148.0105743408203,144.55606740315756,0.1008998571790595,0.6554015094889163,0.125963034131781,0.0751350247802342,0.0988346207342436,-0.0006517852510764,-0.0312694445310926,-0.0327811011607707,0,
2024-01-29,4927.93017578125,3525160000.0,13.600000381469728,2025.199951171875,150708.0,87.65338897705078,6947500.0,148.13999938964844,0.0075567748961808,0.0256410367058164,0.0041649653611575,0.0060026165565985,-0.0028227978525334,4876.635811941965,4779.353727213542,13.212857246398926,13.139333311716715,2020.4000069754463,2034.4033203125,87.23261260986328,87.84636103312174,148.0137176513672,144.65140075683593,0.096085265158364,0.6582221279624325,0.1262894588391787,0.0638345407693476,0.0974524524961821,0.0,-0.0272347153232696,-0.0269752569847433,0,
2024-01-30,4924.97021484375,3836130000.0,13.3100004196167,2031.5,26907.0,87.77267456054688,7265800.0,147.46800231933594,-0.0006006499345398,-0.0213235260087315,0.0031108280564986,0.0013608781689813,0.0045362297359335,4888.801548549107,4786.20107421875,13.214285850524902,13.167000007629394,2021.114292689732,2034.4466552734373,87.32699257986886,87.8338228861491,147.91943141392298,144.80790100097656,0.0962231640514292,0.6597020976513098,0.105372216039496,0.0590605599372104,0.0830274987241341,-0.0006006499345398,-0.0242086097833095,-0.0256510888540953,0,
2024-01-31,4845.64990234375,4696120000.0,14.350000381469728,2048.39990234375,2007.0,88.50669860839844,15778300.0,147.36900329589844,-0.0161057446115979,0.0781367339643539,0.0083189280550086,0.0083627854742562,0.0006713254528472,4888.11865234375,4790.41640625,13.380000250680109,13.236000029246012,2025.199986049107,2035.3566528320312,87.48822239467076,87.84819869995117,147.81200299944197,144.97756754557292,0.1088086865205463,0.6918102989584147,0.1071127118676264,0.063930150677339,0.0820869394944266,-0.0166967206316911,-0.0160910714114,-0.0175028179331069,1,"Gold daily return was 0.83%, used to evaluate commodity safe-haven behavior. || Market stress day identified on 2024-01-31 based on the project's is_stress flag. || S&P 500 daily return was -1.61%, representing equity market pressure. || US Treasury bond ETF IEF daily return was 0.84%, used to evaluate bond safe-haven behavior. || VIX closed at 14.35, showing elevated market fear and volatility."
2024-02-01,4906.18994140625,4386090000.0,13.880000114440918,2053.0,947.0,89.05490112304688,33372900.0,146.99600219726562,0.0124936882116097,-0.032752630978026,0.0022457029269462,0.0061939098765166,0.0025310688834875,4894.06005859375,4795.93740234375,13.57000023978097,13.280000019073489,2029.385707310268,2036.246651204427,87.75922284807477,87.88727010091146,147.6482892717634,145.1336675008138,0.1134633217573527,0.6988622959189209,0.1070610609702384,0.065830458666691,0.0827543016335612,-0.00441163604181,-0.0138815042506199,-0.011417318933453,0,
2024-02-02,4958.60986328125,3974350000.0,13.850000381469728,2036.0999755859373,888.0,87.89594268798828,13809200.0,146.4510040283203,0.0106844460775146,-0.0021613640290951,-0.0082318677126462,-0.0130139770011901,0.0037075713679202,4906.92578125,4802.278727213542,13.67142881665911,13.324000040690104,2032.55712890625,2036.169982910156,87.9000473022461,87.88220469156902,147.39114597865515,145.25796763102213,0.1160265454280922,0.6988438327963822,0.1086083884234014,0.0763342356501974,0.0837162719055284,0.0,-0.0219991012566225,-0.024282711208628,0,
2024-02-05,4942.81005859375,4023640000.0,13.670000076293944,2025.699951171875,412.0,87.04051971435547,12147700.0,148.50100708007812,-0.0031863375266721,-0.01299641156809,-0.0051078161872033,-0.0097322236666756,-0.0139978763912154,4913.875767299107,4810.427392578125,13.702857426234656,13.324000040690104,2033.8142613002235,2035.8766479492188,87.86492919921875,87.83425013224284,147.5211465018136,145.4117009480794,0.1066416829934816,0.6499949248533388,0.1094846755637555,0.0797979453691704,0.0896208344595727,-0.0031863375266722,-0.0269945500783234,-0.033778610098588,0,
2024-02-06,4954.22998046875,4440880000.0,13.0600004196167,2034.5,249.0,87.5096206665039,9327000.0,148.63999938964844,0.0023104108269635,-0.044623237254774,0.0043442015304557,0.0053894548618034,-0.0009359688011769,4922.912876674107,4817.343391927084,13.674286024911064,13.304333400726318,2036.3428257533485,2035.7233154296875,87.91910661969867,87.80651982625325,147.6521453857422,145.58226776123047,0.1035191994932457,0.6632018401827484,0.1100436544334273,0.0815449481377151,0.0889674797550959,-0.0008832884484285,-0.0227676183136318,-0.0285712035312053,0,
2024-02-07,4995.06005859375,4895590000.0,12.829999923706056,2035.199951171875,71.0,87.353271484375,8619800.0,147.8179931640625,0.00824145796339,-0.017611063439567,0.0003440408807446,-0.0017866513525952,0.005530181841774,4932.502859933035,4825.357731119791,13.564285959516251,13.29766674041748,2037.77139718192,2034.993310546875,87.87623269217355,87.7763303120931,147.60614449637276,145.77386728922525,0.1053772707768922,0.6516824664932077,0.1067940837354673,0.0816396661419457,0.0847924975243528,0.0,-0.0224314104243443,-0.0303068081043662,0,
2024-02-08,4997.91015625,4341860000.0,12.789999961853027,2032.199951171875,341.0,87.06814575195312,7808000.0,148.08599853515625,0.0005705832608251,-0.0031176899525245,-0.0014740566391389,-0.0032640532813116,-0.0018130767801474,4942.9228515625,4832.796402994792,13.490000179835729,13.291000080108642,2037.8713902064733,2034.1266438802083,87.7755857195173,87.73480173746745,147.6944296700614,145.9690673828125,0.1051369333757809,0.6516846225820743,0.106810652542074,0.0820213088692362,0.0848010491106984,0.0,-0.0238724018940219,-0.0334719383492387,0,
2024-02-09,5026.60986328125,3912990000.0,12.93000030517578,2023.300048828125,62.0,86.9117431640625,8492500.0,149.25900268554688,0.0057423415255595,0.0109460784785231,-0.0043794422584342,-0.0017963238626466,-0.0079211009953257,4968.774274553572,4840.9640625,13.28714302607945,13.30766674677531,2034.2856968470985,2032.173315429688,87.54773494175502,87.6651217142741,147.9644295828683,146.19566752115887,0.1058365273819182,0.639117303169866,0.101187098029419,0.0782596172776681,0.0869094117873093,0.0,-0.0281472963467911,-0.0352081357702995,0,
2024-02-12,5021.83984375,3805740000.0,13.93000030517578,2018.199951171875,317.0,86.99455261230469,7023600.0,149.16700744628906,-0.0009489536011326,0.0773395186695942,-0.0025206828118271,0.0009527993022284,0.0006163463349116,4985.295689174107,4848.913720703125,13.294285910470146,13.35633341471354,2029.3142613002235,2030.316650390625,87.25339944022042,87.60951792399088,148.27457318987166,146.45460103352863,0.1060481722410831,0.6753357676900069,0.1009288268546605,0.0778722465503928,0.0829070497094069,-0.0009489536011327,-0.0305970287525174,-0.0342888827552657,0,
2024-02-13,4953.169921875,4302190000.0,15.850000381469728,1992.9000244140625,198.0,86.03794860839844,11978400.0,149.40499877929688,-0.0136742556536254,0.1378320196863571,-0.0125358871122368,-0.0109961368290426,-0.0015954689785775,4984.5185546875,4855.025048828125,13.58000019618443,13.469666767120362,2023.1428397042407,2027.9999877929688,86.98797171456474,87.52936731974283,148.69657244001115,146.7204345703125,0.1143574144492535,0.7774732695503471,0.1056551701582402,0.0833564491631989,0.0827752377859111,-0.0146102330206128,-0.0427493549663428,-0.0449079743378164,0,
2024-02-14,5000.6201171875,3845600000.0,14.380000114440918,1990.300048828125,1916.0,86.35987854003906,8979600.0,150.7239990234375,0.0095797632750176,-0.0927444941103844,-0.0013046191751149,0.0037417202158769,-0.0088283541709943,4992.777134486607,4863.618050130209,13.681428773062567,13.50900011062622,2018.0857107979912,2025.5299926757807,86.89073726109096,87.4709582010905,149.01414271763392,147.04036763509114,0.1148456187397345,0.8157015471870048,0.1054696279211968,0.0839651745282837,0.0842750657670831,-0.0051704323193255,-0.0439982025132448,-0.0413342871973733,0,
2024-02-15,5029.72998046875,4137970000.0,14.010000228881836,2002.0999755859373,286.0,86.5990219116211,6788300.0,150.54400634765625,0.0058212506847294,-0.0257301726435672,0.0059287175141053,0.0027691490032741,0.0011941872359242,5003.562848772322,4874.448714192708,13.817143031529016,13.50800011952718,2013.4571358816963,2024.4599934895837,86.76065172467914,87.41348648071289,149.28614371163505,147.32000122070312,0.1115319104103091,0.7999970111008715,0.0993713962425511,0.084090239506693,0.083412537298756,0.0,-0.0383303379129688,-0.0386795989942928,0,
2024-02-16,5005.56982421875,3833270000.0,14.239999771118164,2011.5,32.0,86.22191619873047,7147400.0,149.9459991455078,-0.0048034698371121,0.0164168121683667,0.0046950824277951,-0.0043546186153866,0.0039723082748803,5005.064243861607,4885.011702473958,14.01857158115932,13.511666774749756,2010.071428571429,2023.4333251953128,86.59902954101562,87.3611836751302,149.59014456612724,147.55156809488932,0.1122096685259825,0.8010962551584708,0.0996726228761578,0.0832967432053616,0.0842126733843872,-0.004803469837112,-0.0338152195811602,-0.0428657827078632,0,
2024-02-20,4975.509765625,4034880000.0,15.420000076293944,2027.5,1326.0,86.36910247802734,8286300.0,150.27000427246094,-0.0060053220011653,0.082865191302115,0.0079542629878199,0.0017070634217595,-0.0021608120843472,5001.864188058035,4894.287353515625,14.394285883222308,13.580666764577227,2009.4000069754463,2022.936657714844,86.49916621616909,87.32449137369791,149.9021453857422,147.73506825764974,0.1147081994718115,0.8160390836292146,0.1026316881338987,0.0830292391257358,0.0778433017524285,-0.0107799454551826,-0.0261299317428796,-0.0412318938958093,0,
2024-02-21,4981.7998046875,3788390000.0,15.34000015258789,2022.300048828125,15.0,86.0931396484375,6433900.0,149.93899536132812,0.0012641999229821,-0.0051880624714808,-0.0025647108122688,-0.0031951568520705,0.0022027610416024,4995.462751116072,4901.562679036459,14.738571575709752,13.656000105539958,2009.2571498325888,2022.7933268229167,86.38222285679409,87.26881256103516,149.99928719656808,147.90916798909504,0.1087535935958563,0.8129880301791418,0.1004129081262818,0.0826175337968356,0.0783610202712566,-0.0095293735384147,-0.0286276268366836,-0.0442953083795747,0,
2024-02-22,5087.02978515625,4051710000.0,14.539999961853027,2019.699951171875,964.0,86.10232543945312,8688500.0,150.35499572753906,0.021122884217414,-0.0521512505069892,-0.0012857130957182,0.0001066959696571,-0.002774464142623,5004.775599888393,4912.580338541667,14.8257143838065,13.71533342997233,2009.471435546875,2022.5699910481767,86.25476183210101,87.21466395060222,150.16899980817522,148.11333465576172,0.1222358647754838,0.8260256488621652,0.1004766744593955,0.0826430789197889,0.0772732017309864,0.0,-0.0298765330176786,-0.0441933385407963,0,
2024-02-23,5088.7998046875,3672790000.0,13.75,2038.5999755859373,22.0,86.49783325195312,6426700.0,150.48300170898438,0.0003479475462115,-0.0543328723470194,0.0093578377338159,0.0045934626095334,-0.0008513583524505,5024.151297433035,4922.758658854166,14.525714329310826,13.750666777292889,2016.0,2023.1333251953124,86.3204596383231,87.17828699747722,150.32300022670202,148.31516825358074,0.1219235443690944,0.8436862847803636,0.1038688495371271,0.0839412678284476,0.0772894973511688,0.0,-0.0207982750318911,-0.0398028763794406,0,
2024-02-26,5069.52978515625,3683930000.0,13.739999771118164,2028.5,143.0,86.36910247802734,6417200.0,150.4980010986328,-0.0037867513501905,-0.0007272893732244,-0.0049543685406129,-0.001488254319051,-9.967497642993096e-05,5033.995535714285,4932.401643880208,14.434285708836146,13.79400011698405,2021.4571358816963,2023.6066569010416,86.32177734375,87.12202072143555,150.29071480887276,148.47396850585938,0.1228681320809338,0.8408396262508524,0.104363958238748,0.0821939554858074,0.0738561993793478,-0.0037867513501905,-0.0256496012529871,-0.0412318938958093,0,
2024-02-27,5078.18017578125,3925950000.0,13.43000030517578,2034.0,964.0,86.17594146728516,7540600.0,150.5659942626953,0.0017063496993998,-0.0225618246802311,0.0027113630761645,-0.0022364596273456,-0.0004517878215402,5040.9169921875,4942.213313802084,14.351428576878138,13.818333466847738,2026.0142822265625,2023.1833251953128,86.26133728027344,87.05136388142904,150.29385593959265,148.65796813964843,0.1228156440692678,0.8429709516601428,0.093353958216315,0.0816953533865752,0.0718172823747461,-0.0020868631728188,-0.0230077835585781,-0.043376140057098,0,
2024-02-28,5069.759765625,3789370000.0,13.84000015258789,2033.0,581.0,86.4886474609375,5293600.0,150.4949951171875,-0.0016581550604305,0.0305286551076324,-0.0004916420845624,0.0036286925135717,0.0004715483456638,5050.086983816965,4952.339306640625,14.294285774230955,13.818333466847738,2029.0857107979912,2023.416658528646,86.29944174630302,87.01498641967774,150.37228393554688,148.81466776529948,0.1221168201215966,0.8068180668984597,0.0885058075088742,0.0796258274051875,0.0710085037271993,-0.0037415578905189,-0.0234881140484706,-0.039904846218219,0,
2024-02-29,5096.27001953125,5219740000.0,13.399999618530272,2045.699951171875,706.0,86.66341400146484,11919200.0,150.656005859375,0.0052290946971491,-0.0317919457519185,0.0062469017077595,0.0020206876354065,-0.0010698743972323,5067.338448660715,4964.24130859375,14.005714280264716,13.772000122070311,2031.6857038225448,2024.8533243815104,86.34148624965123,86.99391606648763,150.42742701939173,148.92833455403647,0.1201993007682067,0.7861335211245347,0.0829531830133266,0.0794556309937023,0.0658207528569254,0.0,-0.0173879402804726,-0.0379647938121585,0,
2024-03-01,5137.080078125,4748110000.0,13.109999656677246,2086.89990234375,1210.0,87.05904388427734,11857200.0,150.09500122070312,0.0080078289488876,-0.021641788814083,0.0201397820576147,0.0045651315191184,0.0037237455982706,5089.521344866072,4976.112646484375,13.687142780848912,13.738000106811525,2040.9142543247767,2027.129988606771,86.47947256905692,86.99245580037434,150.44971357073103,148.99423472086588,0.1198547585672041,0.7781181462792185,0.0982632744306474,0.0804099310389893,0.0651961165410144,0.0,0.0,-0.0335729765698887,0,
2024-03-04,5130.9501953125,4758440000.0,13.489999771118164,2117.699951171875,805.0,86.86538696289062,6641600.0,150.10499572753906,-0.0011932620709189,0.0289855167347297,0.0147587571370979,-0.0022244319802562,-6.658787271174305e-05,5095.795689174107,4985.817317708334,13.537142753601074,13.744333426157633,2054.9142543247767,2030.1699869791669,86.58848135811942,86.98423487345377,150.41399928501673,149.060134379069,0.1165180631431836,0.7633021519183327,0.1056818000099304,0.080665424137962,0.0651961671822603,-0.0011932620709189,0.0,-0.0357227277473905,0,
2024-03-05,5078.64990234375,4418410000.0,14.460000038146973,2133.5,1287.0,87.40027618408203,7673100.0,150.46600341796875,-0.0101931008834446,0.0719051359144986,0.0074609478171738,0.0061576795993543,-0.0024050344805643,5094.345703125,4993.424641927083,13.638571330479213,13.786666774749756,2068.4714006696427,2033.9599853515624,86.71740177699498,86.984974416097,150.4115709577288,149.13830108642577,0.1217301288412935,0.7892547211839075,0.1060425552815554,0.082200728609741,0.0654206083443978,-0.0113741999136942,0.0,-0.0297850172599196,0,
2024-03-06,5104.759765625,4559050000.0,14.5,2150.300048828125,443.0,87.61239624023438,9499200.0,150.0489959716797,0.0051411032032746,0.0027662490835065,0.007874407700082,0.0024269952614974,0.0027714396396286,5099.378557477678,5001.429964192708,13.747142791748049,13.851666768391928,2085.871407645089,2038.1799886067708,86.89501517159599,87.00012435913087,150.34742736816406,149.20186767578124,0.1221148945990366,0.7733000153093028,0.1074720918408255,0.0821220367807929,0.0661127602087872,-0.0062915726460306,0.0,-0.0274303100941755,0,
2024-03-07,5157.35986328125,4137980000.0,14.4399995803833,2158.0,152.0,87.75995635986328,8420900.0,149.2689971923828,0.0103041279259514,-0.0041379599735654,0.0035808729000732,0.0016842379156516,0.0051982938922436,5110.68994140625,5011.056966145833,13.89142840249198,13.895000076293943,2103.585693359375,2042.983321126302,87.12130301339286,87.02845052083333,150.16214207240515,149.23580067952474,0.1246311848072833,0.7638484794771996,0.1055353459768059,0.0817183220440812,0.068085585691153,0.0,0.0,-0.0257922713468225,0,
2024-03-08,5123.68994140625,4208870000.0,14.739999771118164,2178.60009765625,259.0,87.82450866699219,8103600.0,147.8679962158203,-0.0065285190034379,0.0207756370812095,0.009545921064064,0.0007355553695149,0.0093857465576515,5118.394252232143,5018.707958984375,14.019999776567731,13.93800007502238,2124.385707310268,2048.373323567708,87.31214032854352,87.04638926188152,149.78685651506697,149.24503377278646,0.1265805430228809,0.7632718770326905,0.1075433887679373,0.0808523892171516,0.0724029122748887,-0.0065285190034379,0.0,-0.0250756876209886,0,
2024-03-11,5117.93994140625,3896430000.0,15.220000267028809,2182.5,738.0,87.71383666992188,5568200.0,146.7740020751953,-0.0011222380873464,0.0325644846244277,0.0017900955517011,-0.0012601493449846,0.0073984511092465,5121.489955357143,5026.273616536459,14.27999986921038,14.00333340962728,2143.928571428572,2053.8966552734373,87.46220070975167,87.06583786010742,149.23228454589844,149.2134002685547,0.126659281550643,0.7655507911713125,0.1072819714129196,0.0807532789275294,0.0755076827426568,-0.0076434305381048,0.0,-0.0263042378546426,0,
2024-03-12,5175.27001953125,4080510000.0,13.84000015258789,2160.39990234375,550.0,87.35417175292969,6556500.0,146.73199462890625,0.0112017879813663,-0.0906701767562002,-0.0101260470360824,-0.0041004353548648,0.0002862049524788,5126.945661272322,5034.518277994792,14.384285654340472,14.011333401997884,2154.428571428572,2058.4033203125,87.50436183384487,87.05586395263671,148.7518550327846,149.16646677652994,0.1285887959772433,0.8120370144334946,0.1133602870979505,0.0797859554112344,0.0749604178100456,0.0,-0.0101260470360824,-0.0302968143826255,0,
2024-03-13,5165.31005859375,4282890000.0,13.75,2175.39990234375,20.0,87.16050720214844,9708400.0,147.61900329589844,-0.0019245297153407,-0.0065029011268515,0.0069431589881701,-0.0022170040296302,-0.0060450937727349,5131.854213169643,5042.529606119791,14.421428544180731,14.026000054677327,2162.6714215959823,2063.199983723958,87.54652186802456,87.03545837402343,148.39671325683594,149.17150014241537,0.1288485106898322,0.8094975901264414,0.1141746428715302,0.0798898136929894,0.0760389655161066,-0.0019245297153407,-0.0032531948024054,-0.0324466502526844,0,
2024-03-14,5150.47998046875,4687970000.0,14.399999618530272,2163.0,515.0,86.51494598388672,10055900.0,147.62100219726562,-0.0028710915621273,0.0472726995294743,-0.0057000564955392,-0.0074065794129041,-1.3540948811119335e-05,5142.115652901785,5052.690608723959,14.412857055664062,14.02766669591268,2166.885707310268,2067.019986979167,87.4200461251395,86.96906661987305,147.9902845110212,149.17990010579427,0.1183041418736848,0.7890631569881944,0.114988734280362,0.0782224878933002,0.0760087892131446,-0.0047900957764413,-0.00893470790378,-0.0396129109738094,0,
2024-03-15,5117.08984375,7753670000.0,14.40999984741211,2157.300048828125,100.0,86.36737823486328,6591400.0,148.29600524902344,-0.0064829174844615,0.0006944603574134,-0.0026352062745608,-0.0017056908184502,-0.0045725407747592,5143.877092633928,5059.72060546875,14.39999989100865,14.045333353678386,2167.885707310268,2070.4966552734377,87.24218641008649,86.87948252360026,147.73985726492745,149.22323354085287,0.1165357412997062,0.7824501245561664,0.115707552347707,0.0754326396464291,0.0766833722411587,-0.0112419594652415,-0.0115463693800114,-0.0412510344137195,0,
2024-03-18,5149.419921875,4036220000.0,14.329999923706056,2160.699951171875,21.0,86.26592254638672,5319700.0,148.9550018310547,0.0063180595049523,-0.0055516949724617,0.0015759988257531,-0.0011746991809878,-0.0044437918669801,5142.742815290178,5066.080940755209,14.384285654340472,14.061333338419596,2168.271414620536,2074.6499877929687,87.02875300816127,86.82514851888021,147.69500078473772,149.30670013427735,0.1141860223530602,0.7826837863940594,0.1118345004038722,0.066314178945514,0.0766163375306794,-0.0049949273291427,-0.009988567618843,-0.0423772760383667,0,
2024-03-19,5178.509765625,4031760000.0,13.81999969482422,2156.300048828125,12.0,86.51494598388672,5470300.0,149.1439971923828,0.0056491496501236,-0.0355896881784447,-0.0020363319494517,0.0028866953502537,-0.001268808425396,5150.57421875,5073.93759765625,14.252857072012764,14.06633332570394,2165.085693359375,2079.0033243815105,86.8416726248605,86.80762939453125,147.87728663853235,149.32813313802083,0.1140513341772278,0.7892309526951357,0.1104829298140283,0.0611207885140676,0.0652839967937042,0.0,-0.0120045595289232,-0.0396129109738094,0,
2024-03-20,5224.6201171875,4064850000.0,13.039999961853027,2157.89990234375,17.0,86.71784210205078,10190800.0,151.03500366210938,0.0089041739128465,-0.0564399240372859,0.0007419438294287,0.0023452146430495,-0.0126790652344346,5165.814243861607,5082.950602213542,13.941428456987651,14.065666643778483,2161.571393694197,2083.116654459636,86.6993876865932,86.78123677571615,148.48600115094865,149.40796661376953,0.1160032405146312,0.795951570037097,0.1103425983178196,0.0593140612262296,0.0747015326684895,0.0,-0.0112715224083619,-0.0373605971096293,0,
2024-03-21,5241.52978515625,4207730000.0,12.920000076293944,2182.39990234375,63.0,86.72705841064453,8271200.0,150.75999450683594,0.003236535401516,-0.0092024452385068,0.011353631358614,0.000106279265839,0.0018208305929443,5175.279924665178,5091.166259765625,13.809999874659947,14.068666648864744,2164.714250837053,2088.023319498698,86.60980006626674,86.7603630065918,149.0614297049386,149.50603332519532,0.1144847441160431,0.7946015575204141,0.1134861224366061,0.0591542286391177,0.0728309147955538,0.0,-4.586376002290951e-05,-0.0372582885006224,0,
2024-03-22,5234.18017578125,3374700000.0,13.0600004196167,2158.10009765625,19.0,87.15129852294922,6119800.0,151.63299560546875,-0.0014021878490156,0.0108359398216748,-0.0111344417956597,0.0048916695674832,-0.0057906681509809,5185.118512834822,5099.041927083334,13.71142850603376,14.077666664123536,2162.242850167411,2092.219991048177,86.60848454066685,86.763134765625,149.63485717773438,149.6242665608724,0.1147860310194833,0.7949371278029645,0.1196071995182238,0.0602357096500657,0.0742727844865846,-0.0014021878490157,-0.0111797948883161,-0.0325488741691342,0,
2024-03-25,5218.18994140625,3331360000.0,13.1899995803833,2174.800048828125,79.0,86.92072296142578,4488900.0,151.30499267578125,-0.0030549644525015,0.0099539936133032,0.0077382653334807,-0.0026456927829103,0.0021631369107877,5194.791364397322,5105.4279296875,13.53857135772705,14.086333306630452,2163.928571428572,2097.269991048177,86.66645268031529,86.76343409220378,150.16114153180803,149.69246622721354,0.1148364689306957,0.794844134905015,0.1191170894263652,0.0605102444767524,0.0715724260419937,-0.0044528686674827,-0.0035280417740549,-0.0351084526305635,0,
2024-03-26,5203.580078125,3871790000.0,13.239999771118164,2175.60009765625,202373.0,87.04981994628906,5477600.0,151.3730010986328,-0.0027997952250302,0.003790765149775,0.0003678723607516,0.0014852267729132,-0.0004494790399764,5207.147112165178,5111.4859375,13.37142848968506,14.063333288828533,2166.5428641183034,2102.516662597656,86.76394435337612,86.76527633666993,150.6007123674665,149.76599934895833,0.1152720956824542,0.762059833312191,0.1183642274115257,0.0606019009115469,0.071499285507609,-0.0072401967720801,-0.0031614672823596,-0.0336753698714527,0,
2024-03-27,5248.490234375,3850500000.0,12.779999732971191,2190.60009765625,31200.0,87.38184356689453,4838500.0,151.52999877929688,0.0086306265255329,-0.0347432058987206,0.0068946494423121,0.003814179291931,-0.00103715774626,5221.300013950893,5121.329947916666,13.14999989100865,13.96099993387858,2170.814313616072,2109.1066650390626,86.92336164202008,86.81007283528646,150.96856907435827,149.83683268229166,0.1081503647401648,0.6447770253339571,0.109967248864805,0.0517445359806422,0.0714431914343232,0.0,0.0,-0.0299896344779334,0,
2024-03-28,5254.35009765625,3998270000.0,13.010000228881836,2217.39990234375,2040.0,87.298828125,7561400.0,151.28700256347656,0.001116485507179,0.0179969092892282,0.0122340014118385,-0.0009500307902176,0.0016036178827812,5232.134347098215,5129.787613932292,13.03428568158831,13.915333271026611,2179.5428641183034,2116.67666015625,87.03534480503627,86.84137115478515,151.27471269880022,149.85559946695963,0.1057195222481005,0.5936893284835706,0.1121474859893489,0.0509888270248108,0.0671179946996422,0.0,0.0,-0.0309111741920097,0,
2024-04-01,5243.77001953125,3325930000.0,13.649999618530272,2236.5,400.0,86.50894165039062,10854000.0,151.3979949951172,-0.0020135845401164,0.0491928807370545,0.0086137361312506,-0.0090480764928294,-0.0007336547737737,5234.870047433035,5136.922281901042,13.12142848968506,13.90333325068156,2190.771449497768,2124.4899943033856,87.00550188337054,86.8383684794108,151.32656860351562,149.88406575520833,0.1054862034864434,0.6079243178509588,0.1128927862428899,0.0572647065434686,0.0670192542349414,-0.0020135845401164,0.0,-0.0396795640162667,0,
2024-04-02,5205.81005859375,3886590000.0,14.609999656677246,2261.0,435.0,86.32395935058594,7214900.0,151.58099365234375,-0.0072390590731691,0.0703296750897888,0.0109546165884193,-0.0021383026572242,-0.0012087257643831,5229.767229352678,5143.596956380208,13.362857001168388,13.915666580200195,2202.0000348772323,2132.806660970052,86.94791630336216,86.84176991780599,151.44385419573103,149.93856557210287,0.1069590338448634,0.6399342393100836,0.1148033052477446,0.056159328479033,0.0658910500058854,-0.0092380671558508,0.0,-0.0417330197563174,0,
2024-04-03,5211.490234375,3703250000.0,14.329999923706056,2294.39990234375,285.0,86.42571258544922,12908000.0,151.5399932861328,0.0010911223646881,-0.0191649376831587,0.0147721814877266,0.0011787368840443,0.0002704848755971,5226.525809151785,5151.462972005208,13.54428550175258,13.879333241780598,2221.471435546875,2141.7033243815104,86.8442611694336,86.84365692138672,151.4305681501116,149.98089853922525,0.1046831409558009,0.5940816164894858,0.1185202975532514,0.0560442531616165,0.065693302516646,-0.0081570246528429,0.0,-0.0406034751219424,0,
2024-04-04,5147.2099609375,4075680000.0,16.350000381469727,2288.800048828125,251.0,86.72168731689453,6960500.0,151.58099365234375,-0.0123343363503796,0.1409630473494973,-0.0024406615036484,0.0034246143027478,-0.0002705580574595,5216.385811941965,5156.976643880208,13.99571418762207,13.91299991607666,2237.757149832589,2150.586657714844,86.81582750592914,86.86460851033529,151.4699968610491,150.03563181559244,0.1121756788164267,0.7236375639370752,0.1184596876176198,0.0560201550623097,0.0652678724306402,-0.0203907495175361,-0.0024406615036483,-0.0373179120608383,0,
2024-04-05,5204.33984375,3386780000.0,16.030000686645508,2325.699951171875,344.0,86.14822387695312,6334600.0,151.29200744628906,0.0110991941743316,-0.0195718463215994,0.0161219423088718,-0.0066126877564763,0.0019064804834139,5216.494349888393,5160.886979166667,14.39428574698312,13.962666606903076,2259.199986049108,2160.786657714844,86.68702806745257,86.86613845825195,151.45842633928572,150.06686553955078,0.0997076903582547,0.7080091962510722,0.1221887170492264,0.0594481461251558,0.0651801094531121,-0.0095178762314596,0.0,-0.0436838281171328,0,
2024-04-08,5202.39013671875,3278180000.0,15.1899995803833,2331.699951171875,202.0,85.95398712158203,7115100.0,151.69000244140625,-0.0003746309983179,-0.0524018134922481,0.0025798684808746,-0.0022546809049542,-0.0026306412469176,5209.908621651785,5164.673323567708,14.738571439470563,14.010666592915852,2279.357107979911,2170.5566569010416,86.48304857526507,86.84801025390625,151.48128400530135,150.1070988972982,0.0997568356064204,0.7066427937741647,0.1215411747259957,0.0581742551366246,0.0655340374383885,-0.0098889415383031,0.0,-0.0458400159289761,0,
2024-04-09,5209.91015625,3400680000.0,14.979999542236328,2343.5,211.0,86.29621887207031,5151100.0,151.84300231933594,0.0014454931932483,-0.0138248876858543,0.0050607063838528,0.0039815692319682,-0.0010086352130476,5203.56005859375,5169.352669270834,15.01999991280692,14.051999918619792,2297.371407645089,2181.0566569010416,86.3398186819894,86.84558080037435,151.56071254185267,150.1519322713216,0.098835084570858,0.7084636235077917,0.1181795803870669,0.0592743886242199,0.0655659026466767,-0.0084577427427366,0.0,-0.0420409618940237,0,
2024-04-10,5160.64013671875,3845930000.0,15.800000190734863,2329.60009765625,377.0,85.1492919921875,14993700.0,151.77699279785156,-0.0094569806491084,0.0547396978342042,-0.0059312576674844,-0.0132905809185345,0.0004347221832821,5191.684361049107,5172.101334635417,15.32714285169329,14.130999914805097,2310.6714215959823,2190.9099934895835,86.1455830165318,86.81135915120443,151.61485508510046,150.19229888916016,0.1032690099708626,0.7187944151203668,0.1221272521116869,0.0704657554318306,0.0655989738737479,-0.0178347386823919,-0.0059312576674845,-0.0547727940066126,0,
2024-04-11,5199.06005859375,3509380000.0,14.90999984741211,2354.800048828125,283.0,85.02906036376953,9371400.0,152.96400451660156,0.0074447977105855,-0.0563291349733432,0.0108172862789746,-0.0014120097255653,-0.0078207618748313,5190.720075334822,5176.411344401042,15.37000002179827,14.166666571299237,2324.0714285714284,2201.6366617838544,85.96059744698661,86.7627062479655,151.8124280657087,150.27459920247395,0.1049286342081306,0.7373041981175132,0.1224587394033231,0.0694752789100656,0.0690883281654975,-0.0105227169935179,0.0,-0.0561074640143442,0,
2024-04-12,5123.41015625,3963220000.0,17.309999465942383,2356.199951171875,584.0,85.38053131103516,11675600.0,153.19200134277344,-0.0145506882958016,0.1609657708311,0.0005944888375752,0.004133539119002,-0.0014905260024564,5178.13720703125,5177.316015625,15.795714242117745,14.296999899546304,2332.9000069754466,2211.9866617838543,85.81128583635602,86.71994349161784,152.04842921665735,150.3591323852539,0.1131142890374219,0.8587627560059987,0.1230285252134012,0.0704201543383559,0.0691264892821021,-0.0249202925143219,0.0,-0.0522058472927134,0,
2024-04-15,5061.81982421875,3950210000.0,19.229999542236328,2365.800048828125,1801.0,84.83480834960938,12315300.0,153.2830047607422,-0.012021354947762,0.1109185520237343,0.004074398546471,-0.0063916557211122,-0.0005940481041508,5165.938616071428,5174.807340494792,16.207142693655832,14.500999895731608,2343.9000069754466,2221.2833333333333,85.54173169817243,86.6458023071289,152.29157366071428,150.46539916992188,0.1159627763057591,0.9012992621663108,0.1140492178687136,0.0707481941904334,0.0679204801171699,-0.0366420717803672,0.0,-0.0582638212113017,0,
2024-04-16,5051.41015625,4006200000.0,18.39999961853028,2390.800048828125,41.0,84.5018539428711,12027200.0,154.20599365234375,-0.0020565070133361,-0.0431617235290647,0.0105672497607662,-0.0039247381259607,-0.0060214691970728,5144.091517857143,5172.156005859375,16.54571396963937,14.664666557312012,2353.200020926339,2230.386669921875,85.30653599330357,86.56701787312825,152.7078574044364,150.6020991007487,0.1160367856803317,0.9152672223964126,0.1112956683511305,0.0712048248803483,0.0696024980077659,-0.0386232241161039,0.0,-0.0619598890967902,0,
2024-04-17,5022.2099609375,3596130000.0,18.209999084472656,2371.699951171875,37.0,85.03829956054688,10515400.0,154.697998046875,-0.0057806027246414,-0.0103261161954741,-0.0079889983545935,0.0063483295649164,-0.0031905659623092,5118.351492745535,5170.274674479167,16.977142470223562,14.789666525522868,2358.914306640625,2238.326668294271,85.17572348458427,86.48828531901042,153.13757106236048,150.7431655883789,0.1135092893659219,0.8993472390613667,0.1161149943421168,0.0713711992888995,0.0697862906152296,-0.0441805613261853,-0.0079889983545935,-0.0560049013276659,0,
2024-04-18,5011.1201171875,3619760000.0,18.0,2382.300048828125,128.0,84.74232482910156,6964500.0,154.3419952392578,-0.0022081601199982,-0.0115320755096423,0.0044694092315566,-0.0034804874153743,0.0023012761128901,5089.952915736607,5167.153352864583,17.408571107046946,14.906333192189534,2364.4571707589284,2246.0600016276044,84.95373862130302,86.39261627197266,153.49457005092077,150.88626556396486,0.1124143999269483,0.9011896047694176,0.115433004141083,0.0710289362496928,0.0695823455597987,-0.0462911636925839,-0.0035552952260337,-0.05929046438877,0,
2024-04-19,4967.22998046875,3878750000.0,18.709999084472656,2398.39990234375,160.0,84.85330963134766,6125800.0,154.61000061035156,-0.0087585481274361,0.0394443935818142,0.0067581132458711,0.0013096737960625,-0.0017364384247999,5062.322893415178,5160.815690104167,17.82428523472377,15.048666508992511,2374.285714285714,2254.0733317057293,84.91145542689732,86.2957280476888,153.8992854527065,151.06429901123047,0.1099061586239925,0.9046284674067472,0.115831719185531,0.0709095504161546,0.0671167897278926,-0.0546442684349435,0.0,-0.0580584417602738,0,
2024-04-22,5010.60009765625,3820250000.0,16.940000534057617,2332.199951171875,53.0,84.8625717163086,4002900.0,154.63999938964844,0.0087312480714667,-0.0946017443626682,-0.0276017152549011,0.0001091540801552,-0.0001940287121042,5035.400041852678,5157.046028645834,18.11428533281599,15.12199986775716,2371.05712890625,2259.193326822917,84.8876713344029,86.19699681599936,154.13871329171317,151.29003245035807,0.1123819411208208,0.9533774536780312,0.1453933271423257,0.0707908371069492,0.0592980914238093,-0.046390133026866,-0.0276017152549011,-0.0579556249959241,0,
2024-04-23,5070.5498046875,3751400000.0,15.6899995803833,2327.699951171875,171.0,84.97355651855469,8319800.0,154.81300354003906,0.0119645762708726,-0.0737899004879727,-0.0019295086588689,0.0013078180404091,-0.0011187542102526,5027.848563058035,5155.466357421875,17.88285677773612,15.137666511535643,2366.9857003348216,2264.0333251953125,84.82953207833427,86.10565414428712,154.3702850341797,151.55799916585286,0.118223154388459,0.9774770404641622,0.1459086150232244,0.0711412275953067,0.0529940776530408,-0.0349805950408092,-0.0294779661651862,-0.0567236023674279,0,
2024-04-24,5071.6298828125,3656740000.0,15.970000267028809,2324.5,95.0,84.71456146240234,7567400.0,154.74400329589844,0.0002130100613548,0.0178458058721417,-0.0013747266567858,-0.003047948876846,0.0004457005714173,5029.25,5152.011686197917,17.417142595563615,15.20866651535034,2361.085693359375,2269.5033284505207,84.8123539515904,86.01766713460286,154.57899911063058,151.82506612141927,0.1131267613402171,0.937079567312069,0.1416312987276696,0.0708134160277814,0.053050217062366,-0.0347750361981501,-0.0308121686760969,-0.0595986606041475,0,
2024-04-25,5048.419921875,3958050000.0,15.369999885559082,2329.800048828125,1024.0,84.3908462524414,5784300.0,155.25900268554688,-0.0045764303535156,-0.0375704678420368,0.0022800812338674,-0.0038212463639395,-0.0033280733254887,5028.822823660715,5148.115348307291,16.984285490853445,15.262666511535643,2352.371407645089,2274.65,84.79649571010044,85.92534510294597,154.72942897251673,152.0797327677409,0.113646385296038,0.9450905949343704,0.140998373703918,0.0712020888614279,0.0517193925771558,-0.0391923210204639,-0.0286023416898025,-0.0631921658029578,0,
2024-04-26,5099.9599609375,3604140000.0,15.029999732971191,2334.800048828125,717.0,84.62207794189453,5432600.0,155.5970001220703,0.010209142634743,-0.0221210250565674,0.0021461069169927,0.0027400091327611,-0.002176990903439,5039.929966517857,5146.43134765625,16.52999986921038,15.283666515350342,2347.099993024553,2280.376668294271,84.7370354788644,85.86224950154623,154.85785784040178,152.34559936523436,0.1177614205420395,0.93974080522215,0.1389357566391822,0.0694006967234409,0.0514901331263074,-0.0293832983812055,-0.0265176184561525,-0.0606253037816158,0,
2024-04-29,5116.169921875,3447450000.0,14.670000076293944,2345.39990234375,405.0,84.96430206298828,4846500.0,158.2239990234375,0.0031784486665891,-0.0239520733914265,0.0045399405918915,0.0040441469816983,-0.0168833518596518,5054.937081473215,5146.40068359375,16.05428559439523,15.292333189646405,2341.828543526786,2286.646663411458,84.76874651227679,85.81548029581705,155.4124298095703,152.67653249104816,0.1166789789677576,0.9429888148184802,0.138145774108443,0.0706855941017598,0.067274965760367,-0.026298243020176,-0.0220980662766904,-0.0568263344392205,0,
2024-04-30,5035.68994140625,4082470000.0,15.649999618530272,2291.39990234375,113.0,84.56657409667969,7516700.0,156.31399536132812,-0.0157305135868621,0.0668029677668484,-0.0230237922096091,-0.0046811185009645,0.0120715167983236,5064.717075892857,5142.609684244791,15.617142813546318,15.336333179473876,2326.542829241072,2291.0033284505207,84.72778429303851,85.75883534749349,155.6558576311384,152.9218322753906,0.1236295415535637,0.9609421334823278,0.1571702131469014,0.0716843124397552,0.0785157224455506,-0.0416150717378987,-0.0446130772001108,-0.0612414421346996,1,"Gold daily return was -2.30%, used to evaluate commodity safe-haven behavior. || Market stress day identified on 2024-04-30 based on the project's is_stress flag. || S&P 500 daily return was -1.57%, representing equity market pressure. || US Treasury bond ETF IEF daily return was -0.47%, used to evaluate bond safe-haven behavior. || VIX closed at 15.65, showing elevated market fear and volatility."
2024-05-01,5018.39013671875,4544170000.0,15.390000343322754,2299.89990234375,42.0,84.90149688720703,12392500.0,157.7220001220703,-0.003435438815494,-0.0166133726226848,0.0037095227207202,0.0039604630328815,-0.0090075412472665,5065.829938616072,5137.27236328125,15.395714214869908,15.388666534423828,2321.928536551339,2295.789990234375,84.73334503173828,85.7050537109375,156.0961434500558,153.2077657063802,0.1223631748393998,0.9555962734592954,0.1567673671788187,0.0722106821417657,0.0813663261641788,-0.0449075445206348,-0.0410690477029057,-0.0575235235694728,0,
2024-05-02,5064.2001953125,4381660000.0,14.68000030517578,2299.199951171875,56.0,85.30036926269531,8661500.0,155.70399475097656,0.009128437077573,-0.0461338546009209,-0.0003043398415564,0.0046980605774029,0.0127946980733942,5064.9228515625,5131.925032552083,15.251428604125977,15.443333212534586,2317.857107979911,2300.499991861979,84.78003256661552,85.65780461629232,156.22342790876115,153.36339874267577,0.122522812769283,0.9502638795339612,0.1568811478251298,0.0733622740408996,0.0853799342442939,-0.0361890431375267,-0.0413608885969914,-0.0530957119904249,0,
2024-05-03,5127.7900390625,3924990000.0,13.489999771118164,2299.0,194.0,85.77349090576172,8501100.0,153.0449981689453,0.0125567397214785,-0.0810627049944987,-8.696554285025915e-05,0.0055465368691354,0.0170772534531556,5072.945731026785,5128.133707682292,14.897142818995883,15.46233320236206,2314.214250837053,2304.3866617838544,84.93130820138114,85.62601903279622,155.980712890625,153.43956553141277,0.1281771796149947,0.982290932016058,0.1545443848998144,0.0754428894941642,0.10000305214293,-0.0240867198114954,-0.0414442571677121,-0.0476537260553908,0,
2024-05-06,5180.740234375,3683250000.0,13.489999771118164,2321.60009765625,9.0,85.84770202636719,4043400.0,153.5659942626953,0.0103261239070118,0.0,0.0098304035042409,0.0008651987906962,-0.0034042020319728,5091.8486328125,5126.352376302083,14.628571374075753,15.476666514078776,2313.042829241072,2309.836661783854,85.13943045479911,85.58256581624349,155.73885454450334,153.50399881998698,0.1320666671103925,0.9820637936905948,0.1512269531468296,0.0738951312708932,0.0991457546521843,-0.0140093183577707,-0.0320212674343632,-0.0453056503650197,0,
2024-05-07,5187.7001953125,3987890000.0,13.229999542236328,2315.199951171875,25.0,86.07035827636719,7776200.0,154.23699951171875,0.001343429823275,-0.0192735532463456,-0.0027567824841308,0.0025936192203679,-0.0043694911249401,5104.382952008928,5125.336051432291,14.37142848968506,15.477999846140545,2310.2428152901784,2314.5166585286456,85.34632764543805,85.55422032674154,155.54456874302454,153.6017323811849,0.131886959799731,0.9838829646140324,0.1511158114385519,0.0741278866037554,0.0994619164102086,-0.0126847090705813,-0.0346897742493113,-0.0428295367502298,0,
2024-05-08,5187.669921875,3842100000.0,13.0,2313.60009765625,4.0,85.82917785644531,9024000.0,154.7480010986328,-5.835618166138978e-06,-0.0173846976715352,-0.0006910217473075,-0.0028021310094639,-0.0033130934116443,5114.597237723215,5124.805712890625,14.132857050214495,15.469999853769938,2305.699986049108,2319.116658528646,85.46988133021763,85.51353225708007,155.0479976109096,153.7142323811849,0.1316497437713328,0.9854411008837256,0.1512543041745727,0.0742634140411496,0.0997553454825934,-0.0126904706656287,-0.0353568246082033,-0.0455116537866449,0,
2024-05-09,5214.080078125,3727370000.0,12.6899995803833,2332.10009765625,5.0,86.08891296386719,9625200.0,155.41900634765625,0.0050909476986258,-0.0238461861243615,0.0079961960663561,0.0030261865942173,-0.0043361157770027,5140.08154296875,5123.658707682292,13.709999901907784,15.466999848683676,2311.5142996651784,2323.8333251953127,85.68735831124442,85.4704345703125,154.9201420375279,153.84386596679687,0.1300066830372703,0.9824901372060892,0.1515912839059955,0.0739035626746488,0.1002933541480897,-0.0076641294894325,-0.0276433486436982,-0.0426231939489973,0,
2024-05-10,5222.68017578125,3617900000.0,12.550000190734863,2367.300048828125,126.0,85.81059265136719,3205000.0,155.38900756835938,0.0016493988445498,-0.0110322611724001,0.0150936708108073,-0.0032329402581353,0.0001930187304747,5169.265834263393,5122.603043619792,13.304285594395228,15.451666514078775,2321.142892020089,2328.8299967447915,85.81722913469586,85.4208267211914,154.58685738699776,153.98059946695963,0.1300622683146425,0.9818699203620964,0.1534621119844636,0.0743230423435246,0.1000748077100284,-0.0060273718512069,-0.0129669174374272,-0.0457183359674847,0,
2024-05-13,5221.419921875,4255710000.0,13.600000381469728,2336.10009765625,14.0,85.91265106201172,3228700.0,155.8179931640625,-0.0002413040553572,0.0836653525718698,-0.0131795507659959,0.0011893451320068,-0.0027607203522064,5191.725795200893,5121.858040364584,13.14999989100865,15.449999872843424,2326.4143415178573,2332.15,85.90469796316964,85.40095036824545,154.6031428745815,154.1279327392578,0.1299452321545864,1.0015851845260888,0.1584982444602335,0.0699607237282708,0.1002158685151933,-0.0062672214772934,-0.0259755700567781,-0.0388203057408175,0,
2024-05-14,5246.68017578125,4763580000.0,13.420000076293944,2353.39990234375,6.0,86.16313171386719,4688800.0,156.23300170898438,0.0048378131397597,-0.0132353161858024,0.0074054209855376,0.0029155269772163,-0.0026634186238356,5208.710100446428,5123.220377604167,13.13999993460519,15.41033322016398,2334.1857561383927,2335.229996744792,85.96036093575614,85.39558944702148,155.0585719517299,154.28299967447916,0.1288976203102186,0.9809217415963918,0.1569854718591879,0.070289818263791,0.100333463925807,-0.0014597279839463,-0.0187625091028503,-0.033881300304184,0,
2024-05-15,5308.14990234375,4360810000.0,12.449999809265137,2388.699951171875,29.0,86.81250762939453,11384500.0,156.4980010986328,0.0117159278825962,-0.0722801983244608,0.0149995964531866,0.007536586735076,-0.0016961806196493,5226.911481584822,5126.442366536458,12.99142851148333,15.347666549682618,2343.771449497768,2338.373331705729,86.09819030761719,85.40848261515299,155.47743007114954,154.4482666015625,0.1330800060147229,1.0013117563363731,0.1571553013463681,0.0735953012616192,0.1002742733866706,0.0,-0.0040443427146557,-0.025179899874955,0,
2024-05-16,5297.10009765625,3817470000.0,12.420000076293944,2380.0,7.0,86.64552307128906,4278400.0,154.28199768066406,-0.0020816677921287,-0.0024096171430354,-0.0036421280821004,-0.0019235080596718,0.0141599471073889,5242.5400390625,5131.438704427083,12.875714302062988,15.216666539510092,2353.0285993303573,2341.413330078125,86.18035670689174,85.40594380696615,155.4838583809989,154.53830006917318,0.1275940490752123,0.9038906042284468,0.1574481676160672,0.0731643758386984,0.1095920226726846,-0.0020816677921286,-0.0076717407825814,-0.0270549741942757,0,
2024-05-17,5303.27001953125,3578120000.0,11.989999771118164,2412.199951171875,213.0,86.37650299072266,3883900.0,155.37899780273438,0.0011647735102702,-0.0346216024584831,0.0135293912486869,-0.0031048353224789,-0.0071103572585371,5259.054338727678,5134.736376953125,12.73142855507987,15.081999842325846,2367.1142926897323,2344.296663411458,86.25854601178851,85.41355311075846,155.5740007672991,154.67453308105468,0.1239500736934697,0.906670527055354,0.1555019593594747,0.0710943747509717,0.110899483077155,-0.0009193189533598,0.0,-0.0300758082772276,0,
2024-05-20,5308.1298828125,3420100000.0,12.149999618530272,2433.89990234375,40.0,86.24659729003906,4575900.0,155.75399780273438,0.0009163899374069,0.0133444412399006,0.0089959172585725,-0.0015039472100132,-0.0024134535896291,5272.490025111607,5138.26103515625,12.65428570338658,14.98066651026408,2381.6571219308034,2347.703328450521,86.28107234409877,85.42330678304036,155.62185668945312,154.80999959309895,0.1239131384227785,0.8987465331785394,0.1570773716763998,0.0709115597992429,0.1108720281107534,-3.7714705911301817e-06,0.0,-0.0315345230592933,0,
2024-05-21,5321.41015625,3662240000.0,11.859999656677246,2421.699951171875,6.0,86.4692611694336,2669700.0,156.3699951171875,0.0025018742439781,-0.0238683103669188,-0.0050125114677587,0.0025817120488329,-0.0039549374214669,5286.594308035715,5141.977701822917,12.555714198521205,14.876666514078776,2389.428536551339,2350.309993489583,86.37516784667969,85.42907485961913,155.76199776785714,154.96089935302734,0.1240061235004727,0.8999854044367931,0.1577927045743766,0.0703635944816586,0.1112241604453576,0.0,-0.0050125114677587,-0.0290342240685968,0,
2024-05-22,5307.009765625,3847130000.0,12.289999961853027,2389.199951171875,180.0,86.35792541503906,3616300.0,156.25100708007812,-0.0027061230392261,0.0362563505584663,-0.0134203248359785,-0.0012875761037944,0.0007609390600812,5298.821428571428,5146.856689453125,12.368571281433104,14.75966650644938,2397.014229910714,2352.2966552734374,86.43877846854073,85.46936264038087,155.8238568987165,155.1100331624349,0.1206834278682766,0.8906473681916816,0.1621430952849898,0.0580763191624006,0.1112648278987226,-0.0027061230392261,-0.0183655667715959,-0.0302844163992884,0,
2024-05-23,5267.83984375,3869520000.0,12.770000457763672,2335.0,365.0,86.05182647705078,6005500.0,156.70399475097656,-0.0073807894850155,0.0390561836778291,-0.0226853977396452,-0.0035445378813485,-0.002899102408129,5301.84423828125,5149.149348958334,12.275714193071638,14.6883331934611,2394.385672433036,2351.636653645833,86.42287772042411,85.5034548441569,155.8911416190011,155.23469950358074,0.121408818001993,0.8875122995378142,0.173033051257799,0.059000398560512,0.1095412794973697,-0.0100669391997686,-0.0406343343243135,-0.0337216100194952,0,
2024-05-24,5304.72021484375,3005510000.0,11.93000030517578,2332.5,25.0,86.16313171386719,3926400.0,156.97300720214844,0.0070010425881694,-0.0657791795204834,-0.0010706638115631,0.0012934674529667,-0.0017166917256918,5301.354282924107,5155.193017578125,12.201428549630302,14.508999888102212,2386.357107979911,2350.8466552734376,86.33010973249164,85.5295415242513,155.95899963378906,155.36073303222656,0.1140919192699861,0.7554597361621586,0.1730319423865648,0.0580067378503599,0.1095551152801635,-0.0031363756816692,-0.0416614924246087,-0.0324717603715503,0,
2024-05-28,5306.0400390625,3751540000.0,12.920000076293944,2355.199951171875,26.0,85.68070983886719,8761400.0,156.84500122070312,0.000248801852934,0.0829840524554434,0.0097320262258842,-0.0055989361737922,0.0008154649243641,5302.631417410715,5163.33369140625,12.272857121058871,14.2986665725708,2382.814243861608,2350.493318684896,86.19227927071708,85.5577382405599,156.32514299665178,155.4794662475586,0.1070768744852475,0.7196995317372127,0.1750342459997471,0.0572514040263547,0.1096582990518246,-0.0028883541648162,-0.0323349169356102,-0.0378888892315716,0,
2024-05-29,5266.9501953125,3552750000.0,14.279999732971191,2340.300048828125,119317.0,85.26329803466797,10126800.0,157.26199340820312,-0.0073670465096804,0.1052631307001787,-0.0063263852974929,-0.0048717127225511,-0.0026586259316816,5297.44287109375,5170.518359375,12.599999972752162,14.161333243052164,2372.542829241072,2348.8099853515623,86.0332499912807,85.58311971028645,156.5941423688616,155.58133290608723,0.1097235565638336,0.7893562953761925,0.172931166459089,0.0579257781485785,0.1086928697057721,-0.010234122035028,-0.0384567390900061,-0.0425760181704099,0,
2024-05-30,5235.47998046875,3818750000.0,14.470000267028809,2342.89990234375,32587.0,85.69001007080078,5069500.0,157.60800170898438,-0.0059750355854433,0.0133053597766479,0.0011109060639156,0.0050046391116529,-0.0022002029433971,5287.064313616072,5177.627360026042,12.931428636823382,14.036666615804036,2359.542829241072,2347.8499837239583,85.9537375313895,85.60484339396159,156.85900006975447,155.67833302815754,0.1098357747545104,0.7915181512885202,0.1715828935703051,0.0568282261134071,0.1085316408895467,-0.0161480083771263,-0.0373885548507441,-0.0377844566645111,0,
2024-05-31,5277.509765625,5437160000.0,12.920000076293944,2322.89990234375,941.0,86.08891296386719,4807400.0,156.9530029296875,0.0080278762048646,-0.1071181867402365,-0.0085364295674743,0.0046551855080518,0.0041558726219135,5280.792829241072,5186.507014973959,13.082857268197197,13.867333285013837,2345.428536551339,2345.869978841146,85.89940207345145,85.64972966512045,156.9422869001116,155.76536661783854,0.1109067148267113,0.8436300616441386,0.1725460895940113,0.0570654002313965,0.1091006058635547,-0.0082497663844684,-0.0456058196531054,-0.0333051648115536,0,
2024-06-03,5283.39990234375,4046920000.0,13.109999656677246,2346.60009765625,781.0,86.65275573730469,7675900.0,157.17999267578125,0.0011160825806737,0.014705849788029,0.0102028482969012,0.0065495399352313,-0.0014462274811997,5277.419991629465,5197.046012369791,13.200000081743513,13.680666637420654,2339.342843191964,2344.143318684896,85.94152069091797,85.70971120198568,157.0749991280692,155.85103302001954,0.106375195156106,0.8341198635299946,0.1741359917686694,0.0596483064431774,0.1090771667374282,-0.0071428912243509,-0.0358682806155806,-0.026973758383305,0,
2024-06-04,5291.33984375,3707900000.0,13.15999984741211,2325.5,890.0,87.12730407714844,8752000.0,156.0760040283203,0.0015028090913065,0.003813897181103,-0.0089917739615388,0.0054764367942594,0.007023722476805,5280.777134486607,5206.40400390625,13.255714280264716,13.55466661453247,2337.9857003348216,2343.919986979167,86.09516034807477,85.78520228068034,156.98528616768974,155.8988998413086,0.1044945534129526,0.7957263950910392,0.1565941393682031,0.0611897021078895,0.1112785621126429,-0.0056508165349146,-0.0445375351054351,-0.0216450416719354,0,
2024-06-05,5354.02978515625,3591460000.0,12.630000114440918,2354.10009765625,295.0,87.44364166259766,6466800.0,155.12399291992188,0.0118476497933313,-0.0402735364070246,0.0122984724387229,0.0036307514481237,0.0060996635217909,5287.821358816965,5215.853336588541,13.35571425301688,13.452666632334392,2341.0714285714284,2344.7999918619794,86.27809034075055,85.86753845214844,156.7211412702288,155.90926615397134,0.1043966087865192,0.7770521911998801,0.1604901990555225,0.0616973005366792,0.1127914151437894,0.0,-0.0327868063146951,-0.0180928779902068,0,
2024-06-06,5352.9599609375,3609990000.0,12.579999923706056,2370.300048828125,179.0,87.40641021728516,5849400.0,155.9290008544922,-0.0001998166356331,-0.0039588432527163,0.0068815897794676,-0.0004257764727612,-0.005189448256311,5294.524204799107,5225.231005859375,13.30714280264718,13.3396666208903,2343.228585379464,2346.32666015625,86.52461896623883,85.95726674397787,156.5902840750558,155.94876607259116,0.1044592123682157,0.773788151247935,0.1614663400296611,0.060675637296512,0.1137367438096797,-0.0001998166356332,-0.0261308418864641,-0.0185109509411952,0,
2024-06-07,5346.990234375,3692760000.0,12.220000267028809,2305.199951171875,269.0,86.48527526855469,7125100.0,155.69700622558594,-0.0011152197300303,-0.0286168250286595,-0.0274649184977384,-0.0105385285408771,0.0014878221987886,5305.95849609375,5235.183349609375,13.012857164655411,13.234666633605958,2338.214285714286,2345.506656901042,86.69918714250836,86.02708104451497,156.36671447753906,155.96336619059244,0.1030895909113204,0.7711225193301375,0.1807954640595422,0.068038739549084,0.1134710791991987,-0.0013148135262091,-0.0528780789415135,-0.0288544012972598,0,
2024-06-10,5360.7900390625,3622280000.0,12.739999771118164,2307.699951171875,69.0,86.29920196533203,3938900.0,156.83299255371094,0.0025808546645145,0.0425531499776137,0.001084504621271,-0.0021515026996775,-0.0072961346891866,5323.859933035715,5243.877685546875,12.765714236668178,13.15833330154419,2333.185721261161,2344.6033203125,86.78621455601284,86.08298517862956,156.25599888392858,156.0045659383138,0.1000982417226516,0.7824218979719055,0.1806972820821305,0.0683196716327632,0.1152342646923688,0.0,-0.0518509208412184,-0.0309438236746487,0,
2024-06-11,5375.31982421875,3568030000.0,12.850000381469728,2307.5,871.0,86.75511932373047,3954700.0,157.0399932861328,0.0027103813151374,0.0086342709833431,-8.664522082846293e-05,0.0052829846396678,-0.0013198800140918,5337.832798549107,5252.516015625,12.755714280264716,13.09766664505005,2330.985735212053,2343.339990234375,86.88138689313617,86.14267908732096,156.2684260777065,155.96509908040363,0.1000466646972698,0.7810170325466279,0.1801112163997917,0.0689438780585584,0.1040442308915956,0.0,-0.0519330734275603,-0.0258243147801467,0,
2024-06-12,5421.02978515625,3962840000.0,12.039999961853027,2336.0,132.0,87.23896026611328,9243200.0,157.10499572753906,0.0085036727919987,-0.0630350502389679,0.0123510292524378,0.0055770880860337,-0.0004139228488619,5357.494210379465,5265.360677083333,12.602857181004117,12.977333323160808,2329.471435546875,2344.82666015625,86.96513039725167,86.23175862630208,156.2577122279576,155.99146575927733,0.0872639008420943,0.7704208001540871,0.1705641087762818,0.068388749823667,0.0978011251574708,0.0,-0.0402234710841954,-0.0203912511724033,0,
2024-06-13,5433.740234375,3530380000.0,11.9399995803833,2300.199951171875,298.0,87.8158187866211,6529900.0,156.8000030517578,0.0023446558536817,-0.0083056795503789,-0.0153253633682042,0.0066123956400692,0.0019413302191242,5377.837123325893,5279.205680338541,12.428571428571429,12.862333297729492,2325.8571428571427,2344.836661783854,87.06348964146206,86.32890268961589,156.36114065987724,155.96073252360026,0.0854509091940145,0.7699490832430499,0.1764644228736588,0.06978820411816,0.0943057377789311,0.0,-0.0549323951421039,-0.0139136905526821,0,
2024-06-14,5431.60009765625,3438650000.0,12.65999984741211,2331.39990234375,948.0,88.0205307006836,5424600.0,157.1280059814453,-0.0003938606975009,0.0603015320211339,0.0135640169699071,0.0023311507754646,-0.0020918553782121,5388.918596540178,5291.45234375,12.43285710471017,12.79499994913737,2322.6142578125,2345.9099934895835,87.14590236118862,86.41957473754883,156.64742824009485,156.0081995646159,0.0836324846287747,0.7849367611651916,0.1807385153178989,0.0690715867180175,0.0865505017811863,-0.0003938606975009,-0.0421134821121018,-0.0116149746877389,0,
2024-06-17,5473.22998046875,3447840000.0,12.75,2312.39990234375,110.0,87.61112976074219,4957200.0,157.54600524902344,0.0076643865645527,0.0071090168777756,-0.008149610017955,-0.0046511982679766,-0.0026602467521128,5406.100027901785,5302.967008463542,12.45714282989502,12.770333290100098,2314.3428083147323,2346.356656901042,87.1751480102539,86.48082936604818,156.87842886788505,156.15823313395182,0.0795466547857309,0.7502958490595346,0.1824786106244862,0.0696318192376511,0.0692559562498355,0.0,-0.0499198836743451,-0.0162121494055653,0,
2024-06-18,5487.02978515625,3544330000.0,12.300000190734863,2330.39990234375,43.0,87.99262237548828,5232600.0,157.6999969482422,0.0025213273947457,-0.0352941026874616,0.007784120723131,0.0043543852908634,-0.0009774395674162,5426.105678013393,5313.17666015625,12.468571390424456,12.730666637420654,2317.942801339286,2346.6499837239585,87.39048331124442,86.55232671101888,157.16457039969308,156.29603322347006,0.0757326243163275,0.7569120559827074,0.181640273710212,0.0704265098792469,0.0688726443570632,0.0,-0.0425243453522199,-0.0119283580596069,0,
2024-06-20,5473.169921875,3847060000.0,13.279999732971191,2353.800048828125,183.0,87.76931762695312,3573100.0,157.95799255371094,-0.0025259318472709,0.0796747582959003,0.010041257923518,-0.002537766718467,-0.0016359899204907,5442.159946986607,5322.692317708334,12.545714242117745,12.73233331044515,2324.5285295758927,2347.9366536458333,87.60049983433315,86.60895868937175,157.32528468540735,156.4200663248698,0.0768145046571802,0.7908324661398093,0.1836128254814595,0.0708802852473958,0.0681259522142584,-0.0025259318472708,-0.0329100853484122,-0.0144358533879843,0,
2024-06-21,5464.6201171875,6773800000.0,13.199999809265137,2316.39990234375,76.0,87.78791046142578,6908700.0,158.93099975585938,-0.0015621303211011,-0.0060240907616461,-0.0158892623453701,0.0002118375187976,-0.0061599111663663,5454.917131696428,5331.923990885417,12.595714160374232,12.738999970753987,2325.7999441964284,2348.02998046875,87.74804142543248,86.67424977620443,157.59542846679688,156.55949961344402,0.0772632833950986,0.7891812368158805,0.1897347071382204,0.0701348521336334,0.0695224242368203,-0.0040841163336444,-0.0482764307138728,-0.0142270739245501,0,
2024-06-24,5447.8701171875,3696750000.0,13.329999923706056,2330.0,99.0,87.86235046386719,5276000.0,159.86099243164062,-0.00306517189499,0.0098484936605582,0.0058712218224881,0.0008479527767564,-0.005851549900333,5458.75146484375,5339.7169921875,12.77999986921038,12.760333315531414,2324.942801339286,2347.9599772135416,87.83709716796875,86.73336435953776,157.9891422816685,156.7075658162435,0.0778096860057069,0.7857383963942929,0.1890659548001642,0.0698071271849538,0.0703078124503627,-0.0071367697100326,-0.0426886505249038,-0.0133911850346332,0,
2024-06-25,5469.2998046875,3591960000.0,12.84000015258789,2316.60009765625,105.0,87.93677520751953,3790100.0,159.68600463867188,0.0039335900157368,-0.0367591728374094,-0.0057510310488196,0.0008470606950465,0.0010946247130523,5463.831403459822,5347.937646484375,12.908571379525322,12.769999980926514,2327.2856794084823,2346.269978841146,87.85437665666852,86.8042371114095,158.40142822265625,156.85079905192055,0.0781351956405585,0.7931828767242529,0.1842332354843755,0.0688095198491553,0.0704834439179782,-0.0032312528203717,-0.0481941778191226,-0.0125554674860896,0,
2024-06-26,5477.89990234375,3563920000.0,12.550000190734863,2299.199951171875,986.0,87.40641021728516,4196400.0,159.68600463867188,0.0015724312002203,-0.02258566654258,-0.0075110704268634,-0.0060312080922092,-0.0,5470.445661272322,5356.486979166667,12.892857142857142,12.734999974568684,2322.6856863839284,2345.039973958333,87.76664515904018,86.85402908325196,158.76685660226005,156.9797327677409,0.0779503052109541,0.7570355290727327,0.1815985722448173,0.0716031357279398,0.0703106215086605,-0.0016639025429019,-0.0553432583822219,-0.0185109509411952,0,
2024-06-27,5482.8701171875,3589530000.0,12.239999771118164,2324.5,1532.0,87.60181427001953,4946600.0,160.62100219726562,0.0009073212238914,-0.0247012282793078,0.0110038488889276,0.0022355803452929,-0.0058552254514063,5471.822823660715,5364.359977213541,12.819999967302596,12.695666631062826,2324.4142717633927,2344.0766438802084,87.76531437465123,86.90198516845703,159.20614188058036,157.1259994506836,0.0773667907559347,0.759295879280689,0.1832461183083939,0.0714377203792988,0.0716311166013394,-0.000758091013102,-0.0449483983455532,-0.0163167533139991,0,
2024-06-28,5460.47998046875,7199220000.0,12.4399995803833,2327.699951171875,92.0,87.13660430908203,6032400.0,160.68699645996094,-0.0040836525834456,0.0163398540036792,0.0013766191318025,-0.0053105060073705,-0.0004108694491538,5468.029994419643,5369.437646484375,12.839999880109517,12.695333290100098,2324.028564453125,2342.043310546875,87.64302607945034,86.91278839111328,159.63285609654017,157.26563262939453,0.072608038544889,0.7308862626855389,0.1774953734589831,0.0702316966139651,0.0716090740155617,-0.0048386478162235,-0.043633656038857,-0.0215406091048749,0,
2024-07-01,5475.08984375,3488760000.0,12.220000267028809,2327.60009765625,237.0,86.48795318603516,13662800.0,160.90699768066406,0.0026755639309195,-0.0176848328597543,-4.289793260281449e-05,-0.007444071618238,-0.0013691289622053,5468.304268973215,5375.370638020833,12.688571384974887,12.68866662979126,2320.285714285714,2340.2966471354166,87.45997401646206,86.90753606160482,160.05414254324776,157.48646596272786,0.0721877943900316,0.7328427235169502,0.1773012080821053,0.0733884838714389,0.0556020185640626,-0.0021760299968756,-0.0436746821778239,-0.0288243308862358,0,
2024-07-02,5509.009765625,3329950000.0,12.029999732971191,2323.0,30.0,86.81462097167969,8195700.0,161.51199340820312,0.0061953178565135,-0.0155483248695389,-0.0019763264578318,0.0037770322179075,-0.003759909365407,5474.645647321428,5382.228629557291,12.521428516932897,12.689999961853028,2321.228585379464,2337.323315429688,87.32093266078404,86.92213999430338,160.422855922154,157.69089914957684,0.0736766280917687,0.7269642265375775,0.1721216184967703,0.073609573207146,0.0534215494527025,0.0,-0.0455646932057303,-0.0251561690947452,0,
2024-07-03,5537.02001953125,2179470000.0,12.09000015258789,2359.800048828125,59.0,87.39324188232422,3861000.0,161.50399780273438,0.005084444409779,0.0049875661636344,0.0158416051778411,0.0066650168389641,4.950471664688649e-05,5487.38134765625,5389.85830078125,12.344285692487444,12.687999979654949,2325.485735212053,2334.8533203125,87.25391714913505,86.96036148071289,160.6575709751674,157.8825658162435,0.0744838472916203,0.7261462409969235,0.1767266750141455,0.0757626495774398,0.0534510623828418,0.0,-0.0304449059077038,-0.0186588185464014,0,
2024-07-05,5567.18994140625,3253080000.0,12.479999542236328,2388.5,72.0,87.87855529785156,5111500.0,161.35800170898438,0.0054487651784855,0.0322580136250003,0.0121620266878659,0.005553214471444,0.0009039782032412,5501.365652901785,5398.050960286459,12.292857033865792,12.708666642506918,2335.757149832589,2333.7466552734377,87.24560001918248,87.00733795166016,160.89642769949776,158.04883270263673,0.0753409440401976,0.727767636232663,0.1802869154092786,0.0769686072523512,0.0531406292579727,0.0,-0.0186531509779969,-0.0132092204961292,0,
2024-07-08,5572.85009765625,3185670000.0,12.369999885559082,2355.199951171875,64.0,87.90656280517578,5294600.0,160.63800048828125,0.001016698964751,-0.0088140753775648,-0.0139418249228071,0.0003187069613206,0.0044621352091461,5514.929966517857,5406.9123046875,12.267142704554969,12.711333306630452,2343.757149832589,2332.613321940104,87.31705038888114,87.05895919799805,161.03242710658483,158.1950658162435,0.0742929048373103,0.7214119382335147,0.1806202845156637,0.0767758441332528,0.0552779743173596,0.0,-0.0323349169356102,-0.0128947234053344,0,
2024-07-09,5576.97998046875,3232920000.0,12.510000228881836,2360.10009765625,9.0,87.78523254394531,3006900.0,160.85699462890625,0.0007410719362856,0.0113177319820505,0.0020805649566768,-0.0013802184655924,-0.0013632773064862,5528.374232700893,5417.216975911459,12.305714198521205,12.702666632334392,2348.842878069197,2333.449991861979,87.34325299944196,87.11673940022787,161.0661403111049,158.3334991455078,0.0692825246795608,0.7131999759651508,0.167899485916161,0.076012072462584,0.0549808166930334,0.0,-0.0303216268739867,-0.0142571443355741,0,
2024-07-10,5633.91015625,3336100000.0,12.850000381469728,2372.199951171875,19.0,87.86923217773438,4076600.0,161.33099365234375,0.0102080652935148,0.0271782690941071,0.0051268391233241,0.0009568765879501,-0.0029467106763432,5553.149972098215,5428.189973958333,12.364285741533552,12.733333301544189,2355.200020926339,2334.7733235677083,87.44791412353516,87.17360941569011,161.15813991001673,158.47876536051433,0.0719034773584988,0.6888451761972905,0.1683844199550969,0.0759945748056962,0.0552587173748679,0.0,-0.025350241853603,-0.0133139100752497,0,
2024-07-11,5584.5400390625,4020950000.0,12.920000076293944,2415.0,72.0,88.42919921875,9658400.0,161.60699462890625,-0.0087630288411204,0.0054474469063174,0.0180423445363371,0.0063727316961523,-0.0017107746646454,5568.785714285715,5437.473307291667,12.464285714285714,12.733333301544189,2367.685721261161,2336.7666585286456,87.72523498535156,87.26522572835286,161.25813947405135,158.6374984741211,0.0782912228475084,0.6463325455059838,0.173924817057837,0.0753380708048629,0.0550543336512317,-0.0087630288411204,-0.0077652751148681,-0.0070260243558335,0,
2024-07-12,5615.35009765625,3700280000.0,12.460000038146973,2414.0,355.0,88.61585998535156,4304500.0,158.2010040283203,0.0055170270744306,-0.0356037179125868,-0.0004140786749482,0.0021108499030937,0.0210757622738236,5583.977190290178,5449.086637369792,12.525714329310826,12.672666645050048,2380.685721261161,2339.223323567708,87.98255484444755,87.37697779337564,160.78514099121094,158.668798828125,0.0740913619180466,0.5733141047356947,0.1726311797522522,0.0732466604532424,0.0841431650831089,-0.0032943476340602,-0.0081761383549862,-0.0049300053355703,0,
2024-07-15,5631.22021484375,3620470000.0,13.119999885559082,2422.89990234375,540.0,88.33588409423828,3754500.0,158.31300354003906,0.0028262026252154,0.0529694899993165,0.0036867863892915,-0.003159433211612,-0.0007079570221861,5597.434361049107,5462.277978515625,12.67285714830671,12.62766663233439,2389.699986049108,2341.889990234375,88.11721801757812,87.4651735941569,160.32928466796875,158.69229888916016,0.0699838093940295,0.5947781742810484,0.1727950575655186,0.0734768301020358,0.0839477133531464,-0.0004774555027765,-0.0045194956412987,-0.0080738625245917,0,
2024-07-16,5667.2001953125,4041760000.0,13.1899995803833,2462.39990234375,93.0,88.72784423828125,4705800.0,158.14100646972656,0.0063893754987431,0.0053353426398474,0.0163027783202229,0.0044371565198217,0.0010864367832488,5611.721540178572,5475.267659505208,12.77428572518485,12.636666615804035,2400.2571149553573,2346.539990234375,88.23854500906808,87.5531379699707,159.86971391950334,158.73189900716145,0.0690014491196008,0.5056341981776031,0.1756346226867585,0.0733858753298048,0.0830421682286574,0.0,0.0,-0.0036725309965111,0,
2024-07-17,5588.27001953125,4246450000.0,14.479999542236328,2454.800048828125,10.0,88.80252075195312,5113500.0,158.35000610351562,-0.0139275432419937,0.0978013648894702,-0.0030863603870319,0.0008416356140843,-0.001321603032981,5613.924386160715,5485.429996744791,13.075714247567314,12.682333278656008,2414.4857003348216,2350.1466552734373,88.36653900146484,87.62479680379232,159.54285757882255,158.7708994547526,0.0836324781708074,0.5772402821720539,0.1744640156509881,0.0714868065407687,0.0830275445031688,-0.0139275432419937,-0.0030863603870319,-0.0028339863153071,0,
2024-07-18,5544.58984375,4007510000.0,15.93000030517578,2451.800048828125,2.0,88.5505142211914,8640600.0,155.68600463867188,-0.0078164039369225,0.1001381774018694,-0.0012220954620854,-0.0028378308253842,0.0168235008661904,5609.297223772322,5493.871663411458,13.564285687037875,12.774666627248129,2427.585693359375,2354.356656901042,88.47586495535714,87.67223714192708,158.80414472307478,158.75789947509764,0.0882374123647466,0.6410337848356916,0.1718128385855006,0.0708463663944837,0.0945562468044793,-0.0216350838750878,-0.004304684022094,-0.0056637747669671,0,
2024-07-19,5505.0,3760570000.0,16.520000457763672,2395.5,15.0,88.27052307128906,5274400.0,157.14999389648438,-0.0071402655319269,0.037037045906157,-0.022962740723916,-0.0031619370295574,-0.0094034737496813,5590.881487165178,5498.90400390625,14.088571412222723,12.904333305358886,2430.9142717633927,2355.736653645833,88.53319222586495,87.69979985555013,158.2068590436663,158.82543284098307,0.0861643134457448,0.6303995014885814,0.183148098820695,0.0710146809013591,0.0966134255978994,-0.028620869163341,-0.0271685774029123,-0.0088078032973619,0,
2024-07-22,5564.41015625,3375180000.0,14.90999984741211,2392.0,18.0,88.18653869628906,3869800.0,157.4219970703125,0.0107920356494095,-0.0974576613643454,-0.0014610728449175,-0.0009514430421146,-0.0017308506801934,5588.005789620535,5505.95234375,14.372857093811035,12.981999969482422,2427.6285574776784,2356.4599853515624,88.49852643694196,87.72580413818359,157.6090022495815,158.8751993815104,0.0906704869633002,0.7022005439318834,0.1822738461488064,0.0710791869389169,0.0956545633652283,-0.0181377109542593,-0.0285899549771514,-0.009750866216313,0,
2024-07-23,5555.740234375,3500210000.0,14.720000267028809,2404.60009765625,41.0,88.25186920166016,5095600.0,156.89100646972656,-0.0015581025897707,-0.0127430974062873,0.0052675993546196,0.0007408217437367,0.0033730394129657,5579.490094866072,5512.910677083333,14.695714269365585,13.065333302815755,2426.285714285714,2359.7733235677083,88.44652775355748,87.78469060262044,157.42185974121094,158.91499938964844,0.0907823569873559,0.6967655028737385,0.1624515300392136,0.0632069559496411,0.0961217180644788,-0.0196675531296197,-0.0234729560509181,-0.0090172681262895,0,
2024-07-24,5427.1298828125,3945550000.0,18.040000915527344,2413.300048828125,6.0,88.05589294433594,4733500.0,155.76800537109375,-0.0231490937547349,0.2255435182249945,0.0036180449216294,-0.0022206470990024,0.0071578424021998,5550.334333147322,5515.122005208334,15.398571559361049,13.242000007629397,2424.914306640625,2363.2933268229167,88.40652901785714,87.84324696858724,157.05828857421875,158.87949981689454,0.1150074251142889,0.9377441894709386,0.1625667032321111,0.063234202010047,0.0960727062706691,-0.0423613608530309,-0.0199398373387243,-0.0112178910549865,1,"Gold daily return was 0.36%, used to evaluate commodity safe-haven behavior. || Market stress day identified on 2024-07-24 based on the project's is_stress flag. || S&P 500 daily return was -2.31%, representing equity market pressure. || US Treasury bond ETF IEF daily return was -0.22%, used to evaluate bond safe-haven behavior. || VIX closed at 18.04, showing elevated market fear and volatility."
2024-07-25,5399.22021484375,4592120000.0,18.459999084472656,2351.89990234375,31.0,88.25186920166016,4335600.0,153.89100646972656,-0.0051426202378422,0.0232814937710903,-0.0254424005478267,0.0022255893475306,0.0120499642843568,5512.051478794643,5515.918684895833,16.151428631373815,13.42899996439616,2409.128592354911,2364.7733235677083,88.33853258405414,87.8931386311849,156.4511457170759,158.774533589681,0.1159062866936591,0.9380791441297816,0.1804070217648953,0.0619070456433413,0.1018635393301484,-0.0472861326992478,-0.0448749205581207,-0.0090172681262895,0,
2024-07-26,5459.10009765625,3638770000.0,16.389999389648438,2380.0,95.0,88.67185974121094,5217500.0,153.69700622558594,0.0110904687028463,-0.1121343335583027,0.0119478289140821,0.0047589987991198,0.001260634059072,5493.5986328125,5517.1876953125,16.424285752432688,13.573999945322672,2398.44287109375,2366.239990234375,88.31986672537667,87.94090194702149,155.78643144880022,158.6609339396159,0.1177495631262288,0.9827260071619728,0.1801843594188847,0.0613760836724898,0.1018264673171773,-0.0367200893711811,-0.0334632495173998,-0.004301182495354,0,
2024-07-29,5463.5400390625,3379970000.0,16.600000381469727,2377.300048828125,126409.0,88.82117462158203,6165600.0,154.13900756835938,0.0008133101292933,0.0128127516559837,-0.0011344332654936,0.0016839037864646,-0.0028757966965518,5482.020089285715,5518.181022135416,16.520000049046107,13.729333305358889,2387.8000139508927,2368.809993489583,88.35853249686105,87.97441380818685,155.56543186732702,158.57223409016927,0.1175975261051492,0.980820268359194,0.1738087286560128,0.0587522689857793,0.1022767101360519,-0.0359366440625219,-0.0345597209594695,-0.0026245214863795,0,
2024-07-30,5436.43994140625,3777740000.0,17.690000534057617,2405.0,25944.0,89.00785064697266,4419200.0,153.83299255371094,-0.0049601718780302,0.0656626582855164,0.0116518531960361,0.002101706335071,0.0019853184438904,5472.225795200893,5518.342350260416,16.6871429170881,13.896999994913736,2389.157156808036,2371.263330078125,88.463865007673,88.00732447306315,155.0915745326451,158.4624003092448,0.118541848185068,0.983196610945012,0.1727075600348685,0.0586899943295439,0.1020438741666332,-0.0407185640092824,-0.023310552558549,-0.000528331124743,0,
2024-07-31,5522.2998046875,4546910000.0,16.360000610351562,2426.5,1313.0,89.6611328125,10982900.0,152.6699981689453,0.0157933986591674,-0.0751837130329915,0.0089397089397089,0.0073396016281577,0.0075601102563194,5466.210030691965,5519.978011067708,16.894285883222306,14.017333348592125,2394.085728236608,2375.0666666666666,88.67452130998883,88.07565790812174,154.41271754673548,158.29986673990885,0.1252278974970297,1.0158530594285986,0.1718595907980442,0.0600342799923016,0.1034214607332893,-0.0255682498643423,-0.0145792331739373,0.0,0,
2024-08-01,5446.68017578125,4703620000.0,18.59000015258789,2435.0,690.0,90.04401397705078,10492600.0,149.74400329589844,-0.013693502993456,0.1363080353936738,0.0035029878425716,0.0042703137082984,0.0191654870514176,5450.630022321428,5518.633024088542,17.44714300973075,14.227000013987224,2398.428571428572,2378.5533365885417,88.9305419921875,88.14403762817383,153.3917170933315,158.0346669514974,0.1314245135579749,1.0693582542853377,0.1709803867204196,0.0599912405255487,0.1157695462737815,-0.0389116339517436,-0.011127316207928,0.0,0,
2024-08-02,5346.56005859375,5156450000.0,23.38999938964844,2425.699951171875,550.0,91.43880462646484,18286500.0,149.2010040283203,-0.0183818608686967,0.2582032919667485,-0.0038193219006673,0.0154900985396935,0.0036261837244002,5439.120047433035,5514.4126953125,18.21142850603376,14.564000002543132,2400.199986049108,2380.95,89.41381508963448,88.26635386149088,152.45357404436385,157.74276733398438,0.1414979956206243,1.2684453608784176,0.1696927480277245,0.0727387958985745,0.1154567815503819,-0.0565782265789658,-0.0149041393061067,0.0,1,"Gold daily return was -0.38%, used to evaluate commodity safe-haven behavior. || Market stress day identified on 2024-08-02 based on the project's is_stress flag. || S&P 500 daily return was -1.84%, representing equity market pressure. || US Treasury bond ETF IEF daily return was 1.55%, used to evaluate bond safe-haven behavior. || VIX closed at 23.39, showing elevated market fear and volatility."
2024-08-05,5186.330078125,5333250000.0,38.56999969482422,2401.699951171875,334.0,91.53240203857422,19098200.0,145.58399963378906,-0.0299687983886397,0.6489953271180455,-0.0098940514008772,0.0010236071271023,0.0242424936620714,5408.707170758928,5505.136360677084,21.084285736083984,15.4096666653951,2407.314278738839,2383.793334960937,89.88246263776507,88.39117024739583,151.26685878208704,157.29786732991536,0.1649400248986166,2.212466481022299,0.1653229263570624,0.0726638793365192,0.1298066281511649,-0.0848514435020737,-0.0246507283866035,0.0,1,"Gold daily return was -0.99%, used to evaluate commodity safe-haven behavior. || Market stress day identified on 2024-08-05 based on the project's is_stress flag. || S&P 500 daily return was -3.00%, representing equity market pressure. || US Treasury bond ETF IEF daily return was 0.10%, used to evaluate bond safe-haven behavior. || VIX closed at 38.57, showing elevated market fear and volatility."
2024-08-06,5240.02978515625,4690190000.0,27.709999084472656,2389.10009765625,163.0,90.71800994873048,9507000.0,145.7899932861328,0.010354085880061,-0.2815660019776688,-0.0052462229969555,-0.0088973092774352,-0.0014149470605417,5377.411411830357,5498.208349609375,22.7014285496303,15.888999970753988,2408.6142926897323,2385.7633382161457,90.17476981026786,88.48635889689128,150.13728550502233,156.8288340250651,0.1685132445699115,2.4041653341095275,0.1657670070425658,0.0785611708797476,0.127833153719047,-0.0753759167550803,-0.0297676281654056,-0.0088973092774352,1,"Gold daily return was -0.52%, used to evaluate commodity safe-haven behavior. || Market stress day identified on 2024-08-06 based on the project's is_stress flag. || S&P 500 daily return was 1.04%, representing equity market pressure. || US Treasury bond ETF IEF daily return was -0.89%, used to evaluate bond safe-haven behavior. || VIX closed at 27.71, showing elevated market fear and volatility."
2024-08-07,5199.5,4558260000.0,27.850000381469727,2390.5,130.0,90.39037322998048,8419700.0,144.73199462890625,-0.0077346478585028,0.0050523746525679,0.0005859538263479,-0.0036115950838776,0.0072570046364573,5339.69140625,5489.215022786459,24.30857140677316,16.389333311716715,2410.5,2388.226668294271,90.39894104003906,88.56814549763997,148.79342651367188,156.3303670247396,0.1687929168677851,2.396509560534868,0.1645746936020032,0.0797294329475237,0.1282673261216615,-0.0825275584404708,-0.0291991167946825,-0.0124767708828667,1,"Gold daily return was 0.06%, used to evaluate commodity safe-haven behavior. || Market stress day identified on 2024-08-07 based on the project's is_stress flag. || S&P 500 daily return was -0.77%, representing equity market pressure. || US Treasury bond ETF IEF daily return was -0.36%, used to evaluate bond safe-haven behavior. || VIX closed at 27.85, showing elevated market fear and volatility."
2024-08-08,5319.31005859375,4016830000.0,23.790000915527344,2422.199951171875,201.0,90.11890411376952,4856100.0,146.12399291992188,0.0230426115191364,-0.1457809483063327,0.013260803669473,-0.0030032967727687,-0.0096177648527868,5322.958565848215,5483.928694661458,25.180000032697404,16.76400000254313,2412.957135881697,2392.326668294271,90.5576629638672,88.65856196085612,147.69214085170202,155.87829996744793,0.1831885843715984,2.448457037023799,0.1661348580765456,0.0778940361196528,0.1333084188541275,-0.0613865973901009,-0.0163255168803459,-0.0154425962099084,0,
2024-08-09,5344.16015625,3516400000.0,20.3700008392334,2432.10009765625,611.0,90.48400115966795,5174900.0,147.66900634765625,0.0046716768495385,-0.1437578791374391,0.0040872540186391,0.0040512814651798,-0.0105733041977649,5297.510044642857,5479.305029296875,25.752857208251957,17.035000038146972,2413.757149832589,2395.913338216146,90.67521558489118,88.75463485717773,146.97771344866072,155.44656677246093,0.1838375681120493,2.4959791882825453,0.1639978725880603,0.0783146865463427,0.1366661561560158,-0.0570016988864616,-0.0123049893961822,-0.011453877048528,0,
2024-08-12,5344.39013671875,3360160000.0,20.709999084472656,2462.39990234375,566.0,90.73672485351562,4166400.0,147.04200744628906,4.303397765514916e-05,0.0166911257354691,0.01245828850412,0.0027930207617776,0.0042459749467741,5282.897181919643,5475.435367838541,26.055714198521205,17.310666688283284,2417.6714215959823,2400.4033365885416,90.774174281529,88.87463887532552,146.59171404157365,154.99173380533855,0.1835837291146951,2.4959659354163986,0.1670068579779307,0.0760473232896371,0.1363927349173448,-0.0569611179186426,0.0,-0.0086928472031497,0,
2024-08-13,5434.43017578125,3648980000.0,18.1200008392334,2466.699951171875,510.0,91.13925170898438,6458700.0,146.98199462890625,0.0168475797535583,-0.1250602781137306,0.0017462837064086,0.0044362065758773,0.0004081338280472,5295.450055803572,5474.080045572917,25.30285726274763,17.50733337402344,2423.528564453125,2405.039998372396,90.73138100760325,89.02968215942383,146.27471269880022,154.5275670369466,0.1902878035945368,2.531945688604396,0.1669036055426404,0.0717682978353803,0.1360040521574365,-0.0410731951420704,0.0,-0.0042952038931979,0,
2024-08-14,5455.2099609375,3380050000.0,16.190000534057617,2439.39990234375,274.0,91.26095581054688,4275700.0,146.9709930419922,0.0038237284285767,-0.1065121531891404,-0.011067438021862,0.0013353642835594,7.484989533468323e-05,5333.861467633928,5472.28671875,22.10571452549525,17.646000067392986,2428.9142717633927,2408.919995117188,90.6926029750279,89.1778933207194,146.4728546142578,154.0428670247396,0.189720790555161,2.5578166966810865,0.1708150269258767,0.0715197097223557,0.1348022598004815,-0.0374065194574109,-0.0110674380218621,-0.0029655752715082,0,
2024-08-15,5543.22021484375,3723310000.0,15.229999542236328,2453.10009765625,285.0,90.68993377685548,5507000.0,147.2530059814453,0.0161332477643307,-0.059295920948354,0.0056162154058205,-0.00625702447032,-0.0019188340067386,5377.174386160715,5472.493391927083,20.322857448032924,17.7506667137146,2438.05712890625,2412.029996744792,90.68859209333148,89.28778305053712,146.6818564278739,153.56783396402994,0.1950518604347571,2.568023463734689,0.1659538854332625,0.0734663315694274,0.1353096748882932,-0.0218767603394877,-0.0055133797319629,-0.0092040440647858,0,
2024-08-16,5554.25,3357690000.0,14.800000190734863,2498.60009765625,197.0,90.86776733398438,4437000.0,149.2220001220703,0.0019897793572614,-0.0282337074475266,0.0185479589860486,0.0019608963169657,-0.0133715038786583,5427.852957589285,5472.062060546875,18.458571706499374,17.82800006866455,2453.5,2415.7,90.75679125104632,89.38742345174154,147.32328578404017,153.16330057779948,0.1944860528889993,2.5712113488725343,0.1705391348499937,0.0723654203537389,0.1433536295324329,-0.0199305109083537,0.0,-0.0072611959239281,0,
2024-08-19,5608.25,3222050000.0,14.649999618530272,2501.800048828125,88.0,90.98948669433594,4437600.0,147.95599365234375,0.0097222847369131,-0.0101351736669905,0.0012806976093839,0.0013395218560194,0.0084840470486317,5469.130092075893,5473.242057291666,17.15285723549979,17.90400005976359,2464.8714425223216,2420.586669921875,90.88116019112724,89.49018758138021,147.58500017438615,152.74056701660157,0.1965094918976102,2.571327610580208,0.1641010854618684,0.0723269789338601,0.1442874445424963,-0.0104019962734436,0.0,-0.0059314005985495,0,
2024-08-20,5597.1201171875,2994420000.0,15.880000114440918,2511.300048828125,187.0,91.35457611083984,4886000.0,146.69900512695312,-0.0019845553982971,0.083959080405358,0.0037972658943907,0.0040124351699044,0.0084956918226929,5505.267229352678,5473.913395182291,16.511428560529435,18.016333389282227,2476.185721261161,2425.626668294271,91.00552804129464,89.60916570027669,147.44642857142858,152.2686340332031,0.1966133284043383,2.5786533228714847,0.1641777562741906,0.0723701045880598,0.1447051731320485,-0.0123659083338833,0.0,-0.0019427647890135,0,
2024-08-21,5620.85009765625,3119670000.0,16.270000457763672,2508.39990234375,96.0,91.54178619384766,5386000.0,145.3470001220703,0.004239676828782,0.024559215397492,-0.0011548387002693,0.0020492688048892,0.0092161838705913,5544.761509486607,5473.478059895833,15.877143042428154,18.13033339182536,2482.757149832589,2430.1666666666665,91.12053680419922,89.73158416748046,147.20428466796875,151.73583424886067,0.1947238019158118,2.5785920065031323,0.1641887989812038,0.0723891818757128,0.1446365413859055,-0.0081786589601312,-0.0011548387002693,0.0,0,
2024-08-22,5570.64013671875,2981530000.0,17.549999237060547,2478.89990234375,210.0,91.12052917480467,4819500.0,145.1179962158203,-0.0089328055481209,0.0786723259547352,-0.0117604852290243,-0.0046018002986192,0.0015755667888409,5564.220075334822,5473.014729817708,15.795714242117745,18.28466669718425,2484.5,2432.296663411458,91.11786215645928,89.82129516601563,146.93799918038505,151.1862009684245,0.1947907710210752,2.58400564032262,0.1614480268063835,0.0727930764490699,0.1439331712101849,-0.0170384061381169,-0.0129017424658173,-0.0046018002986191,0,
2024-08-23,5634.60986328125,3291940000.0,15.859999656677246,2508.39990234375,94.0,91.54178619384766,5475400.0,146.20199584960938,0.0114833708501191,-0.0962962765727367,0.01190044017998,0.0046230747654554,-0.0074697808821515,5589.8486328125,5473.656722005208,15.748571259634836,18.39800001780192,2494.3571428571427,2435.443326822917,91.15798078264508,89.91882603963217,146.82814243861608,150.7862340291341,0.197016666832154,2.601551199597973,0.1644796427812246,0.0734840843413505,0.1373405376415796,-0.0057506936243767,-0.0011548387002693,0.0,0,
2024-08-26,5616.83984375,2938570000.0,16.149999618530273,2517.699951171875,290.0,91.42945861816406,3062400.0,144.0,-0.0031537266931381,0.0182849916854148,0.00370756226686,-0.0012270634029986,0.0150613255093621,5600.36572265625,5473.177376302084,15.879999841962542,18.49900000890096,2503.585693359375,2438.6033284505206,91.26362718854632,90.02194519042969,146.3634272984096,150.30913391113282,0.197083370632572,2.5995914180514275,0.1644822388949818,0.0727216701824221,0.1415894644193444,-0.0088862842015276,0.0,-0.0012270634029986,0,
2024-08-27,5625.7998046875,2798990000.0,15.43000030517578,2516.0,100.0,91.39201354980467,4433700.0,144.51600646972656,0.001595196086545,-0.044582001879949,-0.0006752000654739,-0.0004095514610424,-0.00358337826199,5610.587123325893,5471.79736328125,15.969999858311244,18.573666699727376,2506.071393694197,2440.389998372396,91.33851950509208,90.11075083414714,145.69114249093192,149.85496724446614,0.1962184722008562,2.60574634785306,0.1582985783483144,0.0721773066915645,0.1428124517470455,-0.0073052634807648,-0.0006752000654739,-0.0016361123184315,0,
2024-08-28,5592.18017578125,3053450000.0,17.110000610351562,2501.0,2353.0,91.34520721435548,8147000.0,143.97500610351562,-0.0059759732079761,0.1088788251424888,-0.0059618441971383,-0.0005121490777055,0.0037435324946116,5608.291434151785,5471.927701822917,16.321428571428573,18.661333401997883,2505.957101004464,2441.929996744792,91.38933672223772,90.19550704956056,145.1224299839565,149.37580057779948,0.1926957336270432,2.60894644376399,0.1591239419411635,0.0723090894494551,0.1422464499252423,-0.0132375806299027,-0.00663301882502,-0.0021474234627222,0,
2024-08-29,5591.9599609375,3065640000.0,15.649999618530272,2525.699951171875,3966.0,91.18607330322266,6199800.0,144.43299865722656,-3.937906806072977e-05,-0.0853302711712347,0.0098760300567273,-0.0017421156072194,-0.0031810559770468,5607.554268973215,5473.506705729166,16.28857135772705,18.65200004577637,2508.014229910714,2444.3933268229166,91.36526489257812,90.2833590189616,144.79871477399553,149.00070037841795,0.1912339593779448,2.612865922458792,0.1612141629851715,0.0718785824113784,0.1372378082300473,-0.0132764384143749,0.0,-0.003885798010012,0,
2024-08-30,5648.39990234375,4185850000.0,15.0,2493.800048828125,208.0,90.86776733398438,4802600.0,144.88999938964844,0.0100930517744244,-0.0415335229631983,-0.0126301235144534,-0.0034907300830886,-0.0031641019481043,5611.489955357143,5478.286702473958,16.10714272090367,18.601333363850912,2505.928536551339,2447.669995117188,91.26897648402624,90.3699338277181,144.73342895507812,148.59203389485677,0.1918868516053846,2.615895587831885,0.1502547062560877,0.0720496509630848,0.1336960892777879,-0.0033173864202468,-0.0126301235144535,-0.0073629638210902,0,
2024-09-03,5528.93017578125,3866350000.0,20.71999931335449,2489.89990234375,206.0,91.46678924560548,8232700.0,146.7220001220703,-0.0211510743977116,0.3813332875569659,-0.0015639371272799,0.0065922375909095,-0.0126440799236606,5605.531389508928,5477.104036458333,16.559999874659947,18.795000012715654,2507.499965122768,2450.9333251953126,91.31844220842632,90.47927551269532,144.9625723702567,148.23536732991536,0.1997894925392048,2.809030420884566,0.1502719312090482,0.0735957957501129,0.1403910382057602,-0.0243982945309779,-0.0141743079226471,-0.0008192646370626,1,"Gold daily return was -0.16%, used to evaluate commodity safe-haven behavior. || Market stress day identified on 2024-09-03 based on the project's is_stress flag. || S&P 500 daily return was -2.12%, representing equity market pressure. || US Treasury bond ETF IEF daily return was 0.66%, used to evaluate bond safe-haven behavior. || VIX closed at 20.72, showing elevated market fear and volatility."
2024-09-04,5520.06982421875,3478140000.0,21.31999969482422,2493.39990234375,470.0,92.00196838378906,9914900.0,145.35299682617188,-0.0016025435809103,0.0289575483278619,0.0014056789980614,0.0058510760309571,0.0093305931950181,5589.168526785715,5475.915022786458,17.339999880109513,19.01499999364217,2505.357107979911,2453.893318684896,91.38418252127512,90.60427881876628,144.8412867954799,147.85076700846355,0.199792282215288,2.806889384722512,0.1498202374606917,0.0747823080094591,0.1418389862023496,-0.0259617387816025,-0.0127885534515445,0.0,0,
2024-09-05,5503.41015625,3521650000.0,19.89999961853028,2511.39990234375,54.0,92.2179183959961,33635000.0,143.32400512695312,-0.0030180176155847,-0.0666041321116278,0.0072190585966898,0.0023472325212237,0.0139590634078582,5572.964285714285,5478.457698567709,17.8757141658238,19.076999950408936,2504.457101004464,2457.1633138020834,91.49681963239398,90.74301300048828,144.74471609933036,147.43596700032552,0.1878039311226059,2.7530604006182418,0.1506753479674843,0.0740292237521486,0.1451100098913421,-0.0289014034122132,-0.0056618161715884,0.0,0,
2024-09-06,5408.419921875,3822800000.0,22.3799991607666,2493.5,96.0,92.34938049316406,17777600.0,143.39300537109375,-0.0172602498592846,0.1246230949636311,-0.007127459998324,0.0014255591478811,-0.0004814283837484,5541.910016741072,5478.76435546875,18.86857114519392,19.20766661961873,2501.2428152901784,2461.883317057292,91.63358633858816,90.87959671020508,144.58428737095423,147.0860336303711,0.1941624525637355,2.7711086143652883,0.1303282445137231,0.0740021905130268,0.1426409809457484,-0.0456628078273191,-0.0127489218016316,0.0,1,"Gold daily return was -0.71%, used to evaluate commodity safe-haven behavior. || Market stress day identified on 2024-09-06 based on the project's is_stress flag. || S&P 500 daily return was -1.73%, representing equity market pressure. || US Treasury bond ETF IEF daily return was 0.14%, used to evaluate bond safe-haven behavior. || VIX closed at 22.38, showing elevated market fear and volatility."
2024-09-09,5471.0498046875,3825940000.0,19.450000762939453,2501.800048828125,96.0,92.48078918457033,8532500.0,142.48599243164062,0.0115800702824842,-0.1309203980205504,0.003328674083868,0.0014229515206762,0.0063253638983702,5524.605678013393,5479.162679036458,19.202856881277903,19.309666665395103,2501.357107979911,2465.943318684896,91.79581233433316,91.00656102498372,144.37157113211495,146.71233317057292,0.1944076629013837,2.779358216226108,0.1269521059335684,0.0733639887484862,0.1430708665685995,-0.0346115160687708,-0.0094626847233619,0.0,0,
2024-09-10,5495.52001953125,3848180000.0,19.07999992370605,2512.300048828125,5.0,92.8751220703125,7921400.0,143.177001953125,0.0044726726528396,-0.0190231786488364,0.0041969780938002,0.0042639437792337,-0.0048496663404713,5510.828543526785,5480.228678385417,19.69285692487444,19.39233331680298,2499.4428362165177,2470.443318684896,92.037105015346,91.14169260660807,144.192143031529,146.34693298339843,0.1948057649229452,2.7814458079882085,0.1268595647658832,0.0738263329129123,0.1438255825666121,-0.0302936493973252,-0.0053054213100541,0.0,0,
2024-09-11,5554.1298828125,3839450000.0,17.690000534057617,2512.10009765625,90.0,92.8094253540039,7286200.0,142.23399353027344,0.0106650258888965,-0.0728511213420615,-7.95888898574848e-05,-0.0007073661368526,0.0065863121170836,5497.361397879465,5484.151676432291,20.0771427154541,19.39233331680298,2502.05712890625,2474.013321940104,92.31448473249164,91.26841176350912,143.81271362304688,145.96029968261718,0.1964191674601948,2.7894965782153864,0.123514314762427,0.0740756230383311,0.1443231164154756,-0.0199517060635203,-0.0053845879473192,-0.0007073661368526,0,
2024-09-12,5595.759765625,3655070000.0,17.06999969482422,2551.199951171875,132.0,92.65919494628906,5929800.0,142.58999633789062,0.0074953023589392,-0.035048096128643,0.0155646080950773,-0.0016186977469347,-0.0025029375803993,5506.908482142857,5486.600341796875,19.555714198521205,19.415999952952067,2510.814278738839,2478.169986979167,92.48482840401786,91.36834716796876,143.22242736816406,145.62429962158205,0.1923407333256391,2.780917326018564,0.128386298253858,0.0723702053800191,0.1442463284604817,-0.0126059477741037,0.0,-0.0023249188718154,0,
2024-09-13,5626.02001953125,3500790000.0,16.559999465942383,2581.300048828125,31.0,92.83757781982422,5305500.0,141.49899291992188,0.0054077114053645,-0.0298769910954639,0.0117984078991628,0.0019251502631612,0.0076513321129726,5522.044224330357,5492.578336588542,18.8757141658238,19.348333263397212,2523.3714425223216,2483.0466552734374,92.6042011805943,91.46146596272789,142.67185538155692,145.3494659423828,0.1880001616647907,2.7590635077292944,0.1316074550951792,0.0717963498270384,0.1361342939028042,-0.0072664056962927,0.0,-0.0004042444268321,0,
2024-09-16,5633.08984375,3437070000.0,17.139999389648438,2580.39990234375,28.0,93.08169555664062,6666900.0,140.7899932861328,0.0012566297656613,0.0350241511117734,-0.0003487182688365,0.0026295142823542,0.0050106337802016,5540.569893973215,5502.129329427084,18.48142841884068,19.139999930063883,2533.228585379464,2488.2033203125,92.72759791782924,91.51622899373372,142.30985369001115,145.06909891764323,0.1786558021254271,2.6575187944727547,0.1306595184927938,0.0575483732818131,0.1363501886088789,-0.0060189071123186,-0.0003487182688365,0.0,0,
2024-09-17,5634.580078125,3443600000.0,17.610000610351562,2564.300048828125,22.0,92.9126968383789,7807000.0,140.7899932861328,0.0002645500810987,0.0274213090688311,-0.0062392862055999,-0.0018155956147025,-0.0,5572.878487723215,5517.07099609375,17.800000054495676,18.441333293914795,2543.342878069197,2493.623323567708,92.80807168143136,91.56223882039389,141.93799482073103,144.9092987060547,0.1513336277648647,1.8189939589768955,0.1281505379040723,0.0579537061438436,0.1187993285326628,-0.0057559493335846,-0.0065858287213521,-0.0018155956147025,0,
2024-09-18,5618.259765625,3691390000.0,18.229999542236328,2570.699951171875,25.0,92.50897216796876,8584500.0,142.01499938964844,-0.002896455862498,0.0352072067232249,0.0024957696922693,-0.004345204521535,-0.008700945819537,5593.908482142857,5529.678662109375,17.6257141658238,18.125333309173584,2553.185721261161,2499.676652018229,92.81209782191684,91.62193756103515,141.87071010044642,144.78346557617186,0.150464739771638,1.646090008766805,0.1261816335029841,0.0528092440797503,0.1219679973954392,-0.0086357333428912,-0.004106495740804,-0.0061529110019633,0,
2024-09-19,5713.64013671875,4024530000.0,16.329999923706055,2588.0,99.0,92.4338607788086,16770800.0,142.7100067138672,0.0169768531667633,-0.1042237886034085,0.0067297036436471,-0.0008119362630447,-0.0048939008358677,5625.068498883928,5546.816666666667,17.23285702296666,17.741333293914796,2564.0,2506.2599853515626,92.74906049455916,91.69005381266275,141.80399649483817,144.7160659790039,0.153068136005774,1.6682606908537172,0.1266377254282652,0.0514485397204507,0.1215009206263771,0.0,0.0,-0.0069598514934423,0,
2024-09-20,5702.5498046875,7867260000.0,16.149999618530273,2619.89990234375,17.0,92.40568542480467,6580600.0,142.85800170898438,-0.0019410273951238,-0.0110226764247853,0.01232608282216,-0.0003048163710411,-0.0010370330611357,5646.271344866072,5559.591324869792,17.012856892177037,17.48666658401489,2579.399972098214,2512.8499837239583,92.6913833618164,91.76627985636394,141.8931405203683,144.607199605306,0.141613221401854,1.61987500896353,0.1259864051074667,0.0503197069422475,0.1178176196342633,-0.0019410273951238,0.0,-0.0072625463878082,0,
2024-09-23,5718.56982421875,3529550000.0,15.890000343322754,2626.5,9.0,92.34938049316406,7491700.0,144.00399780273438,0.0028092730585327,-0.0160990267089047,0.0025192174900825,-0.000609323240034,-0.008021924428738,5663.815638950893,5572.071647135416,16.844285556248256,17.337333234151206,2590.1571219308034,2519.32998046875,92.64712415422711,91.82845916748047,142.0951407296317,144.4850326538086,0.1414518420980129,1.5684985314792976,0.1259128147487207,0.0495425398427039,0.1159078170978242,0.0,0.0,-0.0078674443895464,0,
2024-09-24,5732.93017578125,3872710000.0,15.390000343322754,2651.199951171875,35.0,92.45262145996094,6580800.0,143.63800048828125,0.002511178844347,-0.031466330345934,0.009404131418951,0.0011179389211444,0.0025415774564432,5679.088518415178,5585.022981770833,16.67714282444545,17.159999942779542,2600.142822265625,2525.6233154296874,92.59213038853235,91.88565572102864,142.40071323939733,144.37156575520834,0.141290706108104,1.5691966103227395,0.1241328129356618,0.0491596232300853,0.1155737572424565,0.0,0.0,-0.0067583007906951,0,
2024-09-25,5722.259765625,3624910000.0,15.40999984741211,2659.199951171875,175.0,92.07707214355467,10455100.0,142.96299743652344,-0.0018612489301417,0.0012995129072905,0.0030175015643252,-0.0040620732054515,0.0046993347823223,5691.827078683035,5594.617301432291,16.430000032697404,17.069666576385497,2611.399972098214,2532.0399820963544,92.44861275809151,91.916916402181,142.71114240373885,144.23759918212892,0.1349046837143355,1.5277761047988534,0.1241208561806611,0.0496091195407474,0.1161297617605957,-0.0018612489301417,0.0,-0.0107929212835904,0,
2024-09-26,5745.3701171875,4391180000.0,15.369999885559082,2669.89990234375,17216.0,92.01136016845705,8026500.0,144.68299865722656,0.0040386757171231,-0.0025957146170734,0.0040237482582532,-0.0007136627345749,-0.0120310937203651,5707.654227120535,5604.289306640625,16.109999929155624,17.04233322143555,2626.485665457589,2539.723315429688,92.31985037667413,91.941929880778,143.2672860281808,144.1613327026367,0.1349347370408004,1.4949601916499315,0.117263914203991,0.0496094865994271,0.1220259105746876,0.0,0.0,-0.0114988815124481,0,
2024-09-27,5738.169921875,3898530000.0,16.959999084472656,2644.300048828125,4228.0,92.37752532958984,6207700.0,145.0760040283203,-0.0012532169669905,0.103448224512185,-0.0095883195820009,0.0039795647022542,-0.0027163203330118,5724.784249441965,5610.787630208333,15.92857129233224,17.099999872843423,2636.999965122768,2546.096647135417,92.3010722569057,91.9981829325358,143.70457240513392,144.0887659708659,0.1280808593257672,1.5112004115187108,0.1225238547719458,0.0466771356023764,0.1221847393721289,-0.0012532169669905,-0.0095883195820009,-0.0075650773531761,0,
2024-09-30,5762.47998046875,4425730000.0,16.729999542236328,2636.10009765625,973.0,92.1240234375,8902400.0,142.7830047607422,0.0042365525811767,-0.0135612944959943,-0.0031009911963315,-0.0027441944475713,0.0158055033493375,5731.761369977678,5617.728629557291,15.985714094979423,17.16433318456014,2643.871407645089,2550.67998046875,92.25680977957587,92.04005813598631,143.71500069754464,143.87413279215494,0.1283688390954352,1.5087796531798,0.1136824524306875,0.0474866293621689,0.1227292669696812,0.0,-0.012659577483721,-0.0102885117574795,0,
2024-10-01,5708.75,4025180000.0,19.26000022888184,2667.300048828125,153.0,92.45924377441406,11665600.0,143.7100067138672,-0.0093241070946643,0.1512253888745367,0.0118356473639278,0.0036387939259023,-0.0064923830022931,5732.647112165178,5621.078629557292,16.429999896458217,17.31799987157186,2650.6428571428573,2556.1966471354167,92.26446097237724,92.0890500386556,143.8367156982422,143.73259989420572,0.1293229009243009,1.5634017561398716,0.1173117765083741,0.0483161377054982,0.1229356997150787,-0.0093241070946643,-0.0009737644146669,-0.0066871556056668,0,
2024-10-02,5709.5400390625,3829050000.0,18.89999961853028,2647.10009765625,72.0,92.19559478759766,7742100.0,143.73599243164062,0.0001383909021239,-0.0186916202530315,-0.0075731829198405,-0.0028515157171268,-0.0001808205174269,5731.357142857143,5624.825960286458,16.859999792916433,17.41866652170817,2653.585728236608,2560.723315429688,92.24249158586774,92.11708399454751,143.79842921665735,143.633832804362,0.1290969135747552,1.5514031063881355,0.1205208935347524,0.0481230367137953,0.1208568505772497,-0.0091870065641327,-0.0085395728384743,-0.0095196027934812,0,
2024-10-03,5699.93994140625,3597450000.0,20.489999771118164,2657.10009765625,354.0,91.72476959228516,11556100.0,146.58200073242188,-0.001681413492255,0.0841269938984012,0.0037777188738929,-0.0051068079380278,-0.0198002480285846,5726.644252232143,5627.462288411459,17.58857113974435,17.559333165486652,2654.4286063058034,2565.6799886067706,92.13851274762835,92.12318344116213,144.21900068010603,143.6749994913737,0.1288245441215881,1.5658087940846208,0.1203231328579658,0.0502958339413896,0.1317570328855543,-0.0108529728995974,-0.0047941140700682,-0.0145777959483964,0,
2024-10-04,5751.06982421875,3479400000.0,19.209999084472656,2645.800048828125,114.0,90.8396224975586,8878300.0,146.83999633789062,0.0089702493952743,-0.0624695315248242,-0.0042527749850644,-0.0096500334496453,-0.001760076982028,5730.759974888393,5633.476611328125,18.131428173610143,17.614666493733726,2652.514334542411,2571.2433268229165,91.96173422677175,92.1138198852539,144.77285766601562,143.7323994954427,0.1278822466937024,1.5669875482846405,0.1147270531645032,0.0561582197887262,0.1316957056820056,-0.0019800773779125,-0.00902650076674,-0.0240871531795176,0,
2024-10-07,5695.93994140625,3637790000.0,22.63999938964844,2644.800048828125,284.0,90.51006317138672,10152600.0,148.82000732421875,-0.0095860221658826,0.1785528614599589,-0.0003779575105998,-0.0036279248758517,-0.0134841394423079,5723.698521205357,5635.520947265625,19.169999531337197,17.840666484832763,2648.928641183036,2575.789998372396,91.74726322719027,92.07942911783854,145.36385890415735,143.81966654459634,0.1275880041928296,1.6110162801272212,0.111169204791312,0.05521581493788,0.1355868878641515,-0.0115471184781603,-0.0094010466435806,-0.0276276916731609,0,
2024-10-08,5751.1298828125,3393400000.0,21.420000076293945,2615.0,687.0,90.58537292480467,5975200.0,148.14599609375,0.0096893474955819,-0.0538868969189243,-0.0112674108733962,0.0008320594503989,0.0045290364016737,5725.549944196428,5639.997281901042,19.807142530168807,18.01633316675822,2644.742919921875,2579.0333333333333,91.49124145507812,92.0512929280599,145.80242919921875,143.957866414388,0.1298951960523297,1.6238174473405778,0.1172318125700087,0.0552611877978641,0.1282339667506418,-0.0019696550260859,-0.0205625320618037,-0.0268186201047114,0,
2024-10-09,5792.0400390625,3650340000.0,20.86000061035156,2606.0,152.0,90.2463836669922,6769200.0,148.15899658203125,0.0071134119874882,-0.0261437658238924,-0.0034416826003823,-0.00374220745433,-8.775457065346437e-05,5729.772809709822,5645.538623046875,20.397142682756694,18.197333176930744,2640.4429059709823,2582.0333333333333,91.22300720214844,92.01310526529949,146.5704280308315,144.0792994181315,0.1311596713381021,1.6189080476184974,0.1179072692800902,0.0561538141603252,0.1280168697249761,0.0,-0.0239334449533692,-0.0304604667189707,0,
2024-10-10,5780.0498046875,3208790000.0,20.93000030517578,2620.60009765625,320.0,90.23699188232422,5959000.0,149.16000366210938,-0.0020701228399899,0.0033556899700897,0.0056024933446854,-0.0001040682660774,-0.0067563030472057,5739.95849609375,5651.800944010417,20.63571412222726,18.324666500091556,2633.771484375,2586.0200032552084,90.9055426461356,91.97616475423176,147.3489990234375,144.25213267008465,0.1298352068329095,1.5942222142470788,0.1165604130979273,0.056160093034836,0.1283512682764277,-0.00207012283999,-0.0184650385747505,-0.0305613650170928,0,
2024-10-11,5815.02978515625,3208720000.0,20.459999084472656,2657.60009765625,12.0,90.2652359008789,5394100.0,148.70399475097656,0.0060518475879536,-0.0224558630602073,0.014118903541632,0.0003129982279497,0.0030571795383285,5755.028459821428,5659.236604817708,20.858571188790457,18.484999815622967,2635.271484375,2590.416674804688,90.62977709089007,91.94547017415364,148.05871364048548,144.39449920654295,0.130554897994021,1.5714236591201602,0.1197871502717919,0.0560493020603275,0.128792142720779,0.0,-0.0046068411316479,-0.0302579324422371,0,
2024-10-14,5859.85009765625,3005250000.0,19.700000762939453,2647.800048828125,40.0,90.10517120361328,3850900.0,149.33399963378906,0.0077076668832223,-0.037145569674535,-0.0036875558654471,-0.0017732706912924,-0.0042366372461446,5777.872767857143,5666.284944661458,20.74571418762207,18.64166650772095,2633.9429059709823,2595.550008138021,90.39840589250836,91.92005030314128,148.4518563406808,144.54263254801432,0.1293422017036913,1.570146438055266,0.1130910064951777,0.0554258600995581,0.128985850556777,0.0,-0.0082774090130588,-0.0319775476287506,0,
2024-10-15,5815.259765625,3882120000.0,20.63999938964844,2661.39990234375,39.0,90.56656646728516,7736900.0,149.6699981689453,-0.0076094663324381,0.0477156644824783,0.0051362841849194,0.005120630231413,-0.0022499801517419,5787.042759486607,5675.829264322917,20.949999945504324,18.63899984359741,2636.171456473214,2601.266674804688,90.3593978881836,91.89004287719726,148.85614231654577,144.64089914957682,0.1139996498781809,1.1254778672233745,0.1129110098442954,0.0539868904439963,0.1242922592786062,-0.0076094663324382,-0.0031836399531451,-0.0270206625944517,0,
2024-10-16,5842.47021484375,3467230000.0,19.57999992370605,2674.0,6.0,90.70779418945312,5041100.0,149.0989990234375,0.0046791459565738,-0.0513565647910828,0.0047343872092104,0.0015593803284901,0.0038150541357211,5807.975655691965,5686.575944010417,20.51285716465541,18.580999851226807,2640.342878069197,2607.286678059896,90.3876451764788,91.84690373738609,148.89599827357702,144.76576588948566,0.1138675245199412,1.1329499950664668,0.1131074211959203,0.0510756224205276,0.1214219371194589,-0.0029659261794856,0.0,-0.0255034177556743,0,
2024-10-17,5841.47021484375,3480010000.0,19.11000061035156,2691.0,30.0,90.23699188232422,5460200.0,149.5760040283203,-0.0001711604789117,-0.0240040508266524,0.006357516828721,-0.0051903181125271,-0.0031992502163467,5820.881417410715,5697.844612630209,20.18285724094936,18.554666550954185,2651.200020926339,2613.2733479817707,90.33787645612443,91.780872853597,149.10028512137276,144.9741658528646,0.1130912773798644,1.1179626282178436,0.1128128592660778,0.0521276527288302,0.113102918867613,-0.003136579009052,0.0,-0.0305613650170928,0,
2024-10-18,5864.669921875,3374490000.0,18.030000686645508,2713.699951171875,29.0,90.34056091308594,5174700.0,150.10000610351562,0.0039715527389487,-0.0565149078603919,0.008435507681856,0.0011477447175629,-0.003503249592736,5831.257114955357,5713.052945963542,19.77857153756278,18.409666601816813,2666.585728236608,2620.613346354167,90.35133034842356,91.71391220092774,149.37757219587053,145.1977325439453,0.0972846663748931,1.0659231288840842,0.1104691463090338,0.052034500297194,0.1132173784143197,0.0,0.0,-0.0294486969447896,0,
2024-10-21,5853.97998046875,3407010000.0,18.3700008392334,2723.10009765625,52.0,89.64375305175781,6633600.0,149.60000610351562,-0.0018227694906369,0.0188574675340817,0.0034639594109568,-0.0077131230344972,0.0033311124561525,5841.818568638393,5725.81728515625,19.41285732814244,18.373666604359943,2681.228585379464,2627.9900146484374,90.26658194405692,91.61934432983398,149.4404296875,145.43486633300782,0.0943916302447782,0.9985135231242324,0.1104749551385797,0.055382810294565,0.1117304606828568,-0.0018227694906369,0.0,-0.0369346785565461,0,
2024-10-22,5851.2001953125,3342080000.0,18.200000762939453,2744.199951171875,93.0,89.55900573730469,5433900.0,150.60499572753906,-0.0004748538883844,-0.0092542225654596,0.0077484678340635,-0.0009453789200927,-0.0067178448062898,5846.985770089285,5737.673291015625,19.09000042506627,18.344333299001057,2693.599993024553,2635.720011393229,90.16569192068916,91.50880711873371,149.71200125558036,145.68246612548828,0.0944796156189246,0.99730318440149,0.1113267151411404,0.0530634357441911,0.1123250752020365,-0.0022967578298411,0.0,-0.037845140210111,0,
2024-10-23,5797.419921875,3532650000.0,19.239999771118164,2714.39990234375,18.0,89.35184478759766,6914300.0,151.13800048828125,-0.0091913234280693,0.0571428002517699,-0.0108592848037182,-0.0023131224827872,-0.0035390908393666,5838.067173549107,5745.782958984375,19.024285997663224,18.39599994023641,2703.1142578125,2642.463338216146,90.05807386125836,91.39355443318684,149.96971566336495,145.97926635742186,0.0963636641094961,0.985598785571315,0.1180731032359907,0.0531364065163309,0.1096263239431175,-0.0114669710138604,-0.0108592848037182,-0.040070722248214,0,
2024-10-24,5809.85986328125,3543030000.0,19.07999992370605,2734.89990234375,27.0,89.5495834350586,5486300.0,152.7689971923828,0.0021457720113238,-0.0083160004841733,0.0075523138585067,0.0022130337424033,-0.0107914402654019,5837.295758928572,5752.91962890625,18.801428931100027,18.462999947865804,2713.6142578125,2648.586669921875,89.91279057094029,91.28990071614584,150.4124298095703,146.31856638590494,0.0946789463467097,0.9792826608770574,0.1125915256200281,0.054063626247753,0.1125183905713449,-0.0093458045079929,-0.003388983672328,-0.0379463663662285,0,
2024-10-25,5808.1201171875,3501280000.0,20.32999992370605,2740.89990234375,29.0,89.35184478759766,6455300.0,151.7830047607422,-0.0002994471699301,0.0655136270963465,0.0021938645706405,-0.0022081470384989,0.0064541395817304,5832.388602120535,5758.989632161459,18.90857178824288,18.58866662979126,2723.17138671875,2653.9066650390623,89.71908351353237,91.17370961507162,150.79585920061385,146.66136678059897,0.0939534578807187,0.9883418146766668,0.1089665554069768,0.0533554580960964,0.1116460909008492,-0.0096424531032123,-0.0012025540728968,-0.040070722248214,0,
2024-10-28,5823.52001953125,3691280000.0,19.799999237060547,2742.89990234375,56.0,89.1446762084961,5447300.0,152.95199584960938,0.0026514435020339,-0.0260698813888086,0.0007296873549778,-0.0023185708095231,-0.0077017258335996,5829.824288504465,5765.3373046875,19.007143020629883,18.677333291371664,2730.5856584821427,2659.3233317057293,89.5630384172712,91.04247563680012,151.27814374651228,147.06676686604817,0.094063242343777,0.9900381415134548,0.1088071673311294,0.0521266241367137,0.1104208293077736,-0.0070165760208025,-0.0004737442064197,-0.0422963862508159,0,
2024-10-29,5832.919921875,3879100000.0,19.34000015258789,2768.39990234375,848.0,89.18234252929688,8475400.0,153.1790008544922,0.0016141272481633,-0.0232322778887614,0.0092967300695918,0.0004225302329068,-0.001484158500985,5825.28857421875,5771.9486328125,19.194285801478795,18.73499994277954,2738.3999372209823,2666.12666015625,89.39757864815849,90.91813049316406,151.71800013950892,147.4797337849935,0.0940371903108724,0.991673283539428,0.1078216500408204,0.0523873190148053,0.1101786032784136,-0.0054137744191831,0.0,-0.0418917275198427,0,
2024-10-30,5813.669921875,3851120000.0,20.350000381469727,2788.5,231.0,89.05052947998047,6341100.0,153.2740020751953,-0.0033002338893437,0.0522233826738975,0.0072605470182371,-0.0014780173471347,-0.0006201974172255,5819.529994419643,5778.4623046875,19.477142878941127,18.805666637420654,2747.7427804129466,2673.3866617838544,89.31283242361886,90.80284907023112,152.24285670689173,147.85503387451172,0.0941960927871982,0.9973974303697982,0.1086709528428496,0.051620913757887,0.1089243554698818,-0.0086961415867194,0.0,-0.0433078281670016,0,
2024-10-31,5705.4501953125,4425660000.0,23.15999984741211,2738.300048828125,849.0,89.00345611572266,8662900.0,153.20399475097656,-0.0186147008716995,0.1380835092514842,-0.0180024927996682,-0.0005286140861003,0.0004567462405294,5798.708565848215,5778.189306640625,20.185714176722936,19.03333330154419,2746.8999372209823,2678.396663411458,89.23346819196429,90.68850224812826,152.6141422816685,148.2048334757487,0.0986325943607622,1.0128843074867298,0.1234155513898489,0.0516490037067125,0.1090358506354558,-0.0271489663840442,-0.0180024927996682,-0.0438135491250945,1,"Gold daily return was -1.80%, used to evaluate commodity safe-haven behavior. || Market stress day identified on 2024-10-31 based on the project's is_stress flag. || S&P 500 daily return was -1.86%, representing equity market pressure. || US Treasury bond ETF IEF daily return was -0.05%, used to evaluate bond safe-haven behavior. || VIX closed at 23.16, showing elevated market fear and volatility."
2024-11-01,5728.7998046875,3796450000.0,21.8799991607666,2738.60009765625,109.0,88.47637939453125,15659500.0,151.97999572753906,0.0040925095436261,-0.0552677329481301,0.0001095748540242,-0.0059219803836167,0.0079893414360835,5788.905691964285,5779.064306640625,20.562856946672717,19.2243332862854,2750.357107979911,2682.353336588542,89.10840170724052,90.55752538045247,152.73442731584822,148.50889994303387,0.099164986646993,1.0301908791452423,0.1194744435242213,0.053291016788072,0.1130732869389387,-0.0231675642444444,-0.0178948905661646,-0.0494760665302558,0,
2024-11-04,5712.68994140625,3602060000.0,21.979999542236328,2736.10009765625,16.0,88.94865417480469,8179300.0,152.28700256347656,-0.0028120834782999,0.0045704015221827,-0.0009128751591513,0.0053378628680937,-0.0020200476679042,5775.024274553572,5778.868310546875,20.977142606462756,19.42733325958252,2750.528564453125,2686.0066731770835,89.02255467006138,90.44416783650716,152.66557094029017,148.78500010172527,0.0992042634947354,1.0270112500465067,0.1196353873402764,0.0567722473140918,0.1116664325608134,-0.0259144985981001,-0.0187914299242424,-0.0444023001205533,0,
2024-11-05,5782.759765625,3768310000.0,20.489999771118164,2740.300048828125,23.0,88.99588775634766,8118500.0,152.2760009765625,0.0122656445452913,-0.0677888899977003,0.0015350137136695,0.0005310207555264,7.224245489678705e-05,5771.4013671875,5780.529296875,20.999999727521622,19.597333240509037,2750.44287109375,2688.976676432292,88.9717036655971,90.32894337972006,152.73599897112166,149.07293345133465,0.1052095691779279,1.0458352696894886,0.1172046286379761,0.0565852678951145,0.1110425073520443,-0.0139667120811826,-0.017285261313206,-0.043894857907984,0,
2024-11-06,5929.0400390625,6329530000.0,16.270000457763672,2667.60009765625,427.0,88.07967376708984,15261400.0,151.43499755859375,0.0252959277864259,-0.2059540927522519,-0.0265299236858987,-0.0102950148861509,0.0055228887846758,5786.475655691965,5787.42197265625,20.49571418762207,19.625999927520752,2739.6857561383927,2689.2566813151043,88.81956045968192,90.19569676717124,152.51928492954798,149.35533345540364,0.1274342073589865,1.2213149952182307,0.1417769243889661,0.0618983807907272,0.1114971865789841,0.0,-0.0433566083355746,-0.0537379745785467,0,
2024-11-07,5973.10009765625,4925740000.0,15.199999809265137,2698.39990234375,676.0,88.7880859375,15674000.0,154.32000732421875,0.0074312297274883,-0.0657652500549227,0.0115458852751433,0.008042856428867,-0.0190511428146504,5806.501395089285,5795.012972005208,19.90428556714739,19.620333258310957,2729.6857561383927,2690.206681315104,88.76323808942523,90.08825429280598,152.68228585379464,149.67656707763672,0.1284625950905728,1.2381867670059727,0.1452005389727959,0.0677550611499832,0.1186430202632871,0.0,-0.0323113134861932,-0.0461273249639929,0,
2024-11-08,5995.5400390625,4666740000.0,14.9399995803833,2687.5,1038.0,88.97698211669922,12335300.0,153.17999267578125,0.0037568333092317,-0.0171052784305532,-0.0040393947295516,0.0021274946655813,0.0073873418502526,5832.482840401785,5803.591975911459,19.13142830984933,19.552999941507974,2715.2571847098216,2691.6466796875,88.75273132324219,89.9749028523763,152.66885593959265,149.9467000325521,0.1284084202377897,1.2015905663209725,0.1427554306934765,0.0667346629378926,0.1218165017976521,0.0,-0.0362201900663439,-0.0440979659362099,0,
2024-11-11,6001.35009765625,4333000000.0,14.970000267028809,2611.199951171875,20.0,88.73140716552734,3980000.0,152.9040069580078,0.0009690634297987,0.0020080781451226,-0.0283907158430232,-0.0027599829228843,0.0018017086497554,5874.754255022322,5811.554313151041,17.96142836979457,19.49433329900106,2697.100027901786,2690.8166748046874,88.7138671875,89.86181564331055,152.6260005405971,150.28406677246093,0.1281511942716537,1.201074521172877,0.1654364008397585,0.0667377691758161,0.1104155876795264,0.0,-0.0635825887854133,-0.0467362392261764,0,
2024-11-12,5983.990234375,4243400000.0,14.710000038146973,2600.0,118.0,88.17412567138672,8037600.0,153.47999572753906,-0.0028926596513724,-0.0173680844518407,-0.0042891970669839,-0.0062805438563712,-0.0037669959145638,5911.210030691965,5820.728987630208,16.937142780848912,19.34266662597656,2677.3000139508927,2688.57333984375,88.67068808419364,89.71897837320964,152.8402862548828,150.60973307291667,0.124792007979991,1.1115323456417607,0.1617488253672284,0.0666268134530984,0.1097990497225208,-0.0028926596513723,-0.0675990675990676,-0.0527232540824057,0,
2024-11-13,5985.3798828125,4220180000.0,14.020000457763672,2580.800048828125,53.0,88.11743927001953,6661800.0,154.65499877929688,0.0002322277248243,-0.0469068374299079,-0.0073845966045673,-0.0006428915618449,-0.0076557407119277,5950.165736607143,5829.923649088541,15.800000054495674,19.179999987284344,2655.1142926897323,2686.3633382161456,88.55194309779576,89.58303985595703,153.17857142857142,150.97369995117188,0.1247827497169003,1.1172031468999577,0.1616811211624491,0.0665657236517197,0.1107273828545404,-0.0026611036823175,-0.0744844723585709,-0.0533322503090881,0,
2024-11-14,5949.169921875,4184570000.0,14.3100004196167,2568.199951171875,27.0,88.10800170898438,7510000.0,155.4290008544922,-0.006049734794859,0.020684732695029,-0.0048822448147315,-0.0001071020800574,-0.0050047013113352,5973.938616071428,5838.231315104166,14.91714300428118,18.97400000890096,2630.528564453125,2683.4,88.42510223388672,89.46248092651368,153.6289999825614,151.2685999552409,0.1264137170073399,1.0867065758925507,0.1615010665640285,0.0657832218309559,0.0981955532198094,-0.0086947395056369,-0.0790030657443518,-0.0534336403942033,0,
2024-11-15,5870.6201171875,4590960000.0,16.139999389648438,2565.699951171875,20.0,88.14579010009766,16761500.0,156.46800231933594,-0.0132034898513612,0.1278825238553527,-0.0009734444542992,0.0004288871655278,-0.0066847336026847,5965.592912946428,5842.216324869792,14.898571423121862,18.871666685740152,2615.9714006696427,2680.729996744792,88.4345474243164,89.37268651326498,154.3480006626674,151.58953348795572,0.1312081807417157,1.1447386024599502,0.1612212393161383,0.0610219214066877,0.0991352332289112,-0.0217834284521752,-0.0798996051024296,-0.053027670231248,0,
2024-11-18,5893.6201171875,3983860000.0,15.579999923706056,2610.60009765625,136.0,88.34414672851562,4788200.0,154.66400146484375,0.003917814394541,-0.0346963746666274,0.0175001548656799,0.0022503244703202,0.0115295193122642,5954.238630022322,5848.8056640625,14.95285715375628,18.63633337020874,2603.428571428572,2679.589998372396,88.37112753731864,89.3004892985026,154.3971426827567,151.78433329264325,0.127784587938855,1.0092469281203145,0.1698891564096444,0.0611966381940078,0.1007527338776956,-0.0179509574871865,-0.0637977056997489,-0.0508966752248532,0,
2024-11-19,5916.97998046875,4036940000.0,16.350000381469727,2627.10009765625,87.0,88.53305053710938,4951500.0,154.61700439453125,0.00396358482847,0.0494223659521371,0.0063203858817033,0.0021382719239368,0.000303865604584,5943.015764508928,5854.334000651042,15.154285839625768,18.467333380381262,2594.8000139508927,2679.9933349609373,88.30770874023438,89.2320785522461,154.60243007114954,152.00003356933593,0.1255246711543828,1.0149406086540926,0.1677265607469528,0.0616149872020975,0.0993616434821016,-0.0140585228014692,-0.0578805459364353,-0.0488672342325713,0,
2024-11-20,5917.10986328125,3772620000.0,17.15999984741211,2648.199951171875,27.0,88.40079498291016,5752900.0,154.71800231933594,2.195086225209586e-05,0.0495412505837244,0.008031613844653,-0.0014938551580099,-0.0006532135659993,5930.9814453125,5858.502994791666,15.467142922537668,18.34400002161662,2600.085728236608,2681.4,88.26047842843192,89.17055892944336,154.861572265625,152.21866709391276,0.1241883408319717,1.0261325301332684,0.1688494943586383,0.0610098027250752,0.0993080261148567,-0.0140368805359145,-0.0503138062858615,-0.0502880888206652,0,
2024-11-21,5948.7099609375,4230120000.0,16.8700008392334,2672.10009765625,33.0,88.35359954833984,5098200.0,155.2949981689453,0.0053404615405816,-0.0168997092515968,0.009025053593026,-0.0005338802052564,-0.0037293388032406,5925.94140625,5864.125,15.775714465550012,18.208666706085204,2610.3857421875,2683.116666666667,88.28611755371094,89.10777918497722,155.12085832868303,152.42316691080728,0.1245868573026837,1.0264802893173954,0.1700195803808136,0.0609871750038432,0.0982885096431715,-0.0087713824159846,-0.0417428374910346,-0.0507951212107402,0,
2024-11-22,5969.33984375,4141420000.0,15.239999771118164,2709.89990234375,41.0,88.4102554321289,5373900.0,154.21800231933594,0.0034679590949915,-0.0966212796103989,0.0141461035537759,0.0006412402446385,0.0069351612241735,5923.649972098215,5869.268668619791,15.950000081743513,18.034666728973388,2628.8285784040177,2684.8599934895838,88.32794843401227,89.04594650268555,155.05843026297433,152.60696716308593,0.1238975767566646,1.0593678181330202,0.1700382457166642,0.061041745980613,0.1004233943499581,-0.0053338421164183,-0.0281872324390353,-0.0501864528420534,0,
2024-11-25,5987.3701171875,5633150000.0,14.600000381469728,2616.800048828125,94.0,89.36426544189453,7716000.0,154.14599609375,0.0030204803059383,-0.04199471123755,-0.0343554584562715,0.0107907165871499,0.0004669119331272,5929.107142857143,5873.5193359375,15.991428647722516,17.86466671625773,2635.771449497768,2683.82666015625,88.50741468157086,89.02124964396158,154.8751438685826,152.76736704508463,0.1223961906517332,1.0606373138395424,0.1978760448821231,0.0693857658538462,0.1001260172589749,-0.0023294725755475,-0.0615743056022503,-0.0399372840440365,0,
2024-11-26,6021.6298828125,3835170000.0,14.100000381469728,2620.300048828125,177858.0,89.17535400390625,5093100.0,154.3780059814453,0.0057220056476303,-0.0342465744476691,0.0013375114394267,-0.0021139483109287,-0.0015051308082902,5950.679966517857,5880.39833984375,15.7000002179827,17.64666674931844,2643.571463448661,2682.4566650390625,88.65449523925781,88.9748758951823,154.57657296316964,152.92430063883464,0.1205725047390544,1.0499628964143275,0.1972717674827325,0.0676518110273713,0.1000734434974061,0.0,-0.0603191505009413,-0.0419668070008173,0,
2024-11-27,5998.740234375,3363340000.0,14.100000381469728,2639.89990234375,61653.0,89.53428649902344,5587600.0,153.00900268554688,-0.00380123801744,0.0,0.0074800034921156,0.0040250190103137,0.008867864869708,5965.697126116072,5885.607340494792,15.48857171194894,17.464000097910564,2647.757149832589,2681.319995117188,88.82451520647321,88.93575897216797,154.34014456612724,153.05463409423828,0.1209451255164412,1.0431031764690606,0.1980568866422855,0.0686759449457447,0.1032305994294786,-0.00380123801744,-0.0532903344652142,-0.0381107051864839,0,
2024-11-29,6032.3798828125,2444420000.0,13.510000228881836,2657.0,3861.0,89.912109375,5136200.0,151.1739959716797,0.0056077854888152,-0.0418439813209702,0.0064775553198317,0.0042198680611664,0.0119928022643109,5982.182826450893,5891.97099609375,15.082857404436384,17.27733341852824,2652.028564453125,2680.186661783854,89.02152361188617,88.92492955525717,153.84828622000558,153.10790049235027,0.1216546095347623,1.046647735136654,0.1980925237646651,0.0684169053540001,0.1094709039448392,0.0,-0.0471579702348933,-0.0340516592729224,0,
2024-12-02,6047.14990234375,4412470000.0,13.34000015258789,2634.89990234375,695.0,89.90452575683594,5950600.0,149.8979949951172,0.0024484564662998,-0.0125832770846677,-0.0083176882409672,-8.434479200603029e-05,0.0084406115506898,6000.759974888393,5898.053662109375,14.53714316231864,17.121000067392984,2650.1285574776784,2677.559993489583,89.23634229387555,88.91039505004883,153.1597137451172,153.10116678873698,0.12142216553942,1.0371393554942498,0.1975878922636353,0.0683129999968028,0.1119522320180271,0.0,-0.0550834131813699,-0.0341331319848096,0,
2024-12-03,6049.8798828125,4095000000.0,13.300000190734863,2644.699951171875,1062.0,89.6487045288086,5364800.0,149.50799560546875,0.0004514491145146,-0.0029984978557341,0.0037193249046796,-0.002845476641735,0.0026017652181481,6015.212820870535,5904.583658854167,14.02714306967599,16.952000045776366,2646.214250837053,2674.946655273437,89.42135729108539,88.91056009928386,152.33299909319197,153.0980997721354,0.1211331486887978,1.034175924263909,0.1976383504951259,0.0650082962490784,0.1117846668306577,0.0,-0.0515689613871705,-0.0368814835967727,0,
2024-12-04,6086.490234375,4003390000.0,13.449999809265137,2653.800048828125,249.0,89.98981475830078,5908800.0,149.64700317382812,0.0060514179242647,0.0112781666450476,0.0034408809408483,0.0038049655182978,-0.0009297667846888,6031.948590959822,5912.42666015625,13.771428789411273,16.79366668065389,2638.199986049108,2671.9333251953126,89.64700862339565,88.92492039998372,151.67999921526228,153.06616668701173,0.1218583344036118,1.0357730225410673,0.1963912261569412,0.0658540961166389,0.1100082015464439,0.0,-0.0483055231026985,-0.0332168508518242,0,
2024-12-05,6075.10986328125,4212020000.0,13.539999961853027,2626.60009765625,573.0,89.9803237915039,5210300.0,150.56700134277344,-0.0018697756269248,0.0066914612538429,-0.0102494350257797,-0.0001054671222778,-0.0061477887925136,6044.482840401785,5921.682991536459,13.620000158037458,16.603666687011717,2639.599993024553,2669.0066650390627,89.73501695905414,88.94586970011393,151.16871425083704,153.04713338216146,0.1181492970187078,1.018414182750244,0.196134081408541,0.065440781449632,0.1110315910524488,-0.0018697756269247,-0.0580598538080509,-0.0333188146884316,0,
2024-12-06,6090.27001953125,3924830000.0,12.770000457763672,2638.60009765625,571.0,90.26456451416016,6880200.0,150.20700073242188,0.0024954538421815,-0.0568685012007914,0.004568643704349,0.0031589208693543,0.0023909661953883,6054.28857421875,5931.029996744792,13.430000168936592,16.393333371480306,2642.214285714286,2665.796671549479,89.89061846051898,88.96970240275066,150.57285635811942,152.96173350016275,0.1181680003522773,1.027566285029101,0.1951891481792226,0.0657450757792557,0.1062633688309562,0.0,-0.0537564648892773,-0.0302651453181386,0,
2024-12-09,6052.85009765625,4556460000.0,14.1899995803833,2664.89990234375,935.0,89.951904296875,4303100.0,150.02999877929688,-0.0061442139272964,0.1111980479026784,0.0099673325680769,-0.0034638201487817,0.0011783868412386,6062.0185546875,5939.187662760417,13.44285719735282,16.188666693369548,2645.785714285714,2663.2633382161457,89.95027814592633,88.98970438639323,150.14728437151228,152.9032999674479,0.1201810584966127,1.0650539491099822,0.1976211623609141,0.0662556687048599,0.1048027920449475,-0.0061442139272964,-0.044324940884436,-0.0336241324467616,0,
2024-12-10,6034.91015625,4048410000.0,14.18000030517578,2697.60009765625,437.0,89.79082489013672,3543400.0,151.4080047607422,-0.0029638833139443,-0.0007046705780981,0.012270703032313,-0.0017907281451947,-0.0091848696437866,6062.380022321428,5946.234000651041,13.53857149396624,16.001333395640057,2651.585728236608,2661.7533447265623,89.93295179094586,89.01124267578125,150.1807141985212,152.85183359781902,0.1207751946348568,1.064200457778708,0.2012263666963954,0.0660965989769884,0.105877569027306,-0.0090898865081044,-0.0325981360386408,-0.0353546489116262,0,
2024-12-11,6084.18994140625,4269950000.0,13.579999923706056,2733.800048828125,3387.0,89.5255355834961,6452800.0,151.8070068359375,0.0081657860482335,-0.0423131430576005,0.0134193171194376,-0.002954525776606,-0.0026352772815798,6067.671456473215,5954.60966796875,13.572857175554548,15.80933338801066,2665.7143205915177,2660.600016276041,89.87881033761161,89.02268244425456,150.45343017578125,152.80610046386718,0.1224435087553644,1.0678730500531577,0.2033102138804486,0.066741157057982,0.1061000335826651,-0.0009983265282986,-0.0196162636442083,-0.0382047184666999,0,
2024-12-12,6051.25,3678010000.0,13.920000076293944,2687.5,2365.0,89.18443298339844,4518000.0,152.2449951171875,-0.0054140225278102,0.0250368302281329,-0.01693615041377,-0.0038101151573622,-0.0028851651210233,6067.8671875,5962.52900390625,13.661428587777277,15.595000044504802,2671.82861328125,2657.233349609375,89.81248583112445,89.02714589436849,150.84443010602678,152.77180023193358,0.1233041725557697,1.0570754134016471,0.207502468209632,0.0675685340975826,0.1064691415131177,-0.0064069440937945,-0.0362201900663439,-0.0418692692471495,0,
2024-12-13,6051.08984375,3584960000.0,13.8100004196167,2656.0,1125.0,88.767578125,5230100.0,152.58700561523438,-2.646663912420077e-05,-0.0079022741432721,-0.0117209302325581,-0.0046740764554283,-0.0022464482184365,6062.809988839285,5974.050325520833,13.712857246398926,15.28333339691162,2672.142892020089,2654.4900146484374,89.63788059779576,89.01928329467773,151.2644304547991,152.75123392740886,0.1079436300422532,0.9590336032675978,0.2038344177453541,0.068936077632541,0.1067011204505972,-0.0064332411626415,-0.0475165859781244,-0.0463476455369838,0,
2024-12-16,6074.080078125,4391100000.0,14.6899995803833,2651.39990234375,877.0,88.7959976196289,4607600.0,153.4530029296875,0.0037993543260221,0.0637218779165704,-0.0017319644790098,0.000320156246562,-0.0056754329175108,6062.662876674107,5985.55966796875,13.877142906188965,15.043666744232178,2675.685721261161,2651.5833414713543,89.46869114467076,89.02993723551432,151.67671639578683,152.80033416748046,0.1078972202157116,0.977713236046134,0.2038221914925664,0.0666757067587616,0.1052760610210659,-0.002658328999261,-0.0491662534180563,-0.0460423277786538,0,
2024-12-17,6050.60986328125,4544500000.0,15.869999885559082,2644.39990234375,705.0,88.7959976196289,4881100.0,154.08599853515625,-0.0038639949658014,0.0803267759620312,-0.0026401147536485,0.0,-0.0041250128272745,6056.997140066965,5996.823665364584,14.319999967302596,14.840000089009605,2676.5142647879466,2648.5266682942706,89.25889587402344,89.02484868367513,152.2308589390346,152.86030069986978,0.1083449043287114,1.0124253364084068,0.2038774193335801,0.064820877956239,0.1057432134267109,-0.0065120521951919,-0.0516765636206741,-0.0460423277786538,0,
2024-12-18,5872.16015625,5246960000.0,27.6200008392334,2636.5,566.0,88.10968017578125,11553900.0,153.57200622558594,-0.0294928463516034,0.7403907396600702,-0.0029874083480143,-0.0077291484103552,0.0033357496103257,6031.184291294643,5999.803678385417,16.238571575709752,15.07766679128011,2672.457135881697,2645.0666666666666,88.99572099958148,88.99530843098958,152.73686000279017,152.90350087483725,0.1374500612379591,2.3837765170522363,0.2037994605065259,0.0684951617885257,0.1062949224293351,-0.0358128395919689,-0.0545095929711314,-0.0534156082044496,1,"Gold daily return was -0.30%, used to evaluate commodity safe-haven behavior. || Market stress day identified on 2024-12-18 based on the project's is_stress flag. || S&P 500 daily return was -2.95%, representing equity market pressure. || US Treasury bond ETF IEF daily return was -0.77%, used to evaluate bond safe-haven behavior. || VIX closed at 27.62, showing elevated market fear and volatility."
2024-12-19,5867.080078125,4896880000.0,24.09000015258789,2592.199951171875,238.0,87.71041870117188,9273800.0,154.67300415039062,-0.000865112324907,-0.1278059587033482,-0.0168025976969941,-0.0045314144122738,-0.0071692618457259,6007.208565848215,5997.738346354166,17.654285839625768,15.338333447774252,2657.399972098214,2642.553328450521,88.69852011544364,88.98299992879232,153.20328848702567,153.01143442789714,0.1157130902311041,2.3300815017809726,0.1950587326082991,0.0630230988605776,0.1066134795915202,-0.036646969787955,-0.0703962879068047,-0.0577049743598654,0,
2024-12-20,5930.85009765625,8223220000.0,18.36000061035156,2628.699951171875,592.0,88.03363037109375,6070900.0,157.6439971923828,0.0108691237689104,-0.2378580118697417,0.0140807039146417,0.0036849860564804,-0.0192082196780987,5985.302873883928,5996.330013020834,18.337143080575125,15.443666807810466,2642.385672433036,2640.229996744792,88.48539079938617,88.95785140991211,154.03714425223214,153.12223409016926,0.1181193009785327,2.4365782325986363,0.1965944020755931,0.0592643784362552,0.1068487878462379,-0.0261761664694252,-0.0573068132788685,-0.0542326303292907,0,
2024-12-23,5974.06982421875,3593280000.0,16.780000686645508,2612.300048828125,451.0,87.64388275146484,5954500.0,156.5330047607422,0.0072872734685336,-0.0860566378639023,-0.0062387882407191,-0.0044272582873837,0.0070474769190532,5974.277134486607,5995.614339192708,18.745714596339635,15.505000178019204,2631.642822265625,2637.7233317057294,88.26531219482422,88.9134147644043,154.64971705845423,153.23400115966797,0.1195835700687882,2.452627303395033,0.1970124917658953,0.0599931662799994,0.1066286689292062,-0.0190796458843123,-0.0631880764467903,-0.0584197867546025,0,
2024-12-24,6040.0400390625,1757720000.0,14.270000457763672,2620.0,35.0,87.69141387939453,3076100.0,157.1649932861328,0.0110427592553921,-0.149582844229526,0.0029475753274701,0.0005423211117252,-0.0040374138754737,5972.698590959822,5996.90400390625,18.81142888750349,15.481666851043702,2626.499965122768,2638.016666666667,88.111574445452,88.87874832153321,155.303715297154,153.37603403727215,0.1238482808834532,2.497341069295491,0.1790947266978587,0.0596729402105985,0.1067602685090717,-0.0082475785650988,-0.060426752734445,-0.0579091479265768,0,
2024-12-26,6037.58984375,2904530000.0,14.729999542236328,2638.800048828125,84.0,87.75794982910156,3703300.0,157.13299560546875,-0.0004056587864739,0.032235393813347,0.0071755911557729,0.000758751019781,0.0002035929248302,5967.485700334822,5998.690657552083,18.817143167768204,15.482333501180014,2624.699986049108,2639.3100016276044,87.9632819039481,88.86487579345703,155.82942853655135,153.4978006998698,0.1235102478261593,2.4971528407352737,0.1796933978173802,0.0570611821410812,0.1064659508837544,-0.0086498916488606,-0.0536847592511655,-0.0571943355318397,0,
2024-12-27,5970.83984375,3159610000.0,15.949999809265137,2617.199951171875,642.0,87.52982330322266,3752500.0,157.7480010986328,-0.0110557361012355,0.0828241890660361,-0.0081855757376699,-0.002599496983728,-0.0039139169389237,5956.089983258928,5998.205989583334,18.828571728297643,15.546666812896728,2620.814278738839,2640.523331705729,87.78239985874721,88.8452885945638,156.35257175990515,153.60090077718098,0.1278422951388776,2.500060955507155,0.1800156846642198,0.0574878015573665,0.1049150823701009,-0.0196099968307221,-0.0614308943260265,-0.0596451560128664,0,
2024-12-30,5906.93994140625,3433250000.0,17.399999618530273,2606.10009765625,794.0,88.04313659667969,4797700.0,157.8730010986328,-0.0107019957017667,0.0909090800379102,-0.0042411178827413,0.0058644388173707,-0.0007924030677373,5961.058523995535,5996.798323567708,17.368571553911483,15.649666786193848,2616.471435546875,2641.786669921875,87.77289363316127,88.84312642415365,156.96699959891183,153.68236745198567,0.1304246940915492,2.510036602949024,0.1798577197575925,0.0601311649628291,0.1041139852528615,-0.0301021264306948,-0.065411476544289,-0.0541305025636855,0,
2024-12-31,5881.6298828125,3128350000.0,17.350000381469727,2629.199951171875,401.0,87.88153839111328,5856000.0,156.9949951171875,-0.0042848003949274,-0.0028735194342935,0.0088637629599874,-0.0018354435315801,0.0055614701395128,5963.137067522322,5997.165315755208,16.405714443751744,15.69000015258789,2621.757149832589,2643.9033365885416,87.7973393031529,88.83431803385416,157.2987125941685,153.69993387858074,0.125155549980164,2.487908529871485,0.1813864948713347,0.0603428051448217,0.1038839849692091,-0.0342579452224038,-0.057127505407253,-0.055866592614474,0,
2025-01-02,5868.5498046875,3621680000.0,17.93000030517578,2658.89990234375,1728.0,87.92906951904297,5034800.0,157.718994140625,-0.0022238866412221,0.0334293896803317,0.0112961934137558,0.0005408545275817,-0.0046116057578591,5954.237025669643,5996.329638671875,16.344285828726633,15.76833349863688,2626.0714285714284,2645.513330078125,87.78240203857422,88.82048212687174,157.3094264439174,153.80176696777343,0.1247897639133236,2.484711694795533,0.1772914235091982,0.0599681546569213,0.098533573976571,-0.0364056460768902,-0.0464766353438228,-0.0553559537864483,0,
2025-01-03,5942.47021484375,3667340000.0,16.1299991607666,2645.0,591.0,87.78646087646484,2863700.0,157.36199951171875,0.0125960267214919,-0.1003904692566893,-0.0052276892151892,-0.0016218600214714,0.0022634853262375,5949.722795758928,5997.179313151041,16.25142846788679,15.761000124613444,2630.742850167411,2646.1099934895838,87.80277034214565,88.79559580485027,157.42785426548548,153.893266805013,0.1296529216638647,2.503978274740442,0.1772536201551899,0.059710997203506,0.0988651391639609,-0.0242681858461959,-0.0514613591536668,-0.0568880341995232,0,
2025-01-06,5975.3798828125,4940120000.0,16.040000915527344,2638.39990234375,960.0,87.70092010498047,3894600.0,157.4810028076172,0.0055380450854503,-0.0055795567217488,-0.0024953110231569,-0.0009744187273337,-0.000756239093731,5940.485630580357,5999.121647135416,16.504285676138743,15.723666826883951,2633.371407645089,2645.7833251953125,87.80412837437221,88.7722666422526,157.4729984828404,153.98536682128906,0.1305784060639864,2.501305533662463,0.1758773351356804,0.05963782586664,0.0988660224337247,-0.018864539068104,-0.0538282580800609,-0.0578070201609717,0,
2025-01-07,5909.02978515625,4517330000.0,17.81999969482422,2656.699951171875,643.0,87.3016586303711,5524400.0,157.7429962158203,-0.0111039128821078,0.1109724861408061,0.0069360405948577,-0.0045525346157309,-0.0016636508755483,5922.119907924107,5997.798974609375,16.945714269365585,15.755333455403646,2635.928536551339,2645.269986979167,87.73894391741071,88.73720194498698,157.56014142717635,154.06696675618488,0.1337862396436213,2.5180450831977743,0.175041475396407,0.0609227972930025,0.0984799945743388,-0.0297589817518385,-0.0472655724683969,-0.0620963863163875,0,
2025-01-08,5918.25,4441740000.0,17.700000762939453,2664.5,999.0,87.4537582397461,6402900.0,158.23599243164062,0.0015603601909253,-0.0067339469102022,0.0029359916330349,0.0017422304657346,-0.0031253128674302,5914.607073102678,5996.095979817708,17.19571440560477,15.837333488464356,2642.6856863839284,2643.756656901042,87.7280774797712,88.70531870524088,157.6298544747489,154.20089975992838,0.1334470089335037,2.497946178069634,0.1700385868571685,0.0611681387270426,0.0961327412147811,-0.0282450562913612,-0.0444683521606598,-0.0604623420667053,0,
2025-01-10,5827.0400390625,4751930000.0,19.540000915527344,2708.5,403.0,86.81685638427734,8210900.0,158.04800415039062,-0.0154116438030668,0.1039548063998117,0.0165134171514356,-0.0072827271038797,0.0011880247872886,5903.192801339285,5990.751643880209,17.501428876604354,16.00200017293294,2657.314243861608,2646.8133219401043,87.55289459228516,88.62040506998697,157.65485491071428,154.33096669514973,0.1400486690368111,2.505141153296283,0.1439622829238846,0.0546293718330085,0.0962428924350948,-0.043221397347668,-0.0286892594584902,-0.0673047384332518,1,"Gold daily return was 1.65%, used to evaluate commodity safe-haven behavior. || Market stress day identified on 2025-01-10 based on the project's is_stress flag. || S&P 500 daily return was -1.54%, representing equity market pressure. || US Treasury bond ETF IEF daily return was -0.73%, used to evaluate bond safe-haven behavior. || VIX closed at 19.54, showing elevated market fear and volatility."
2025-01-13,5836.22021484375,4421200000.0,19.190000534057617,2673.5,765.0,86.66478729248047,5094300.0,157.88699340820312,0.0015754440882007,-0.0179119941182602,-0.0129222817057411,-0.0017516079034671,0.0010187458111415,5896.705705915178,5984.571321614583,17.764286041259766,16.171666844685873,2663.642822265625,2648.5866536458334,87.37907300676618,88.53671951293946,157.78228323800224,154.44793294270832,0.138864196822098,2.5025576762988067,0.1496538900124576,0.0545728012978845,0.0963718077609181,-0.0417140461544024,-0.0412408104715797,-0.0689384548249385,0,
2025-01-14,5842.91015625,4142280000.0,18.709999084472656,2677.5,794.0,86.69329833984375,4365500.0,157.36399841308594,0.001146279811244,-0.0250131024609965,0.0014961660744343,0.0003289807573987,0.0033124640847712,5893.042898995535,5979.376985677083,17.875714438302175,16.325333468119304,2666.299979073661,2649.839990234375,87.20253426688058,88.44201990763347,157.73156956263952,154.59309946695964,0.1387386732179451,2.505322864110357,0.1483015382178017,0.0526654188718122,0.0928251648152355,-0.0406155823121104,-0.0398063474986551,-0.068632153492622,0,
2025-01-15,5949.91015625,4544570000.0,16.1200008392334,2712.5,930.0,87.60588073730469,7846600.0,158.0500030517578,0.0183127922796391,-0.1384285607682731,0.0130718954248365,0.010526562201885,-0.0043593493148992,5894.105747767857,5976.627994791666,17.874286106654576,16.412333488464355,2675.9428362165177,2651.689990234375,87.17673710414341,88.36514561971029,157.8298557826451,154.82229970296223,0.1484182279210231,2.5410665191471846,0.1517962670549002,0.0607242581945259,0.0847568483655446,-0.0230465747546695,-0.0272547964855657,-0.0588280519235264,0,
2025-01-16,5937.33984375,4285810000.0,16.600000381469727,2746.39990234375,1721.0,87.81498718261719,7550900.0,156.2550048828125,-0.0021126894641922,0.0297766449904945,0.0124976598502304,0.0023868996413554,0.0113571536493896,5888.671456473215,5972.967659505209,17.95428603036063,16.521000162760416,2691.371407645089,2655.406656901041,87.19303240094867,88.295494333903,157.6547132219587,155.0342000325521,0.1482418268782784,2.539933267923846,0.1529944598806903,0.061416549749759,0.0880846892804194,-0.0251105739631919,-0.0150977578110991,-0.0565815689382089,0,
2025-01-17,5996.66015625,4366830000.0,15.970000267028809,2744.300048828125,1214.0,87.88153839111328,3912800.0,155.3560028076172,0.0099910589693537,-0.0379518132508102,-0.0007645840337501,0.0007578570655335,0.0057534289917275,5901.190080915178,5971.193668619791,17.69000039781843,16.61000016530355,2703.885707310268,2658.72666015625,87.27587236676898,88.23658879597981,157.31371416364397,155.22913360595703,0.1513576580049997,2.5443559817248302,0.1529626968340645,0.0612493388186888,0.0897861657124225,-0.0153703962190587,-0.0158507983402815,-0.055866592614474,0,
2025-01-21,6049.240234375,4702920000.0,15.0600004196167,2755.0,1439.0,88.17621612548828,4431300.0,155.24899291992188,0.0087682271055828,-0.0569818304443531,0.003898972773201,0.0033531244419453,0.0006888043317375,5919.902971540178,5969.952001953125,17.312857491629465,16.663666852315266,2716.814278738839,2662.099991861979,87.37908063616071,88.1761355082194,156.88699994768416,155.41586659749348,0.1525407677271935,2.553123481638403,0.1530247342260111,0.0609767507444376,0.0899657786502502,-0.0067369402382273,-0.0120136273982427,-0.0527007958097125,0,
2025-01-22,6086.3701171875,4323040000.0,15.100000381469728,2767.60009765625,2079.0,87.94808959960938,3656400.0,155.7740020751953,0.0061379415222275,0.0026560398896753,0.0045735381692377,-0.002587166198584,-0.0033817234199016,5956.950125558035,5970.32734375,16.678571701049805,16.71566686630249,2725.257149832589,2666.7999918619794,87.54068538120815,88.10839436848958,156.56214250837053,155.5894332885742,0.1535231003646463,2.553246303952996,0.1492939656836407,0.0612004447980851,0.0890069787125805,-0.0006403496612207,-0.0074950340124618,-0.0551516162907392,0,
2025-01-23,6118.7099609375,4432250000.0,15.020000457763672,2763.10009765625,2201.0,87.71993255615234,4860900.0,156.44000244140625,0.0053134862204113,-0.005298008058611,-0.0016259574509376,-0.0025942239848043,-0.0042754269476201,5997.305803571428,5971.275341796875,16.082857404436385,16.79066686630249,2738.0571637834823,2670.949991861979,87.69142041887555,88.02357330322266,156.35542951311385,155.79720001220704,0.1541201371626304,2.5452493190120844,0.1493706411839407,0.0602684524842168,0.0887998197132151,0.0,-0.0091088048570019,-0.0576027646297614,0,
2025-01-24,6101.240234375,4214250000.0,14.850000381469728,2777.300048828125,1593.0,87.90054321289062,4468700.0,156.15499877929688,-0.0028551323193988,-0.0113182470780865,0.0051391374434535,0.0020589465982849,0.0018218080903963,6034.210100446428,5972.888346354167,15.531429018293109,16.81266689300537,2752.314313616072,2674.6966634114583,87.86388397216797,87.95519460042318,156.1827152797154,156.0013666788737,0.1532356927717135,2.529846166314761,0.1476607125819633,0.0603888082092755,0.0889797519940583,-0.0028551323193987,-0.0040164788136542,-0.0556624190477626,0,
2025-01-27,6012.27978515625,5198750000.0,17.899999618530273,2737.5,984.0,88.47088623046875,4297100.0,155.74400329589844,-0.0145807156908095,0.2053871487347855,-0.0143304821691551,0.0064885039014694,0.0026319713528948,6043.120047433035,5972.134000651042,15.785714558192662,16.936666870117186,2755.8857421875,2676.02666015625,87.98745618547711,87.91119664510092,155.85328674316406,156.1458999633789,0.1589839176079385,2.591200235124783,0.1507689284633608,0.0638320141347129,0.0864943924912435,-0.0173942181375995,-0.0182894029047875,-0.0495350809694498,0,
2025-01-28,6067.7001953125,4473640000.0,16.40999984741211,2766.800048828125,2307.0,88.48040771484375,3906600.0,154.90899658203125,0.0092178694499676,-0.0832402124509377,0.0107032141837899,0.000107622798648,0.0053614052303558,6061.742954799107,5971.584342447916,15.75857162475586,17.03100020090739,2758.800048828125,2677.12666015625,88.08251626150948,87.87635904947916,155.66099984305245,156.24929962158205,0.1594863303946417,2.602177376981855,0.1489461668522966,0.0634184944153511,0.088232889543442,-0.0083366863196085,-0.0077819441175811,-0.0494327892748469,0,
2025-01-29,6039.31005859375,4115310000.0,16.559999465942383,2769.10009765625,125692.0,88.3758316040039,4918400.0,155.5590057373047,-0.0046788957603215,0.0091407446633176,0.0008313028724642,-0.0011819126238304,-0.0041960710456814,6067.835797991072,5971.186344401041,15.842857224600657,17.119000180562338,2762.3429129464284,2679.8466634114584,88.15312957763672,87.84940567016602,155.69000026157923,156.3597666422526,0.1592852431230155,2.6021421344639406,0.139536257363798,0.0626372031412017,0.0885974269840013,-0.0129765755936541,-0.0069571103976152,-0.0505562766610023,0,
2025-01-30,6071.169921875,4634620000.0,15.84000015258789,2823.0,40141.0,88.5659408569336,4365600.0,155.1699981689453,0.0052754144053117,-0.0434782208076308,0.0194647721075054,0.0021511452789664,0.002500707474412,6070.968610491072,5971.855680338542,15.954285757882255,17.186666838328044,2772.057198660714,2685.413330078125,88.20880453927177,87.84268442789714,155.678715297154,156.44586639404298,0.1600219736911844,2.6070390196126803,0.1439663180827687,0.0616068902925959,0.0889603532993012,-0.0077696180021607,0.0,-0.0485138852778973,0,
2025-01-31,6040.52978515625,4843770000.0,16.43000030517578,2812.5,3443.0,88.42337036132812,6277400.0,154.0970001220703,-0.0050468257540199,0.0372474840217409,-0.0037194473963868,-0.0016097666238963,0.006914983950098,6064.419991629465,5970.737337239583,16.14428574698312,17.244666862487794,2778.471470424108,2690.7833333333333,88.27670179094586,87.83026351928712,155.43914358956474,156.4673329671224,0.1603272545079662,2.60386458295707,0.144537045442965,0.0617548285320433,0.0901633106034355,-0.0127772318479484,-0.0037194473963868,-0.0500455558684777,0,
2025-02-03,5994.56982421875,4797210000.0,18.6200008392334,2833.89990234375,2649.0,88.4863052368164,8294000.0,155.36300659179688,-0.0076085976846667,0.1332927871807601,0.0076088541666665,0.0007117448162301,-0.0082156464351912,6046.685686383928,5968.8693359375,16.65857151576451,17.336333560943604,2788.585728236608,2697.1,88.3861836024693,87.81994043986002,155.28528703962053,156.50989990234376,0.1614474768737789,2.6200470294582425,0.1447251032794238,0.0618025690055237,0.09247815736891,-0.0202886127159603,0.0,-0.0493694307172123,0,
2025-02-04,6037.8798828125,4410160000.0,17.209999084472656,2853.300048828125,2187.0,88.70561981201172,6742300.0,155.27699279785156,0.0072248818286797,-0.0757251176804346,0.0068457416115264,0.002478514326125,0.0005536311109844,6037.634207589285,5974.393326822917,16.99571418762207,16.98933350245158,2799.44287109375,2704.326668294271,88.50119454520089,87.83980509440104,155.15985761369978,156.56673278808594,0.1368784068270228,1.4774912929985398,0.1443795956469978,0.0578186838605755,0.0918795131908257,-0.0132103137166212,0.0,-0.0470132792323926,0,
2025-02-05,6061.47998046875,4756250000.0,15.770000457763672,2871.60009765625,4519.0,89.22058868408203,6576300.0,154.13299560546875,0.0039086729306143,-0.0836722082111085,0.006413643330515,0.0058053691881263,0.0073674610241334,6044.662806919643,5980.873323567708,16.691428593226842,16.712000179290772,2818.600027901786,2713.6400065104167,88.60829489571708,87.89014409383138,154.9297136579241,156.5487325032552,0.1370232453770061,1.4525894335731646,0.1323371426126348,0.0581804195534838,0.0922103312126053,-0.009353275581636,0.0,-0.0414808394869547,0,
2025-02-06,6083.56982421875,4847120000.0,15.5,2856.0,3116.0,89.11569213867188,5268500.0,152.6060028076172,0.0036442987226186,-0.0171211445736356,-0.0054325453147123,-0.0011756988712726,0.0099069819012677,6046.929896763393,5985.963981119791,16.56142861502511,16.616666825612388,2831.342878069197,2721.2166748046875,88.6990498134068,87.92621281941732,154.6007145472935,156.38079935709635,0.1341272081721339,1.28246073639903,0.1307933097731097,0.0576260545737723,0.0765063407695628,-0.0057430629892719,-0.0054325453147123,-0.042607769382063,0,
2025-02-07,6025.990234375,4766900000.0,16.540000915527344,2867.300048828125,1822.0,88.820068359375,4565300.0,151.1929931640625,-0.0094647701115428,0.0670968332598287,0.0039565997297357,-0.0033173032964481,0.0092592009328492,6045.027064732143,5987.694661458333,16.558571679251536,16.60866683324178,2845.3714425223216,2729.7166748046875,88.76251220703125,87.96541900634766,153.97699846540178,156.20279897054036,0.1359510343588722,1.2725486663962615,0.1279776864828427,0.0569010409633233,0.078256261788709,-0.0151534763298853,-0.0014974399923006,-0.0457837297846858,0,
2025-02-10,6066.43994140625,4458760000.0,15.8100004196167,2914.300048828125,2237.0,88.80101013183594,3229100.0,151.8459930419922,0.0067125410858628,-0.0441354568019,0.0163917271299209,-0.0002145711874702,-0.0043189824095954,6044.351353236607,5988.574658203125,16.554286003112793,16.660000165303547,2858.414306640625,2739.526676432292,88.7960935320173,88.00240554809571,153.50214059012276,156.02549896240234,0.1335422515718959,1.1974612062438974,0.1336091041375982,0.0569327228317876,0.0784223580818574,-0.0085426535764805,0.0,-0.0459884771028893,0,
2025-02-11,6068.5,4324880000.0,16.020000457763672,2912.5,2554.0,88.5721206665039,3379500.0,151.75900268554688,0.0003395827888592,0.0132827345081161,-0.0006176607754746,-0.002577554748445,0.0005728854262309,6048.347098214285,5989.604996744792,16.495714596339635,16.703000195821126,2872.700020926339,2748.650008138021,88.81734357561383,88.02954457600912,153.1681409563337,155.84636586507162,0.1335313371794957,1.1951246077674071,0.1337003688133313,0.0575804461304816,0.0783915360808171,-0.008205971725747,-0.0006176607754746,-0.0484474940338041,0,
2025-02-12,6051.97021484375,4627960000.0,15.890000343322754,2909.0,2504.0,87.96182250976562,7280200.0,152.73899841308594,-0.0027238667143857,-0.0081148633412128,-0.0012017167381974,-0.0068904092184515,-0.0064575788598826,6056.547154017857,5992.309342447917,16.105714525495255,16.701000213623047,2883.4286063058034,2758.376676432292,88.74241747174945,88.04394454956055,152.79328264508928,155.6793991088867,0.129550176321412,1.17283243817288,0.1299534178386474,0.0607243990257441,0.0801456936093035,-0.0109074864668898,-0.0018186352603796,-0.0550040801927542,0,
2025-02-13,6115.06982421875,4763800000.0,15.100000381469728,2925.89990234375,4670.0,88.61980438232422,6121900.0,154.2550048828125,0.0104262921222306,-0.0497167995458852,0.005809522978257,0.0074803119556277,-0.0099254708062606,6067.574288504465,5999.247005208334,15.804286139351982,16.624333572387695,2893.8000139508927,2769.036669921875,88.73015812465123,88.06316680908203,152.64728437151228,155.55879923502604,0.1281650293519806,1.151274404363922,0.127958686071631,0.0622034377268518,0.0861304397956593,-0.0005949189848822,0.0,-0.0479352159158008,0,
2025-02-14,6114.6298828125,4335190000.0,14.770000457763672,2883.60009765625,1992.0,88.99172973632812,5157900.0,152.98899841308594,-7.194380749464546e-05,-0.0218542990310797,-0.0144570238556747,0.00419686498516,0.0082072310761543,6075.167131696428,6007.013671875,15.661428996494838,16.538333574930828,2895.5142996651784,2777.516674804688,88.69746398925781,88.10017318725586,152.48385620117188,155.42526601155598,0.1271800822328747,1.1526774381044862,0.1375820598925826,0.0629199215921711,0.0877388868779635,-0.00066681999164,-0.0144570238556747,-0.0439395285598739,0,
2025-02-18,6129.580078125,4684980000.0,15.350000381469728,2931.60009765625,4010.0,88.51492309570312,4484100.0,151.44400024414062,0.0024449877750611,0.0392687817014376,0.0166458587787583,-0.0053578758614729,0.0100987534069192,6081.740025111607,6015.714680989583,15.640000479561945,16.452333577473958,2906.314313616072,2786.606681315104,88.61163984026227,88.1197016398112,152.31785583496094,155.21609954833986,0.1267665740511203,1.1543988240997154,0.1411716095803551,0.0651109299662313,0.0901135111481698,0.0,0.0,-0.0490619818819114,0,
2025-02-19,6144.14990234375,4562330000.0,15.270000457763672,2919.39990234375,2630.0,88.65794372558594,4607000.0,151.93099975585938,0.0023769693899173,-0.0052117212845564,-0.0041616164913672,0.0016157798581395,-0.0032157068681073,6098.619977678572,6022.437337239583,15.45857184273856,16.423666954040527,2913.757149832589,2795.7533447265623,88.58847917829242,88.14875106811523,152.42328534807478,155.03506622314453,0.122365052314785,1.11674336484264,0.1406449778984245,0.0649870164181134,0.0910185785203515,0.0,-0.0041616164913672,-0.047525475385897,0,
2025-02-20,6117.52001953125,4813690000.0,15.65999984741211,2940.0,656.0,88.83914947509766,7545400.0,151.22000122070312,-0.0043341850761716,0.0255402343128385,0.0070562781206204,0.0020438749411173,0.0046797463078552,6105.917131696428,6027.175341796875,15.437143189566475,16.41100025177002,2917.428571428572,2805.806681315104,88.59392765590123,88.18669204711914,152.3338579450335,154.82636617024738,0.1226279541741415,1.1189146449196696,0.1399277692274004,0.0650463168098992,0.0913899320364719,-0.0043341850761716,0.0,-0.0455787365729856,0,
2025-02-21,6013.1298828125,5434560000.0,18.209999084472656,2937.60009765625,570.0,89.3636245727539,6156500.0,149.4080047607422,-0.0170641267025635,0.1628352019097845,-0.0008162933142006,0.0059036483437211,0.0119825184852125,6098.007114955357,6030.645345052083,15.750000136239189,16.424000231424966,2921.0142996651784,2815.17001953125,88.70699964250836,88.25542424519857,151.9980010986328,154.54853312174478,0.1287260787329987,1.1718422417741043,0.1401504071656394,0.0651346145141452,0.0959432359231319,-0.021324352695443,-0.0008162933142006,-0.0399441690619425,1,"Gold daily return was -0.08%, used to evaluate commodity safe-haven behavior. || Market stress day identified on 2025-02-21 based on the project's is_stress flag. || S&P 500 daily return was -1.71%, representing equity market pressure. || US Treasury bond ETF IEF daily return was 0.59%, used to evaluate bond safe-haven behavior. || VIX closed at 18.21, showing elevated market fear and volatility."
2025-02-24,5983.25,4990120000.0,18.979999542236328,2947.89990234375,415.0,89.55435180664062,4109500.0,149.38699340820312,-0.0049691065044024,0.042284486352349,0.0035061970129008,0.0021342826546997,0.0001406307016328,6088.18994140625,6032.81201171875,16.191428593226842,16.46666685740153,2926.5714285714284,2824.6166829427084,88.93450382777623,88.32544403076172,151.5191432407924,154.2535664876302,0.1296963828254239,1.1768136578170216,0.1401439761620287,0.0651944828928235,0.0949510253131208,-0.0261874962201643,0.0,-0.0378951385544282,0,
2025-02-25,5955.25,5374690000.0,19.43000030517578,2904.5,1854.0,90.2600326538086,7697100.0,149.86399841308594,-0.0046797309154723,0.0237092083136283,-0.0147223120802861,0.0078799168653649,-0.0031930825703103,6065.358537946428,6037.085677083333,16.810000010899135,16.46300017038981,2923.5142996651784,2831.1500162760417,89.16882215227399,88.44021657307943,150.89185660226005,153.98076629638672,0.1218203162808908,1.1405344341119248,0.1439585446345725,0.0636529143742877,0.0960784487384159,-0.0307446766999763,-0.0147223120802862,-0.0303138322304736,0,
2025-02-26,5956.06005859375,4869580000.0,19.100000381469727,2916.800048828125,2050.0,90.50796508789062,7379800.0,149.0780029296875,0.0001360242800469,-0.0169840410974233,0.0042348248676622,0.0027468684288314,0.0052447251622895,6042.705705915178,6041.080338541667,17.428571428571427,16.460000165303548,2928.257149832589,2839.260017903646,89.38542720249721,88.5683224995931,150.33314296177454,153.6871332804362,0.121807427730929,1.1403953233288813,0.1365156326106422,0.0631086888857818,0.0965771839726947,-0.0306128344424427,-0.010549833625931,-0.0276502319103531,0,
2025-02-27,5861.56982421875,5057680000.0,21.1299991607666,2883.199951171875,3215.0,90.40308380126952,5907900.0,148.83799743652344,-0.0158645536555098,0.1062826564792283,-0.0115195066832741,-0.0011588072554638,0.0016099323068961,6004.418526785715,6041.702327473959,18.254285539899552,16.540666834513345,2921.342843191964,2846.1166829427084,89.65516444614956,88.69198201497396,149.96085684640067,153.4029332478841,0.1309108400038911,1.1760582751032898,0.1427825933763676,0.063485554172375,0.0964858933958583,-0.0459917291433932,-0.0219478114302438,-0.0287769978764639,1,"Gold daily return was -1.15%, used to evaluate commodity safe-haven behavior. || Market stress day identified on 2025-02-27 based on the project's is_stress flag. || S&P 500 daily return was -1.59%, representing equity market pressure. || US Treasury bond ETF IEF daily return was -0.12%, used to evaluate bond safe-haven behavior. || VIX closed at 21.13, showing elevated market fear and volatility."
2025-02-28,5954.5,6441140000.0,19.6299991607666,2836.800048828125,990.0,90.89895629882812,11831500.0,150.01199340820312,0.0158541446349889,-0.0709891178218854,-0.0160931961464867,0.0054851281251497,-0.007887743666938,5977.32568359375,6041.855322265625,18.8771424974714,16.657666778564455,2909.5428641183034,2850.260017903646,89.97530909946987,88.80175120035807,149.68671308244978,153.13499959309897,0.128108840903247,1.1186214044732312,0.1489231459770473,0.0586919621510801,0.0989650481580219,-0.030866744034257,-0.0376877971423976,-0.0234497152717237,0,
2025-03-03,5849.72021484375,5613850000.0,22.780000686645508,2890.199951171875,423.0,91.2289047241211,9637400.0,150.77099609375,-0.0175967394669998,0.1604687549948877,0.0188239923239599,0.0036298373350764,-0.0050596133569236,5939.068568638393,6038.93466796875,19.894285474504745,16.863666788736978,2902.428571428572,2855.0533528645838,90.3167027064732,88.91554845174154,149.62256949288505,152.95219930013022,0.1378758751542592,1.2009506590060957,0.1540109314329753,0.059013176247718,0.0964792319740425,-0.0479203294482914,-0.019573239622553,-0.0199049965886375,1,"Gold daily return was 1.88%, used to evaluate commodity safe-haven behavior. || Market stress day identified on 2025-03-03 based on the project's is_stress flag. || S&P 500 daily return was -1.76%, representing equity market pressure. || US Treasury bond ETF IEF daily return was 0.36%, used to evaluate bond safe-haven behavior. || VIX closed at 22.78, showing elevated market fear and volatility."
2025-03-04,5778.14990234375,6138110000.0,23.51000022888184,2909.60009765625,885.0,90.9419937133789,12745500.0,149.30499267578125,-0.0122348266022004,0.0320456330216127,0.0067123890430171,-0.0031449573094165,0.0097233782090103,5905.5,6031.650992838541,20.651428495134628,17.115000120798747,2898.428571428572,2860.5633544921875,90.5421840122768,89.01756362915039,149.60785348074776,152.75049896240233,0.1382850821335563,1.192134447490755,0.1544748047322652,0.0603807766264522,0.0987760270829931,-0.0595688591289716,-0.0129922337787146,-0.0229873535335387,0,
2025-03-05,5842.6298828125,5285970000.0,21.93000030517578,2915.300048828125,551.0,90.43511962890624,15590000.0,149.7989959716797,0.0111592778931879,-0.0672054405922566,0.0019590153218878,-0.005573597672272,-0.0033086857113424,5885.411411830357,6024.763981119791,21.07285717555455,17.34400011698405,2893.771449497768,2865.906689453125,90.66800798688617,89.09286041259766,149.66671098981584,152.56883239746094,0.1399464378448021,1.1978944449249314,0.1543695656666839,0.0630334029849707,0.0996680511729873,-0.0490743266885842,-0.0110586704418648,-0.0284328289456645,0,
2025-03-06,5738.52001953125,5165080000.0,24.8700008392334,2916.60009765625,870.0,90.38729095458984,9318900.0,148.8979949951172,-0.0178190070857499,0.1340629499838053,0.0004459399740508,-0.0005288727931433,0.0060147330809402,5854.449986049107,6013.168977864583,21.85000010899135,17.669666798909507,2895.5000348772323,2870.873356119792,90.68618774414062,89.17416712443034,149.5287105015346,152.33963216145833,0.1462332316818369,1.2455187418840767,0.1542194183696312,0.0623362061090665,0.0996586211920946,-0.0660188779993418,-0.0106176619710237,-0.0289466643891464,1,"Gold daily return was 0.04%, used to evaluate commodity safe-haven behavior. || Market stress day identified on 2025-03-06 based on the project's is_stress flag. || S&P 500 daily return was -1.78%, representing equity market pressure. || US Treasury bond ETF IEF daily return was -0.05%, used to evaluate bond safe-haven behavior. || VIX closed at 24.87, showing elevated market fear and volatility."
2025-03-07,5770.2001953125,5705140000.0,23.3700008392334,2904.699951171875,531.0,90.27253723144533,9210200.0,148.10800170898438,0.005520617802748,-0.0603136288453071,-0.0040801433470216,-0.0012695780782076,0.0053056005633838,5827.898577008928,6001.551985677083,22.46000017438616,17.948000144958495,2893.771449497768,2875.5933512369797,90.65255519321988,89.2592539469401,149.39013889857702,152.06189880371093,0.1463234519834846,1.265125840339705,0.1548552068821682,0.0618032766906252,0.0987107520445387,-0.0608627251897944,-0.0146544837351935,-0.0301794924168083,0,
2025-03-10,5614.56005859375,6409370000.0,27.86000061035156,2891.0,55.0,90.90374755859376,7698500.0,147.60800170898438,-0.0269730913054258,0.1921266414154498,-0.0047164772273115,0.0069922741346031,0.0033759148339767,5792.611467633928,5985.329313151042,23.4214289528983,18.38166681925456,2894.8857421875,2879.383349609375,90.72407858712332,89.35936075846354,149.21442522321428,151.7769989013672,0.1633770706899884,1.3584540267433085,0.1555932261806838,0.0641713914607958,0.0988158990295648,-0.0861941606515789,-0.0193018434236899,-0.0233982415664266,1,"Gold daily return was -0.47%, used to evaluate commodity safe-haven behavior. || Market stress day identified on 2025-03-10 based on the project's is_stress flag. || S&P 500 daily return was -2.70%, representing equity market pressure. || US Treasury bond ETF IEF daily return was 0.70%, used to evaluate bond safe-haven behavior. || VIX closed at 27.86, showing elevated market fear and volatility."
2025-03-11,5572.06982421875,6221240000.0,26.920000076293945,2912.89990234375,197.0,90.57855987548828,10408600.0,147.06900024414062,-0.0075678653236531,-0.0337401476476763,0.0075751997038222,-0.0035772747751227,0.0036515734824892,5737.978585379465,5970.655647786459,24.46285765511649,18.68233350118001,2905.757149832589,2885.230013020833,90.67830766950335,89.42961654663085,148.79399762834822,151.48783213297526,0.1601845279640537,1.2546567066716394,0.149188479787453,0.0634930771541872,0.0989296128490867,-0.0931097201757356,-0.0118728590384541,-0.0268918144022115,1,"Gold daily return was 0.76%, used to evaluate commodity safe-haven behavior. || Market stress day identified on 2025-03-11 based on the project's is_stress flag. || S&P 500 daily return was -0.76%, representing equity market pressure. || US Treasury bond ETF IEF daily return was -0.36%, used to evaluate bond safe-haven behavior. || VIX closed at 26.92, showing elevated market fear and volatility."
2025-03-12,5599.2998046875,5219830000.0,24.229999542236328,2939.10009765625,213.0,90.31078338623048,7610300.0,148.04200744628906,0.0048868699294464,-0.0999257253504416,0.0089945402145192,-0.0029562899832574,-0.0066159911370391,5702.204241071428,5955.042301432291,24.670000348772323,18.943000157674152,2912.7428850446427,2890.973347981771,90.54714747837612,89.49062906901041,148.40414210728235,151.2589324951172,0.1579113943285791,1.267061995306718,0.1484139213981557,0.0643949760005455,0.1013383744595585,-0.0886778653379552,-0.0029851097320175,-0.0297686043839202,0,
2025-03-13,5521.52001953125,5018980000.0,24.65999984741211,2984.300048828125,2366.0,90.67420196533205,6902300.0,148.2790069580078,-0.0138909842068353,0.0177466080602366,0.0153788403490984,0.0040240884363424,-0.0016008936639468,5665.542829241072,5937.782633463542,24.83428600856236,19.21300017038981,2923.414306640625,2898.1466796875,90.50889151436942,89.56724141438802,148.257572719029,151.01626586914062,0.1611753139716352,1.2669016675130798,0.1532783840627,0.0648455502656842,0.1003471982189335,-0.1013370267178851,0.0,-0.0258643074442451,0,
2025-03-14,5638.93994140625,4863180000.0,21.770000457763672,2994.5,1800.0,90.3586196899414,4390900.0,147.94900512695312,0.0212658690830878,-0.1171938121464231,0.0034178705240714,-0.0034803976053883,0.0022255465411104,5636.444266183035,5923.374967447917,24.81142888750349,19.410666847229,2934.728585379464,2903.863346354167,90.49796295166016,89.62699737548829,147.99328831263952,150.77556610107422,0.1743747394683347,1.3142576536612505,0.1446998221974955,0.0659195913898427,0.1003283564413616,-0.0822261775782492,0.0,-0.0292546869759394,0,
2025-03-17,5675.1201171875,5031770000.0,20.51000022888184,3000.0,214.0,90.43511962890624,6734000.0,148.59800720214844,0.0064161307191059,-0.0578778228014454,0.0018367006177992,0.0008466258031312,-0.0043866606243037,5627.387137276785,5911.194645182291,24.188571657453263,19.546666844685877,2946.6428571428573,2910.113346354167,90.50479561941964,89.69405568440756,147.95043291364397,150.59226633707684,0.1760200825034465,1.3283810048202562,0.1436812518001485,0.0655627527795136,0.1004411999181432,-0.0763376207630178,0.0,-0.0284328289456645,0,
2025-03-18,5614.66015625,4666270000.0,21.700000762939453,3035.10009765625,428.0,90.54032135009766,8993300.0,149.37899780273438,-0.0106535121176365,0.0580205032071075,0.0117000325520832,0.001163283928004,-0.005255727282557,5605.167131696428,5898.530989583333,23.9500002179827,19.64933350880941,2965.271449497768,2916.82001953125,90.54305049351284,89.7625228881836,148.1320037841797,150.3927993774414,0.1770784718599451,1.2852175462270117,0.1454990172131303,0.0655730211232034,0.0983774868085808,-0.0861778691128239,0.0,-0.0273026204706008,0,
2025-03-19,5675.2900390625,4660090000.0,19.89999961853028,3035.89990234375,175.0,90.81765747070312,5854500.0,149.45199584960938,0.0107984955678945,-0.0829493585771352,0.0002635183887733,0.0030631227774537,-0.0004886767748395,5613.842843191965,5886.444661458333,22.81285721915109,19.739000193277995,2985.971435546875,2922.9066813151044,90.53075190952846,89.8329241434733,148.3954315185547,150.1986328125,0.1790095609597223,1.2894786932827529,0.144973348574309,0.0657268252606305,0.0984915798627422,-0.0763099648825948,0.0,-0.0243231289717947,0,
2025-03-20,5662.89013671875,4678420000.0,19.799999237060547,3040.0,185.0,90.95156860351562,4409100.0,148.49000549316406,-0.0021848931523151,-0.0050251448938026,0.0013505378267197,0.001474505471094,0.0064367849420582,5626.817173549107,5873.158333333334,21.79571424211775,19.873333485921226,3004.128592354911,2928.520011393229,90.58403887067524,89.8906234741211,148.59843226841517,150.01053314208986,0.1781306427215384,1.2607591549894457,0.1444088872819546,0.0640335555871728,0.098025517373781,-0.0783281289151845,0.0,-0.0228844880874436,0,
2025-03-21,5667.56005859375,9367460000.0,19.280000686645508,3018.199951171875,151.0,90.87506103515624,4919600.0,148.5959930419922,0.0008246534476661,-0.026262554063221,-0.0071710686934621,-0.0008411902019294,-0.0007137689063727,5636.568638392857,5859.291341145833,21.08857154846192,19.999333508809407,3015.428571428572,2933.9266764322915,90.6646499633789,89.9492691040039,148.67757306780135,149.87686614990236,0.1775126381935554,1.262779191683202,0.1452656648283253,0.0639580386025557,0.094624610024124,-0.0775680690290775,-0.0071710686934621,-0.0237064280822177,0,
2025-03-24,5767.56982421875,4517990000.0,17.479999542236328,3013.10009765625,137.0,90.34904479980467,4823500.0,149.677001953125,0.0176460001466336,-0.0933610518829477,-0.0016897003505831,-0.0057883453321485,-0.0072748187148445,5671.718610491072,5850.677327473958,20.06285721915109,20.03066679636637,3019.5428641183034,2938.786678059896,90.61819893973214,90.00023498535157,148.87728663853235,149.82633310953776,0.1852236429894185,1.2854325385480514,0.14548701851673,0.0656712646002491,0.0940187565018181,-0.0612908350399051,-0.0088486520867598,-0.0293575524220347,0,
2025-03-25,5776.64990234375,4467340000.0,17.149999618530273,3023.699951171875,74.0,90.50206756591795,6825800.0,150.7740020751953,0.0015743334544251,-0.0188787146652199,0.0035179227944899,0.00169368438208,-0.0073291160816666,5691.391462053572,5841.017659505208,19.402857099260608,20.07533343633016,3023.714285714286,2942.433341471354,90.63869149344308,90.05693689982097,149.2808576311384,149.7906000773112,0.1838631716416817,1.279130200508798,0.1388181470926095,0.0657041815006356,0.0956988181444318,-0.059812993797533,-0.0053618581671463,-0.0277135904679879,0,
2025-03-26,5712.2001953125,4183140000.0,18.32999992370605,3020.89990234375,83.0,90.29167175292967,8281700.0,149.9499969482422,-0.0111569349226271,0.0688046840479696,-0.0009260339561932,-0.0023247625015311,0.0054651671747902,5696.688616071428,5829.140999348959,19.09142848423549,20.15233341852824,3026.699986049108,2946.046671549479,90.61819893973214,90.11425526936848,149.4739990234375,149.7302998860677,0.1858367566303025,1.2920336880545429,0.1388573812245433,0.0656005804883179,0.0968991245712924,-0.0703025990408336,-0.0062829268606085,-0.0299739254536162,0,
2025-03-27,5693.31005859375,4403460000.0,18.690000534057617,3060.199951171875,124359.0,90.21514892578124,5085100.0,150.47300720214844,-0.0033069808607638,0.0196399679132557,0.0130093846531076,-0.0008475070365053,-0.0034878977295795,5707.92431640625,5817.185660807291,18.66142845153809,20.2456667582194,3030.2856794084823,2951.086669921875,90.57174573625836,90.18936614990234,149.63028608049666,149.65476684570314,0.1858655806278589,1.2916068164620136,0.1427264571411147,0.0617926792294355,0.0954491584999901,-0.0733770905521075,0.0,-0.0307960293773879,0,
2025-03-28,5580.93994140625,4513330000.0,21.64999961853028,3086.5,31206.0,90.9419937133789,6224500.0,150.8470001220703,-0.019737220708344,0.1583734082339292,0.0085942256217779,0.0080567930802357,-0.0024854485656649,5694.445731026785,5799.381331380208,18.91142845153809,20.464000066121415,3037.5142647879466,2956.440006510417,90.58950805664062,90.2667724609375,149.82957240513392,149.54116668701172,0.1889215139951064,1.3495926271715455,0.1436434380265887,0.0623501933965096,0.0907192522174806,-0.0916660514292884,0.0,-0.0229873535335387,1,"Gold daily return was 0.86%, used to evaluate commodity safe-haven behavior. || Market stress day identified on 2025-03-28 based on the project's is_stress flag. || S&P 500 daily return was -1.97%, representing equity market pressure. || US Treasury bond ETF IEF daily return was 0.81%, used to evaluate bond safe-haven behavior. || VIX closed at 21.65, showing elevated market fear and volatility."
2025-03-31,5611.85009765625,5257250000.0,22.280000686645508,3122.800048828125,3438.0,91.20978546142578,13255800.0,149.61700439453125,0.0055385215706533,0.0290993570076558,0.0117609100366515,0.0029446434712094,0.0081539289912541,5687.154296875,5782.622005208334,19.265714372907365,20.714333407084148,3049.342843191964,2964.413338216146,90.62639617919922,90.34070765177408,149.9905722481864,149.42876688639322,0.1903645324433689,1.345427961184122,0.1378032967441036,0.061873398208783,0.0906811928949239,-0.0866352242617727,0.0,-0.0201103996228321,0,
2025-04-01,5633.06982421875,4434500000.0,21.770000457763672,3118.89990234375,1721.0,91.53024291992188,18128800.0,149.91299438476562,0.0037812354559083,-0.0228904943071894,-0.0012489260994595,0.0035134109446142,-0.0019783178485104,5682.227120535715,5766.071663411459,19.62142862592425,20.92833340962728,3063.7285505022323,2970.6566650390623,90.7199935913086,90.44121831258138,150.178715297154,149.3777333577474,0.1907226831471501,1.348604310209775,0.131686420321803,0.0594611684501593,0.0864938359614313,-0.0831815769875736,-0.0012489260994595,-0.0166676447763533,0,
2025-04-02,5670.97021484375,4243830000.0,21.51000022888184,3139.89990234375,5946.0,91.44387817382812,7635900.0,149.7830047607422,0.0067281947157926,-0.0119430511444528,0.0067331433061443,-0.000943565135835,0.000867100444207,5668.427176339285,5750.299007161459,20.19714300973075,21.136333401997884,3081.8428083147323,2978.0066650390627,90.87639835902624,90.53408279418946,150.19385855538505,149.30613352457684,0.1921490826124261,1.3496249049039089,0.1309687214781032,0.0597392560175043,0.0858488331025015,-0.07701304411852,0.0,-0.0175954829036808,0,
2025-04-03,5396.52001953125,7210470000.0,30.020000457763672,3097.0,5516.0,92.38414001464844,18188000.0,147.8719940185547,-0.0483956333599014,0.3956299459939247,-0.0136628248281824,0.0102823924312673,0.0127585285476151,5614.122907366072,5726.265673828125,22.035714558192662,21.6150000890096,3092.314243861608,2983.239998372396,91.145265851702,90.6522491455078,149.77928597586495,149.1945332845052,0.2335798698706571,1.7437785464601492,0.1382200321839055,0.0654433708438699,0.0922533453575951,-0.1216815824313317,-0.0136628248281825,-0.0074940141326467,1,"Gold daily return was -1.37%, used to evaluate commodity safe-haven behavior. || Market stress day identified on 2025-04-03 based on the project's is_stress flag. || S&P 500 daily return was -4.84%, representing equity market pressure. || US Treasury bond ETF IEF daily return was 1.03%, used to evaluate bond safe-haven behavior. || VIX closed at 30.02, showing elevated market fear and volatility."
2025-04-04,5074.080078125,8853500000.0,45.310001373291016,3012.0,3247.0,92.6431655883789,27006500.0,146.2310028076172,-0.059749605345531,0.5093271379872046,-0.0274459154020019,0.0028037883308693,0.0110973766319238,5522.962890625,5694.964013671875,25.89000047956194,22.51833349863688,3091.042829241072,2985.7199951171874,91.48119354248048,90.76156717936198,149.2480010986328,149.08863321940103,0.2819711614956292,2.205921285697496,0.1620479377944096,0.0641580418868164,0.0913463539016954,-0.174160761248771,-0.0407337514957977,-0.0047112374311539,1,"Gold daily return was -2.74%, used to evaluate commodity safe-haven behavior. || Market stress day identified on 2025-04-04 based on the project's is_stress flag. || S&P 500 daily return was -5.97%, representing equity market pressure. || US Treasury bond ETF IEF daily return was 0.28%, used to evaluate bond safe-haven behavior. || VIX closed at 45.31, showing elevated market fear and volatility."
2025-04-07,5062.25,8691980000.0,46.97999954223633,2951.300048828125,4424.0,91.53982543945312,68670600.0,145.43299865722656,-0.0023314724921273,0.0368571643860009,-0.0201527062323622,-0.0119095687406453,0.0054571474931378,5432.811453683035,5664.264013671875,29.93142890930176,23.45166683197021,3075.4857003348216,2985.833333333333,91.6704330444336,90.82774963378908,148.5279998779297,148.9568333943685,0.2821169573827972,2.2059015048524726,0.1728683308054945,0.0744807917892884,0.09235738875031,-0.1760861827168389,-0.0600655624005231,-0.0165646973657593,1,"Gold daily return was -2.02%, used to evaluate commodity safe-haven behavior. || Market stress day identified on 2025-04-07 based on the project's is_stress flag. || S&P 500 daily return was -0.23%, representing equity market pressure. || US Treasury bond ETF IEF daily return was -1.19%, used to evaluate bond safe-haven behavior. || VIX closed at 46.98, showing elevated market fear and volatility."
2025-04-08,4982.77001953125,7408140000.0,52.33000183105469,2968.39990234375,3213.0,91.07929229736328,19508000.0,147.78900146484375,-0.0157005245629413,0.1138782958907558,0.0057940071265931,-0.0050309593652705,-0.0161999190649302,5347.358607700893,5631.848014322916,34.314286368233816,24.54833354949951,3058.6142578125,2987.963330078125,91.69004712785993,90.8550582885742,148.09114292689733,148.88766682942708,0.2836762011487953,2.2160849761950927,0.1677366108912872,0.073115914435925,0.1042645919735804,-0.18902206184284,-0.0546195755705413,-0.0215123204116847,1,"Gold daily return was 0.58%, used to evaluate commodity safe-haven behavior. || Market stress day identified on 2025-04-08 based on the project's is_stress flag. || S&P 500 daily return was -1.57%, representing equity market pressure. || US Treasury bond ETF IEF daily return was -0.50%, used to evaluate bond safe-haven behavior. || VIX closed at 52.33, showing elevated market fear and volatility."
2025-04-09,5456.89990234375,9489600000.0,33.619998931884766,3056.5,2175.0,90.7914810180664,24170800.0,145.84500122070312,0.0951538764490484,-0.3575387396234843,0.0296793223806162,-0.0031600078572987,0.0131538898353208,5325.222865513393,5615.209342447916,35.93428611755371,25.032333501180013,3049.142822265625,2992.6199951171875,91.63028935023716,90.86450881958008,147.55228533063615,148.77990010579427,0.4075044811983399,2.4963468111871183,0.1873545341304404,0.0734099003113387,0.1098020063165429,-0.1118543673125294,-0.0265613251815756,-0.0246043491674538,1,"Gold daily return was 2.97%, used to evaluate commodity safe-haven behavior. || Market stress day identified on 2025-04-09 based on the project's is_stress flag. || S&P 500 daily return was 9.52%, representing equity market pressure. || US Treasury bond ETF IEF daily return was -0.32%, used to evaluate bond safe-haven behavior. || VIX closed at 33.62, showing elevated market fear and volatility."
2025-04-10,5268.0498046875,6677140000.0,40.720001220703125,3155.199951171875,3456.0,90.22541046142578,12093800.0,147.3990020751953,-0.0346075795847269,0.2111838939436969,0.0322918210933667,-0.0062348421932668,-0.0106551533579171,5273.0771484375,5595.425341796875,38.64142908368792,25.685333569844563,3054.328543526786,3001.686661783854,91.44388471330916,90.85858637491862,147.1931435721261,148.73193359375,0.4163309600520576,2.542218335500231,0.2030129970653347,0.0756160438183199,0.1145763452863056,-0.1425909379785888,0.0,-0.0306857871263935,1,"Gold daily return was 3.23%, used to evaluate commodity safe-haven behavior. || Market stress day identified on 2025-04-10 based on the project's is_stress flag. || S&P 500 daily return was -3.46%, representing equity market pressure. || US Treasury bond ETF IEF daily return was -0.62%, used to evaluate bond safe-haven behavior. || VIX closed at 40.72, showing elevated market fear and volatility."
2025-04-11,5363.35986328125,5602550000.0,37.560001373291016,3222.199951171875,862.0,89.71690368652344,55446600.0,143.7469940185547,0.0180920952017089,-0.0776031373448359,0.0212347873468734,-0.0056359596736857,0.0247763418016735,5229.1328125,5575.720670572917,40.934286390032085,26.283000310262043,3066.085693359375,3014.5333251953125,91.19717407226562,90.81918462117513,146.3308563232422,148.52310028076172,0.4172716324281909,2.5446563397984026,0.2011837043318984,0.0754054656950378,0.1320713199438205,-0.1270786116016895,0.0,-0.0361488029412796,1,"Gold daily return was 2.12%, used to evaluate commodity safe-haven behavior. || Market stress day identified on 2025-04-11 based on the project's is_stress flag. || S&P 500 daily return was 1.81%, representing equity market pressure. || US Treasury bond ETF IEF daily return was -0.56%, used to evaluate bond safe-haven behavior. || VIX closed at 37.56, showing elevated market fear and volatility."
2025-04-14,5405.97021484375,5031440000.0,30.88999938964844,3204.800048828125,263.0,90.43647003173828,12630900.0,143.6959991455078,0.0079447123908689,-0.1775825809310439,-0.0054000070161449,0.0080204099299843,0.0003547543612654,5230.482840401785,5560.92900390625,41.05857195172991,26.55333360036214,3081.4857003348216,3025.019995117188,90.91893550327846,90.79277013142904,145.73428562709265,148.28726704915366,0.4161526042445235,2.586344152002885,0.1982504204609144,0.0784687228113841,0.1306997735106464,-0.1201435022310268,-0.0054000070161449,-0.0284183212293625,1,"Gold daily return was -0.54%, used to evaluate commodity safe-haven behavior. || Market stress day identified on 2025-04-14 based on the project's is_stress flag. || S&P 500 daily return was 0.79%, representing equity market pressure. || US Treasury bond ETF IEF daily return was 0.80%, used to evaluate bond safe-haven behavior. || VIX closed at 30.89, showing elevated market fear and volatility."
2025-04-15,5396.6298828125,4317110000.0,30.1200008392334,3218.699951171875,390.0,90.7051239013672,7708100.0,143.2209930419922,-0.0017277808903947,-0.0249271144587033,0.0043372135958474,0.0029706363985086,0.00330563207285,5276.561383928572,5548.211669921875,38.88857187543597,26.77366695404053,3111.0142647879466,3035.3233235677085,90.64207240513392,90.78487447102864,145.30428423200334,148.08446706136067,0.4150856006949563,2.589731572510959,0.1980380119841796,0.0785295617676243,0.1285253863105519,-0.1216637014741617,-0.0010862144041455,-0.0255321053302823,1,"Gold daily return was 0.43%, used to evaluate commodity safe-haven behavior. || Market stress day identified on 2025-04-15 based on the project's is_stress flag. || S&P 500 daily return was -0.17%, representing equity market pressure. || US Treasury bond ETF IEF daily return was 0.30%, used to evaluate bond safe-haven behavior. || VIX closed at 30.12, showing elevated market fear and volatility."
2025-04-16,5275.7001953125,4607750000.0,32.63999938964844,3326.60009765625,1874.0,91.09849548339844,8708400.0,143.18099975585938,-0.0224083715440897,0.0836652881872621,0.0335228968593641,0.0043368176472475,0.0002792417876972,5307.054268973215,5529.314013671875,36.840000425066265,27.13066692352295,3164.6285574776784,3049.0333251953125,90.57902526855467,90.80698699951172,144.9825701032366,147.8638671875,0.4172695572727978,2.582328774609597,0.2162685271554455,0.0777487578408145,0.1278130163198094,-0.1413457875921892,0.0,-0.0213060157680024,1,"Gold daily return was 3.35%, used to evaluate commodity safe-haven behavior. || Market stress day identified on 2025-04-16 based on the project's is_stress flag. || S&P 500 daily return was -2.24%, representing equity market pressure. || US Treasury bond ETF IEF daily return was 0.43%, used to evaluate bond safe-haven behavior. || VIX closed at 32.64, showing elevated market fear and volatility."
2025-04-17,5282.7001953125,4714880000.0,29.64999961853028,3308.699951171875,824.0,90.83943939208984,6987000.0,141.92799377441406,0.0013268380955802,-0.0916053868575259,-0.0053809132323979,-0.002843692312743,0.0087512029080802,5349.901436941965,5514.12001953125,33.60000010899135,27.290000216166177,3213.242850167411,3062.1033203125,90.54476056780132,90.82205861409506,144.14528329031808,147.63153381347655,0.4150719705729487,2.582599737892754,0.2178706728695475,0.0782395351310726,0.1288993304460101,-0.1402064924722362,-0.005380913232398,-0.0240891203274907,1,"Gold daily return was -0.54%, used to evaluate commodity safe-haven behavior. || Market stress day identified on 2025-04-17 based on the project's is_stress flag. || S&P 500 daily return was 0.13%, representing equity market pressure. || US Treasury bond ETF IEF daily return was -0.28%, used to evaluate bond safe-haven behavior. || VIX closed at 29.65, showing elevated market fear and volatility."
2025-04-21,5158.2001953125,4226340000.0,33.81999969482422,3406.199951171875,78.0,90.35012817382812,4901300.0,141.92799377441406,-0.0235674930238275,0.1406408138261097,0.0294677672314975,-0.0053865503963504,-0.0,5307.230050223215,5493.72001953125,33.62857164655413,27.63833351135254,3263.199986049108,3078.8199869791665,90.4817101614816,90.82464497884116,143.58571079799108,147.4255335489909,0.4187755345842463,2.595407978169866,0.2281080052952135,0.0797958695255507,0.1284778571195743,-0.160469669962829,0.0,-0.0293459134631935,1,"Gold daily return was 2.95%, used to evaluate commodity safe-haven behavior. || Market stress day identified on 2025-04-21 based on the project's is_stress flag. || S&P 500 daily return was -2.36%, representing equity market pressure. || US Treasury bond ETF IEF daily return was -0.54%, used to evaluate bond safe-haven behavior. || VIX closed at 33.82, showing elevated market fear and volatility."
2025-04-22,5287.759765625,4666950000.0,30.56999969482422,3400.800048828125,785.0,90.41728973388672,5233000.0,140.87600708007812,0.0251172047238952,-0.0960969849002505,-0.0015853157246075,0.0007433477009504,0.0074121155831174,5310.045758928572,5482.826676432292,32.17857142857143,27.728666814168296,3298.285714285714,3095.8133219401043,90.50912148611886,90.80842971801758,142.6538543701172,147.20113372802734,0.4205049290585852,2.567957618541836,0.227076851019959,0.0770743441453218,0.1295486541348136,-0.1393830147913662,-0.0015853157246074,-0.0286243799795482,1,"Gold daily return was -0.16%, used to evaluate commodity safe-haven behavior. || Market stress day identified on 2025-04-22 based on the project's is_stress flag. || S&P 500 daily return was 2.51%, representing equity market pressure. || US Treasury bond ETF IEF daily return was 0.07%, used to evaluate bond safe-haven behavior. || VIX closed at 30.57, showing elevated market fear and volatility."
2025-04-23,5375.85986328125,5371390000.0,28.450000762939453,3276.300048828125,331.0,90.51323699951172,8041300.0,142.68800354003906,0.01666113847096,-0.0693490007539548,-0.0366090326430397,0.0010611606022188,-0.0128623496471684,5311.831473214285,5476.286344401042,30.877142769949774,27.77966683705648,3306.0142996651784,3107.92666015625,90.62288338797433,90.80625228881836,142.5025700160435,147.0551005045573,0.4234018837302189,2.5758820544479293,0.257661879147859,0.0764611358863425,0.1358770011376098,-0.1250441560303448,-0.0381363114925355,-0.0275935944416266,1,"Gold daily return was -3.66%, used to evaluate commodity safe-haven behavior. || Market stress day identified on 2025-04-23 based on the project's is_stress flag. || S&P 500 daily return was 1.67%, representing equity market pressure. || US Treasury bond ETF IEF daily return was 0.11%, used to evaluate bond safe-haven behavior. || VIX closed at 28.45, showing elevated market fear and volatility."
2025-04-24,5484.77001953125,4697710000.0,26.46999931335449,3332.0,560.0,91.00253295898438,7308900.0,143.22300720214844,0.0202591137082812,-0.0695958311594924,0.0170008699880213,0.0054057945079932,-0.0037494649083043,5323.088588169643,5472.468684895834,30.24571418762207,27.85433349609375,3324.185721261161,3121.0233235677083,90.70374952043804,90.82931060791016,142.43499973842077,146.89446716308595,0.4275374028926383,2.5657332159771093,0.2600299529797051,0.077497779918154,0.1347351533342024,-0.1073183260976384,-0.0217837919780214,-0.0223369652349217,1,"Gold daily return was 1.70%, used to evaluate commodity safe-haven behavior. || Market stress day identified on 2025-04-24 based on the project's is_stress flag. || S&P 500 daily return was 2.03%, representing equity market pressure. || US Treasury bond ETF IEF daily return was 0.54%, used to evaluate bond safe-haven behavior. || VIX closed at 26.47, showing elevated market fear and volatility."
2025-04-25,5525.2099609375,4236580000.0,24.84000015258789,3282.39990234375,162.0,91.34793853759766,5341300.0,142.87899780273438,0.0073731334699984,-0.0615791160955656,-0.0148859836903511,0.0037955600507182,0.0024019143720989,5341.457170758928,5472.591682942709,29.49142837524414,27.86033350626628,3333.285714285714,3130.9599853515624,90.7955801827567,90.85176849365234,142.38614327566964,146.71446685791017,0.4261216608330764,2.575208517494943,0.2636156811123714,0.0774042527043747,0.1345455950105603,-0.1007364649697347,-0.0363455024962737,-0.0186261864771035,0,
2025-04-28,5528.75,4257880000.0,25.14999961853028,3332.5,1300.0,91.71253967285156,4950500.0,143.84100341796875,0.0006407067039131,0.0124798495989579,0.0152632522382409,0.0039913449727586,-0.0067330092597832,5377.607142857143,5468.918684895833,28.421428407941544,27.973000144958498,3334.1285574776784,3142.2266520182293,90.88330078125,90.89689915974937,142.48042951311385,146.57753346761066,0.4214989314215833,2.545893949467525,0.2658828497711168,0.0772973633010536,0.1364446649387028,-0.1001603007942562,-0.0216370008303591,-0.0147091850401019,1,"Gold daily return was 1.53%, used to evaluate commodity safe-haven behavior. || Market stress day identified on 2025-04-28 based on the project's is_stress flag. || S&P 500 daily return was 0.06%, representing equity market pressure. || US Treasury bond ETF IEF daily return was 0.40%, used to evaluate bond safe-haven behavior. || VIX closed at 25.15, showing elevated market fear and volatility."
2025-04-29,5560.830078125,4747150000.0,24.170000076293945,3318.800048828125,1278.0,92.02913665771484,5350200.0,142.17799377441406,0.005802410694099,-0.0389661851729922,-0.0041110131048387,0.0034520577665018,0.0115614435664243,5417.339983258928,5465.109016927084,27.638571330479213,28.095000139872237,3335.5714285714284,3152.8533203125,91.05325753348214,90.95003306070964,142.51614379882812,146.36353302001953,0.4214174260029396,2.541684761498104,0.2668035513279252,0.07776417361829,0.1388800827369548,-0.0949390613006099,-0.0256590639412348,-0.0113079042300566,0,
2025-04-30,5569.06005859375,5449490000.0,24.700000762939453,3305.0,207.0,92.17305755615234,13923200.0,142.2989959716797,0.0014799913597656,0.0219280382694468,-0.0041581440957848,0.001563862312137,-0.0008510613636707,5476.034249441965,5463.589013671875,26.33571434020996,28.19500013987223,3321.1142926897323,3161.8499837239583,91.31367601667132,91.00445760091146,142.56914411272322,146.12753295898438,0.4203033905332637,2.538779912402375,0.2665313026690773,0.0777983063344956,0.1376174054090014,-0.0935995789312734,-0.029710513951789,-0.0097617259231743,0,
2025-05-01,5604.14013671875,4935270000.0,24.600000381469727,3210.0,2131.0,91.77166748046876,13703300.0,143.00900268554688,0.0062991021385856,-0.0040485983150158,-0.0287443267776096,-0.0043547440686672,-0.00498954127553,5521.2314453125,5461.217350260416,25.482857295445037,28.351666831970213,3293.8571428571427,3167.6533203125,91.50715855189732,91.03625793457032,142.87385777064733,145.9127665201823,0.4195062105697407,2.522345179556694,0.2819158281955141,0.0787287607345113,0.1388185612846602,-0.0878900701005045,-0.0576008320076377,-0.0140739601737776,0,
2025-05-02,5686.669921875,4854380000.0,22.68000030517578,3231.89990234375,1349.0,91.1556167602539,9331600.0,145.447998046875,0.0147265741296347,-0.0780487823788901,0.0068223994840341,-0.0067128639712901,-0.0170548379159811,5565.632882254465,5462.010009765625,24.65857151576451,28.447666867574057,3287.5142647879466,3174.049983723958,91.5989270891462,91.04305953979492,143.2681427001953,145.81136627197264,0.4216295276154462,2.537093222394845,0.2822499863112055,0.0812573171813737,0.1478593389969528,-0.0744578156034636,-0.0511714084101723,-0.0206923475648839,0,
2025-05-05,5650.3798828125,4358260000.0,23.63999938964844,3311.300048828125,244.0,90.9919891357422,10089400.0,144.62399291992188,-0.0063815975889338,0.0423280013913218,0.0245676378859365,-0.0017950361187513,0.0056652902619365,5589.291434151785,5461.437337239583,24.25428581237793,28.593000157674155,3284.55712890625,3183.8199869791665,91.59742082868304,91.0469571431478,143.4682835170201,145.67896626790363,0.4220947841005391,2.534942395756189,0.2880283246596959,0.0813989375814257,0.1485034091996409,-0.0803642533758651,-0.0278609311561702,-0.0224502401723744,0,
2025-05-06,5606.91015625,4717260000.0,24.76000022888184,3411.39990234375,2357.0,91.22299194335938,6081200.0,143.6540069580078,-0.0076932396518555,0.0473773632889273,0.03022977442079,0.0025387158783019,0.0067069505019899,5600.962890625,5456.082014973958,24.24285725184849,28.835666847229007,3302.9857003348216,3197.096647135417,91.57957131522042,91.0760887145996,143.57899911063058,145.47819976806642,0.4193928658980136,2.5137882739118407,0.2979541067124273,0.0797653966795819,0.1473722741887967,-0.0874392315670576,0.0,-0.0199685190752699,0,
2025-05-07,5631.27978515625,4987440000.0,23.549999237060547,3381.39990234375,1080.0,91.4636459350586,9471100.0,143.03500366210938,0.0043463562331358,-0.048869183385946,-0.008794043752944,0.0026380848355493,0.0043089873300881,5615.610002790178,5451.236344401042,24.014285768781388,29.04900016784668,3309.9714006696427,3209.019978841146,91.54401506696428,91.1081413269043,143.46385628836495,145.22023315429686,0.4195951606010717,2.5196277823981617,0.3003680828361364,0.0799521167185813,0.1452778227376144,-0.0834729173830639,-0.008794043752944,-0.0173831128870814,0,
2025-05-08,5663.93994140625,5627400000.0,22.479999542236328,3296.60009765625,200.0,90.75135803222656,6409000.0,143.84800720214844,0.0057997750948355,-0.045435232674673,-0.0250783128693895,-0.0077876613768247,-0.0056839481191584,5630.339983258928,5449.627669270833,23.772857121058877,29.18733348846436,3306.799979073661,3218.2099853515624,91.3614752633231,91.12346420288084,143.70242963518416,145.01683349609374,0.4187357647793089,2.5229470186691283,0.3116882478025329,0.0830563584409456,0.1463660234523824,-0.0781572664355599,-0.0336518168417102,-0.0250354004670665,0,
2025-05-09,5659.91015625,4645090000.0,21.89999961853028,3335.39990234375,216.0,90.81871795654295,3698700.0,146.01499938964844,-0.0007114809122162,-0.0258007088752969,0.011769642522029,0.0007422470118019,-0.0150644574759715,5643.318568638393,5448.514339192709,23.372856957571848,29.29433345794678,3311.142822265625,3227.383317057292,91.1679981776646,91.14358317057292,144.23328726632255,144.86823323567708,0.4186225705017363,2.5261587287722262,0.3113663523069818,0.0830128271138044,0.1533643809609414,-0.0788131399445563,-0.0222782441741249,-0.0243117359064504,0,
2025-05-12,5844.18994140625,6014580000.0,18.38999938964844,3220.0,886.0,90.2411651611328,9483700.0,145.81199645996094,0.0325587827490083,-0.1602739858457311,-0.0345985206339605,-0.0063594026474422,0.0013902881932408,5677.611397879465,5457.289339192708,22.485713958740234,29.18566678365072,3312.571393694197,3231.833317057292,90.94935498918804,91.1202222188314,144.6337149483817,144.70039978027344,0.4244481996127045,2.539644048370972,0.3293419805212683,0.0817147749008596,0.1530194435192545,-0.0488204170967699,-0.0561059705173385,-0.0305165304362053,0,
2025-05-13,5886.5498046875,5516290000.0,18.21999931335449,3240.300048828125,2424.0,90.17378997802734,13166800.0,148.30999755859375,0.0072482009835321,-0.0092441588872288,0.0063043629901009,-0.0007466125130937,-0.0171316569231583,5706.165666852678,5466.44599609375,21.84857095990862,29.050333404541018,3313.771414620536,3235.7499837239584,90.80909402029856,91.08568903605143,145.04257202148438,144.65683288574218,0.424605202278086,2.5390546518579065,0.3282600029926039,0.0811611726944939,0.1602485847900462,-0.0419260763084549,-0.0501553199312908,-0.0312403589258191,0,
2025-05-14,5892.580078125,5233450000.0,18.6200008392334,3181.39990234375,3518.0,89.83690643310547,6994700.0,147.5279998779297,0.0010244155978598,0.021953981391521,-0.0181773741927623,-0.0037359364068424,0.0052727239804256,5740.765694754465,5475.096337890625,21.13142830984933,28.94533341725668,3295.214250837053,3237.833317057292,90.64408220563617,91.02924448649088,145.45743015834265,144.57733306884765,0.4245762423199269,2.5381317504793484,0.3330954344817753,0.0808675460479335,0.160752342775647,-0.0409446104371226,-0.0674210021059043,-0.0348595833383878,0,
2025-05-15,5916.93017578125,4991290000.0,17.829999923706055,3220.699951171875,652.0,90.42406463623048,9024900.0,146.64999389648438,0.0041323320741357,-0.0424275445714678,0.01235306784261,0.0065358239329202,0.0059514531625983,5785.054268973215,5483.295003255208,20.14142826625279,28.822666740417485,3267.9714006696427,3240.526652018229,90.52994973318916,90.9952507019043,145.88542829241072,144.4728993733724,0.4243833451590792,2.541570290538726,0.3343502477358528,0.0834629821141855,0.1615309185190097,-0.036981475089959,-0.0559007904763254,-0.0285515955045421,0,
2025-05-16,5958.3798828125,4850850000.0,17.239999771118164,3182.0,199.0,90.45293426513672,6819200.0,145.61300659179688,0.0070052722948985,-0.0330903059513449,-0.0120160063832688,0.0003192693120175,0.0070711718230243,5831.782854352678,5502.023665364583,19.239999771118164,28.3966667175293,3239.4857003348216,3243.3599853515625,90.38556235177175,90.93087717692056,146.25371442522322,144.39759979248046,0.3969817507555067,2.25721716005315,0.3337535640917402,0.0771820164761053,0.1586427966402424,-0.0302352680979326,-0.067245092604401,-0.0282414418407783,0,
2025-05-19,5963.60009765625,4144010000.0,18.13999938964844,3228.89990234375,266.0,90.40481567382812,11704900.0,145.29800415039062,0.0008761131291423,0.0522041549001659,0.014739127072203,-0.0005319738016187,0.0021632850579709,5874.591448102678,5531.674332682292,18.61999974931989,27.49099998474121,3229.814243861608,3250.589982096354,90.33605630057198,90.85626551310222,146.46085684640067,144.3664998372396,0.3488800837597509,1.6529797307497451,0.3246525771431271,0.0764711843980048,0.1555220170993563,-0.0293856444841339,-0.0534970994970763,-0.0287583919352178,0,
2025-05-20,5940.4599609375,4416850000.0,18.09000015258789,3280.300048828125,356.0,90.289306640625,8929600.0,144.97500610351562,-0.0038802294486252,-0.0027562976153726,0.0159187797822613,-0.0012776867287674,0.0022230040169077,5914.669991629465,5560.947998046875,18.075714111328125,26.528000005086263,3221.9428362165177,3261.556648763021,90.2604261125837,90.81458155314128,146.31228637695312,144.35123341878256,0.3492157073882998,1.6442177510535851,0.3195523543938075,0.0688858891952656,0.15484705979369,-0.033151850889665,-0.0384299282606987,-0.029999334448269,0,
2025-05-21,5844.60986328125,5254250000.0,20.8700008392334,3309.300048828125,979.0,89.66364288330078,11383500.0,144.3280029296875,-0.0161351306610142,0.1536761007847649,0.0088406546865613,-0.0069295443790982,0.0044628601247731,5914.72998046875,5589.675992838542,18.430000032697404,25.47933330535889,3234.699986049108,3272.919986979167,90.17792293003627,90.7673932393392,146.10028730119978,144.23586680094402,0.3494479633276287,1.6772624582021314,0.3198456095692639,0.0701906096755848,0.1473950052101311,-0.04875207210492,-0.0299290192995194,-0.0367209971079646,1,"Gold daily return was 0.88%, used to evaluate commodity safe-haven behavior. || Market stress day identified on 2025-05-21 based on the project's is_stress flag. || S&P 500 daily return was -1.61%, representing equity market pressure. || US Treasury bond ETF IEF daily return was -0.69%, used to evaluate bond safe-haven behavior. || VIX closed at 20.87, showing elevated market fear and volatility."
2025-05-22,5842.009765625,5157050000.0,20.280000686645508,3292.300048828125,1210.0,90.00053405761719,10981200.0,143.7550048828125,-0.0004448710379429,-0.0282702505444443,-0.0051370379685032,0.0037572773476857,0.0039701099942063,5908.367117745535,5602.51298828125,18.72428594316755,25.03466669718425,3242.1285574776784,3280.779988606771,90.1531720842634,90.74102834065756,145.44957406180245,144.16620025634765,0.2236629956993278,1.3478383836984065,0.3111921731505609,0.0707840679654077,0.1430163169362469,-0.0491752547579439,-0.0349123107595211,-0.0331016907308971,0,
2025-05-23,5802.81982421875,4662820000.0,22.290000915527344,3363.60009765625,47.0,90.26042938232422,9860700.0,143.85800170898438,-0.0067082978253216,0.0991124339658149,0.0216566071654082,0.0028877086944911,-0.0007164747151295,5895.544224330357,5620.338655598958,19.2485716683524,24.42033335367839,3268.157156808036,3287.72666015625,90.2136753627232,90.74219563802085,144.925288609096,144.04816691080728,0.196553302397385,1.2186040722411122,0.303833677134451,0.0690337261847443,0.1391641221978742,-0.0555536703287131,-0.0140117857934685,-0.0303095700765318,0,
2025-05-27,5921.5400390625,5366380000.0,18.959999084472656,3299.10009765625,189.0,90.63583374023438,10834400.0,142.65499877929688,0.0204590558452733,-0.1493944232516827,-0.0191758824257805,0.0041591244411216,0.008362433200769,5896.202776227678,5638.944661458333,19.410000119890487,23.800333277384443,3279.357177734375,3290.289998372396,90.24392809186664,90.7728266398112,144.35457502092635,144.0117670694987,0.198213710365898,1.2664495242503355,0.3045364790867288,0.067885223556879,0.1215833795706271,-0.036231190127105,-0.0329189798622982,-0.0262765069091154,0,
2025-05-28,5888.5498046875,4665050000.0,19.309999465942383,3293.60009765625,127758.0,90.38555145263672,8591500.0,144.177001953125,-0.0055712254172688,0.0184599366229063,-0.0016671212867737,-0.0027614054758405,-0.0106691191115064,5886.22705078125,5655.030647786459,19.70571436200823,23.414333279927572,3295.300048828125,3293.25,90.2343019757952,90.77112935384116,144.14943150111608,144.02780049641927,0.1993768529610255,1.1780437252249656,0.3040503307917044,0.0643997853804898,0.1256131151808553,-0.0416005634170397,-0.0345312212170046,-0.0289653522948912,0,
2025-05-29,5912.169921875,4569750000.0,19.18000030517578,3317.10009765625,24370.0,90.7609634399414,9679100.0,145.69700622558594,0.0040111942619043,-0.0067322198012426,0.0071350495819826,0.0041534513124192,-0.0105426264374335,5878.8798828125,5672.215315755208,19.85428592136928,23.049666595458987,3307.900076729911,3296.5300048828126,90.2851802280971,90.77299067179362,144.20643179757255,144.11033426920574,0.1989050112472476,1.1776050647733758,0.3044179567401179,0.0649643940610439,0.1286853517481889,-0.0377562370964059,-0.0276425536105317,-0.0249322071629759,0,
2025-05-30,5911.68994140625,6378540000.0,18.56999969482422,3288.89990234375,2213.0,91.03047943115234,10268600.0,143.7790069580078,-8.118516130162234e-05,-0.0318039937771509,-0.0085014604571098,0.0029695144365593,0.0131643011566651,5874.769880022322,5693.414973958334,19.9228572845459,22.580666605631517,3309.1286272321427,3295.273331705729,90.39106205531527,90.77072347005208,144.03557477678572,144.13026784261066,0.1839680315271012,1.142914857813016,0.2896292153074147,0.0642938691958157,0.1347298093568703,-0.0378343570115087,-0.0359090119911882,-0.0220367292755223,0,
2025-06-02,5935.93994140625,4832240000.0,18.36000061035156,3370.60009765625,976.0,90.7214584350586,13341900.0,143.81500244140625,0.0041020419271569,-0.0113085130815155,0.0248411924164302,-0.0033946981057862,-0.0002503528446886,5887.817034040178,5715.189632161459,19.564285823277064,22.20433330535889,3317.8857770647323,3297.336669921875,90.54217856270928,90.76679077148438,143.96228899274553,144.19316813151042,0.1838109791307833,1.1202930880075022,0.2980702502038089,0.0645238018297114,0.132047521442357,-0.0338875132031001,-0.0119598422511148,-0.0253566193381792,0,
2025-06-03,5970.3701171875,5026680000.0,17.690000534057617,3350.199951171875,6410.0,90.63453674316406,8508900.0,142.45199584960938,0.0058002904546055,-0.0364923776699761,-0.0060523781799449,-0.000958116121521,0.0094774993474842,5906.154227120535,5742.261962890625,19.194285801478795,21.66666666666667,3326.157191685268,3295.470003255208,90.63275037493024,90.77627105712892,143.7761448451451,144.21063486735025,0.164262810473243,1.021916607116513,0.2859023494978319,0.062579602380087,0.1351631716077024,-0.0282837801678568,-0.0179398349427836,-0.0262904408739251,0,
2025-06-04,5970.81005859375,4767050000.0,17.610000610351562,3373.5,207.0,91.3009033203125,10115900.0,143.83700561523438,7.36874595066439e-05,-0.0045223245500776,0.0069548233441931,0.0073522368083234,-0.0097226420547114,5930.15283203125,5765.030305989583,18.525714329310823,21.23466669718425,3327.571463448661,3294.5600016276044,90.78138950892856,90.8057248433431,143.7731454031808,144.30933481852213,0.1531908517300923,0.9962875893005848,0.2866637888365749,0.0659968108807292,0.1359451518772019,-0.028212176868256,-0.0111097799814414,-0.019131497612702,0,
2025-06-05,5939.2998046875,5091850000.0,18.479999542236328,3350.699951171875,731.0,91.03048706054688,8762800.0,142.73199462890625,-0.0052773834030941,0.0494036855043242,-0.0067585738337409,-0.0029618136286879,0.0076823831363956,5932.68994140625,5783.811637369791,18.457142966134207,20.90233332316081,3334.94287109375,3297.039998372396,90.8377685546875,90.82296651204427,143.78414481026786,144.31080118815103,0.1507381889961714,1.0007635405725128,0.2659438420318928,0.0666377361955815,0.1330200317600086,-0.0333406737973804,-0.0177932675469012,-0.0220366473110234,0,
2025-06-06,6000.35986328125,4355710000.0,16.770000457763672,3322.699951171875,81.0,90.30618286132812,7624200.0,143.54200744628906,0.0102806830100679,-0.0925324202830431,-0.0083564629504373,-0.0079567211228585,-0.0056750612887375,5948.662806919643,5800.997965494792,18.09428596496582,20.57900002797445,3339.099993024553,3296.729996744792,90.82643018450057,90.7997548421224,143.6934313092913,144.3214345296224,0.1436304197003755,1.014286150213528,0.2627260889050731,0.068783465579609,0.1336019360346624,-0.0234027556859655,-0.0260010417163156,-0.0298180289767453,0,
2025-06-09,6005.8798828125,4642360000.0,17.15999984741211,3332.10009765625,1887.0,90.47036743164062,6061200.0,144.6909942626953,0.0009199480792858,0.0232557769232431,0.0028290687159577,0.0018180878109377,-0.0080045335637108,5962.049944196428,5817.020296223958,17.805714470999582,20.323000017801924,3341.242850167411,3298.386669921875,90.784916469029,90.77050247192383,143.54971531459265,144.3818344116211,0.143155049077875,1.0088302809265155,0.2589709164337294,0.0680079682802766,0.135296565204353,-0.0225043369268229,-0.0232455317340597,-0.0280541529608363,0,
2025-06-10,6038.81005859375,4882880000.0,16.950000762939453,3320.89990234375,65.0,90.6248779296875,5579900.0,144.5399932861328,0.0054829894076784,-0.0122377089941714,-0.0033613021770798,0.0017078575276443,0.0010436100555667,5980.2099609375,5834.022298177083,17.5742860521589,20.04966672261556,3345.814278738839,3298.0,90.72697339739118,90.73424708048502,143.65842764718192,144.40513407389324,0.1432014044260401,1.0065294743501862,0.2554273775169934,0.0670676543211182,0.1340324334604912,-0.017144738560141,-0.0265286986547145,-0.0263942079295079,0,
2025-06-11,6022.240234375,5111550000.0,17.260000228881836,3321.300048828125,2106.0,91.00153350830078,6594900.0,144.83799743652344,-0.0027438889546078,0.0182890532146868,0.0001204933891842,0.0041562050864831,-0.0020617418308626,5992.53857421875,5849.40263671875,17.41714314052037,19.81933339436849,3338.771414620536,3298.083333333333,90.76698412214007,90.69999364217122,143.8045697893415,144.4938008626302,0.1438807782816502,1.0064268381768906,0.255128504402178,0.0674480543213932,0.1293829975981002,-0.0198415842559841,-0.0264114017983418,-0.022347702584275,0,
2025-06-12,6045.259765625,4669500000.0,18.020000457763672,3380.89990234375,1818.0,91.39746856689452,7795400.0,144.2030029296875,0.0038224199557175,0.0440324576363619,0.0179447362898315,0.0043508613902383,0.0043841707153831,6003.237095424107,5865.275960286458,17.46428598676409,19.5966667175293,3343.1571219308034,3300.613330078125,90.875974382673,90.67414067586265,144.0547136579241,144.55726776123046,0.1438683598322486,1.014370958741246,0.2598832320778281,0.0686144030961849,0.1301994470916548,-0.0160950071678796,-0.0089406111488264,-0.0180940729503713,0,
2025-06-13,5976.97021484375,5258910000.0,20.81999969482422,3431.199951171875,499.0,91.0594711303711,9195200.0,143.19400024414062,-0.0112963798792506,0.1553828615944461,0.0148777101603201,-0.0036981050112568,0.0069970989857878,6004.117117745535,5877.703629557292,17.9228572845459,19.47066669464112,3351.399972098214,3307.9866617838543,90.84148406982422,90.65040079752605,143.96285574776786,144.5634343465169,0.1490705093636949,1.1201028052321536,0.2471020242546348,0.0683006070807882,0.1312190969713159,-0.0272095717320027,0.0,-0.0217252641797763,0,
2025-06-16,6033.10986328125,5111710000.0,19.11000061035156,3396.39990234375,480.0,90.79869842529295,7508400.0,144.09100341796875,0.0093926598961591,-0.0821325220719267,-0.0101422386696641,-0.0028637625701206,-0.0062642511019928,6017.5185546875,5889.251627604167,18.01285743713379,19.35166670481364,3357.928536551339,3313.4699951171874,90.80837140764508,90.638503519694,144.15699986049108,144.51820119222006,0.1459417849239025,1.1225363602136798,0.2493103694266782,0.066008630965727,0.1225252116476623,-0.0180724820890425,-0.0101422386696641,-0.0245268107515129,0,
2025-06-17,5982.72021484375,4955700000.0,21.600000381469727,3386.60009765625,1477.0,91.24295806884766,5285000.0,144.72900390625,-0.0083521847901663,0.1302982570167672,-0.0028853506563634,0.0048927974878432,-0.004427760742498,6014.998604910715,5900.329638671875,18.70285742623465,19.28366673787435,3367.05712890625,3315.979996744792,90.94219643729072,90.64686915079751,144.32657078334265,144.52170155843098,0.1470344906515828,1.1810138687278555,0.240025055827117,0.067367921200539,0.1221644186427275,-0.0262737221691842,-0.0129983254110249,-0.0197540179816996,0,
2025-06-18,5980.8701171875,5106470000.0,20.13999938964844,3389.800048828125,0.0,91.3009033203125,6732400.0,145.37600708007812,-0.000309240210107,-0.0675926373165157,0.000944886044883,0.0006350654635849,-0.0044704458426814,6011.42578125,5912.794970703125,19.12857164655413,19.1296667098999,3375.299979073661,3315.260001627604,91.06084442138672,90.64946619669595,144.42442975725447,144.5791015625,0.1443602661030981,1.1876460814076033,0.2233122183977723,0.0669941198446865,0.1210804901716346,-0.0265748374879273,-0.0120657213024296,-0.019131497612702,0,
2025-06-20,5967.83984375,7451500000.0,20.6200008392334,3368.10009765625,709.0,91.35882568359376,6261700.0,145.21800231933594,-0.0021786584865058,0.0238332405229202,-0.0064015431173815,0.000634411721843,0.0010868695867753,6001.287179129465,5924.013639322917,19.65285737173898,19.032000096639,3382.0428641183034,3314.8166748046874,91.16569410051618,90.6459721883138,144.5212881905692,144.65186818440756,0.1447531118489872,1.1825454663598087,0.2226108365573887,0.0665684758840513,0.1203435975611201,-0.0286955984792126,-0.0183900251846512,-0.0185092231372008,0,
2025-06-23,6025.169921875,5597000000.0,19.82999992370605,3377.699951171875,30.0,91.67754364013672,9310300.0,146.2239990234375,0.0096065041331563,-0.0383123609783867,0.0028502280921831,0.003488638937269,-0.0069274930658347,6001.705705915178,5936.054638671875,20.02000018528529,18.94366677602132,3390.099993024553,3317.5200032552084,91.26226697649274,90.6768450419108,144.7192884172712,144.73106791178387,0.1460415024972771,1.1804366452488204,0.2096487432142789,0.063080152122393,0.1208590055385855,-0.0193647587314501,-0.0155922128588652,-0.0150851561964669,0,
2025-06-24,6092.18017578125,5443690000.0,17.479999542236328,3317.39990234375,538.0,91.99623107910156,7694500.0,145.92799377441406,0.0111217201797018,-0.1185073318462488,-0.0178523994729621,0.0034761777673253,0.0020243274086355,6008.408621651785,5950.463639322917,19.94285719735282,18.796333440144856,3381.028564453125,3316.9200032552085,91.3478044782366,90.71609547932944,144.96571568080358,144.72816772460936,0.1480723091692802,1.2266931752941497,0.2138338341609675,0.063723700243897,0.1129443918981118,-0.0084584079797069,-0.0331662539192034,-0.0116614171137283,0,
2025-06-25,6092.16015625,5171110000.0,16.760000228881836,3327.10009765625,373.0,92.03485870361328,6393300.0,144.95700073242188,-3.2861029504172024e-06,-0.0411898931470097,0.0029240355694371,0.0004198826849601,0.0066539189423326,6024.864327566965,5958.729313151041,19.362857273646764,18.74200013478597,3366.157156808036,3320.4900065104166,91.48714556012835,90.77588526407878,145.21757289341517,144.69966786702474,0.1175595061744106,1.140918608075954,0.1872155004309406,0.0603819626769075,0.1145284333877632,-0.0084616662874579,-0.0303391976559312,-0.0112464308558962,0,
2025-06-26,6141.02001953125,5308140000.0,16.59000015258789,3333.5,2058.0,92.36321258544922,7131900.0,144.9040069580078,0.0080201212752302,-0.0101432025043168,0.0019235677184039,0.0035677121306108,0.0003655827186427,6040.280064174107,5967.211653645833,19.002857208251957,18.687666829427084,3357.171456473214,3323.596671549479,91.7106475830078,90.8488660176595,145.3337162562779,144.5861348470052,0.1179132311730707,1.1409806249803618,0.186598650324204,0.0607998453076871,0.1021122722611585,-0.0005094086020437,-0.0284739894387405,-0.007718842753076,0,
2025-06-27,6173.06982421875,7889350000.0,16.31999969482422,3273.699951171875,284.0,92.12176513671876,8402400.0,144.69400024414062,0.0052189708852221,-0.0162748918191875,-0.0179391176925528,-0.0026141083876557,0.0014492816194382,6067.472865513393,5976.561311848958,18.248571395874023,18.611000124613444,3341.0428641183034,3326.67333984375,91.83619144984654,90.92502797444662,145.32871573311942,144.49166819254555,0.1184109345790824,1.1397780767386705,0.1863868928413872,0.0601549603149388,0.1012396123160254,0.0,-0.0459023088835753,-0.0103127732491479,0,
2025-06-30,6204.9501953125,5782900000.0,16.729999542236328,3294.39990234375,1242.0,92.48873901367188,10542300.0,144.51699829101562,0.0051644274245326,0.0251225401396384,0.0063231058070747,0.0039835740924902,0.0012232846754277,6099.484305245535,5986.161979166666,17.761428560529435,18.57433344523112,3327.4142717633927,3329.1300048828125,92.0058822631836,90.99385045369466,145.20600019182478,144.42056833902996,0.1186419495334469,1.1357267990002675,0.1840050536098775,0.0584883675300976,0.0999984915325701,0.0,-0.0398694482323605,-0.0063702808529947,0,
2025-07-01,6198.009765625,6275310000.0,16.829999923706055,3336.699951171875,371.0,92.31727600097656,10659800.0,143.8000030517578,-0.0011185310871218,0.0059773092771022,0.0128399860618109,-0.0018538798833657,0.0049613211437867,6132.36572265625,5994.149641927083,17.219999858311244,18.56066678365072,3322.928536551339,3334.286669921875,92.14280373709542,91.05599517822266,145.00342886788505,144.36013488769532,0.1177662981511092,1.131374192890013,0.1830381957398008,0.0589676306780121,0.0989697285010391,-0.0011185310871218,-0.0275413853301451,-0.0082123510008357,0,
2025-07-02,6227.419921875,5645710000.0,16.639999389648438,3348.0,39.0,92.1235122680664,6026200.0,143.40199279785156,0.004745096791088,-0.0112893960141966,0.0033865942378654,-0.0020988891928321,0.0027678042104282,6161.258579799107,6002.943636067708,16.764285496303014,18.51066678365072,3318.6856863839284,3338.2566731770835,92.2065135410854,91.11328506469728,144.60028512137276,144.29693450927735,0.1181665421890239,1.1216337502667293,0.1788928715645704,0.0594222114614016,0.0990788332235355,0.0,-0.0242480625891415,-0.0102940033789045,0,
2025-07-03,6279.35009765625,3378110000.0,16.3799991607666,3331.60009765625,0.0,91.80380249023438,7398900.0,143.5260009765625,0.0083389552066073,-0.01562501432804,-0.0048984176653972,-0.0034704471199678,-0.0008647591033532,6187.997140066965,6014.239973958333,16.60714258466448,18.453666750590006,3320.714285714286,3339.9666748046875,92.17902374267578,91.16376825968425,144.25714329310827,144.2486343383789,0.1186641979532971,1.122479655834872,0.1741920019096536,0.060367770099865,0.0989943928321761,0.0,-0.0290277031164004,-0.013728725704493,0,
2025-07-07,6229.97998046875,5236740000.0,17.790000915527344,3332.199951171875,254.0,91.51315307617188,8518600.0,144.4980010986328,-0.0078622972791287,0.0860806976192025,0.0001800496752437,-0.0031659844818892,-0.0067722929326863,6207.685686383928,6027.08564453125,16.754285539899552,18.35100008646647,3321.4428362165177,3340.7300048828124,92.104494367327,91.2254185994466,144.19157191685267,144.25430094401042,0.1098463707953161,1.0567549448660651,0.1724206027271326,0.0572124528625657,0.1002521586727483,-0.0078622972791288,-0.0288528798696759,-0.0168512452538456,0,
2025-07-08,6225.52001953125,5739030000.0,16.809999465942383,3307.0,909.0,91.3775405883789,5282800.0,145.89199829101562,-0.0007158868810946,-0.0550872062479549,-0.0075625567316308,-0.0014818906707333,-0.009647172845189,6219.757114955357,6039.869319661459,16.78571401323591,18.2353333791097,3317.6571219308034,3341.220003255208,91.96368408203124,91.27131881713868,144.3327135358538,144.32553405761718,0.1099048769060393,1.0651149647654536,0.1732250461923229,0.056782788497652,0.1032216036530058,-0.008572555644746,-0.0361972350604214,-0.018308164221447,0,
2025-07-09,6263.259765625,4813340000.0,15.9399995803833,3311.60009765625,114.0,91.8522491455078,6900800.0,146.8489990234375,0.0060621034026635,-0.0517549026293385,0.0013910183417751,0.0051950244455283,-0.0065596519592041,6232.641392299107,6055.217317708333,16.73142828260149,18.023666667938237,3323.0714285714284,3339.486669921875,91.92518179757256,91.32437947591146,144.64057050432478,144.42523396809895,0.1071640308872449,1.0271978696079866,0.1609402677897431,0.0580021640860657,0.1047006176340832,-0.0025624199608261,-0.034856567736537,-0.0132082511366018,0,
2025-07-10,6280.4599609375,5367350000.0,15.779999732971191,3317.39990234375,209.0,91.80380249023438,4451900.0,146.11399841308594,0.0027462050044453,-0.0100376318459264,0.0017513602235985,-0.0005274411429673,0.0050051455252633,6243.428501674107,6067.181315104167,16.595714024135045,17.91766668955485,3326.3571428571427,3340.0966634114584,91.82733372279576,91.36331176757812,144.86871337890625,144.54053395589193,0.0928051891282521,0.9372658135130632,0.1509206883097573,0.0570788318261631,0.1026046289530159,0.0,-0.0331662539192034,-0.013728725704493,0,
2025-07-11,6259.75,4656210000.0,16.399999618530273,3356.0,776.0,91.3775405883789,6004300.0,146.28799438476562,-0.0032975229626984,0.0392902342237455,0.0116356480353723,-0.0046431835097551,-0.0011908234225974,6252.24853515625,6079.554654947917,16.534285409109934,17.820666694641112,3329.1142926897323,3342.17666015625,91.6930858067104,91.39637807210286,145.22414071219308,144.61090037027995,0.0914212197719207,0.9436127538586712,0.1543548449112923,0.0582427047408609,0.0982842554737788,-0.0032975229626985,-0.0219165167410869,-0.018308164221447,0,
2025-07-14,6268.56005859375,4722250000.0,17.200000762939453,3351.5,583.0,91.33878326416016,5101600.0,147.2949981689453,0.0014074138094573,0.0487805587205785,-0.0013408820023838,-0.000424144970079,-0.0068837076372179,6258.125697544643,6091.434326171875,16.614285605294363,17.7546667098999,3329.6142926897323,3343.3233235677085,91.5809816632952,91.41563873291015,145.78028433663505,144.66416676839194,0.0912485764778264,0.955728742511572,0.1532212500280516,0.0571600237552985,0.095571163976181,-0.0018947501325959,-0.0232280112806176,-0.0187245438757601,0,
2025-07-15,6243.759765625,5133670000.0,17.3799991607666,3329.800048828125,210.0,90.98033142089844,5628100.0,147.79200744628906,-0.0039562982147312,0.0104650226652889,-0.0064746982461211,-0.0039244210449469,-0.003374244091939,6253.041364397322,6102.5033203125,16.757142748151505,17.715000025431316,3329.3571428571427,3344.686661783854,91.46334293910436,91.41396713256836,146.38971383231026,144.79793345133464,0.0926850271028109,0.952082025152754,0.1523092460094888,0.0577650853570277,0.0868221199528562,-0.0058435521507602,-0.0295523151628392,-0.022575481926664,0,
2025-07-16,6263.7001953125,5177460000.0,17.15999984741211,3352.5,10.0,91.23220825195312,12786300.0,148.76100158691406,0.0031936574173276,-0.0126581889515343,0.0068172114958866,0.0027684756377666,-0.0065564718780692,6257.858537946428,6113.428662109375,16.667142595563615,17.675,3332.257149832589,3344.0833251953127,91.42320796421596,91.43099212646484,146.99871390206474,144.96280008951825,0.0925296262828686,0.9522232655448154,0.1352352414073771,0.0573894308379068,0.0883026907601438,-0.0026685570371024,-0.0229365680496108,-0.0198695059606222,0,
2025-07-17,6297.35986328125,5512290000.0,16.520000457763672,3340.10009765625,667.0,91.20315551757812,4747200.0,148.0030059814453,0.0053737674089093,-0.0372960020594029,-0.0036987031599552,-0.0003184482205534,0.0050953919198096,6268.121372767857,6124.3283203125,16.6257141658238,17.635999997456867,3336.985735212053,3343.7466634114585,91.39829581124442,91.44994608561198,147.30028642926897,145.14783376057943,0.0923779073483002,0.952489742203802,0.134511845518781,0.0573077802234626,0.0845568252271345,0.0,-0.0265504356528424,-0.0201816267723593,0,
2025-07-18,6296.7900390625,5184700000.0,16.40999984741211,3353.0,602.0,91.45504760742188,4035000.0,148.44200134277344,-9.048620868445932e-05,-0.0066586324033585,0.0038621304651325,0.0027618791083956,-0.0029661246298142,6272.911411830357,6135.194319661458,16.69285706111363,17.595999972025552,3342.9000069754466,3343.063330078125,91.341552734375,91.45508422851564,147.5278581891741,145.30133361816405,0.0924057162346017,0.95258696783143,0.1334032354971875,0.053775232153227,0.0808887165603946,-9.048620868445848e-05,-0.0227908464341073,-0.0174754868773198,0,
2025-07-21,6305.60009765625,5010840000.0,16.649999618530273,3401.89990234375,53.0,91.77474212646484,5232300.0,148.43099975585938,0.0013991348828683,0.014625214707483,0.0145839255424247,0.003495646521505,7.411370646137616e-05,6276.502859933035,6147.404329427083,16.817142759050643,17.534999974568684,3354.971435546875,3344.769995117188,91.33740125383648,91.47989273071288,147.8588583809989,145.49130045572915,0.0899623212507771,0.9419851564239368,0.1384863044225205,0.0538768871454458,0.0766340762934976,0.0,-0.0085393008991265,-0.014040928480729,0,
2025-07-22,6309.6201171875,5662040000.0,16.5,3439.199951171875,39.0,92.03631591796876,6098000.0,147.40899658203125,0.0006375316336257,-0.00900898630432,0.0109644757044224,0.0028501719039806,0.0068853755314531,6283.627162388393,6157.713004557291,16.83142852783203,17.525999959309896,3366.8571428571427,3348.653328450521,91.43151201520648,91.53756383260092,148.01900155203683,145.62020009358724,0.0865369662427606,0.9023444341048266,0.1390182123806456,0.0483457667098966,0.0790361240558649,0.0,0.0,-0.0112307756366099,0,
2025-07-23,6358.91015625,5642510000.0,15.369999885559082,3394.10009765625,63.0,91.70693969726562,5074000.0,146.78500366210938,0.0078118869515191,-0.0684848554206617,-0.0131134723644833,-0.0035787636371354,0.0042330721624214,6296.534319196428,6169.480680338542,16.569999831063406,17.466333293914794,3372.94287109375,3350.7199951171874,91.4841057913644,91.57878290812174,147.9461451939174,145.69000040690105,0.0882909188899605,0.9216390623866498,0.1449341945848542,0.0497113412782572,0.077416789211833,0.0,-0.0131134723644833,-0.0147693469822802,0,
2025-07-24,6363.35009765625,5282720000.0,15.390000343322754,3371.0,1175.0,91.5712890625,5867400.0,146.3489990234375,0.0006982236416543,0.0013012659669868,-0.006805956510299,-0.0014791752424998,0.0029703622835717,6313.61865234375,6180.298681640625,16.285714285714285,17.414333279927572,3378.8285784040177,3352.389998372396,91.5685283115932,91.61032994588216,147.74000113351005,145.75030059814452,0.0877004564936604,0.9211764112710794,0.1461028128855286,0.0498725862172308,0.0779481595900525,0.0,-0.0198301791521707,-0.016226675772376,0,
2025-07-25,6388.64013671875,4470720000.0,14.93000030517578,3334.0,67.0,91.784423828125,3614000.0,147.0050048828125,0.0039743277792958,-0.0298895404733733,-0.0109759715218036,0.0023275282876003,-0.0044824758881332,6331.467215401785,6192.51201171875,15.967142922537665,17.336666615804038,3376.185721261161,3352.813330078125,91.64741625104632,91.6364262898763,147.48914446149553,145.8225341796875,0.0868590452099518,0.92271041069418,0.1498708632826376,0.048932967395394,0.0787016023071266,0.0,-0.0305884951923278,-0.0139369155316496,0,
2025-07-28,6389.77001953125,4565620000.0,15.029999732971191,3309.10009765625,533.0,91.58098602294922,5073200.0,147.81300354003906,0.0001768581088181,0.0066978851809362,-0.0074684770077234,-0.0022164741760185,-0.0054964023699102,6344.668666294643,6203.995686848958,15.75428567613874,17.23699992497762,3371.757149832589,3350.4200032552085,91.7013920375279,91.64254353841146,147.46200125558036,145.9428675333659,0.0868315950028251,0.9123814861019078,0.141548345290233,0.0478879599508196,0.078575411471371,0.0,-0.0378285227270065,-0.0161224988942989,0,
2025-07-29,6370.85986328125,5076120000.0,15.979999542236328,3323.39990234375,113144.0,92.18164825439452,7864000.0,148.47900390625,-0.0029594423887242,0.0632069079270261,0.004321357549029,0.0065588093940676,-0.004505695373618,6355.250069754465,6217.125341796875,15.69285706111363,17.075666586558025,3367.528564453125,3346.826668294271,91.80519212995256,91.67994944254558,147.46728733607702,146.11903432210286,0.0788467351863443,0.8048188699454583,0.1346043784624985,0.0500504998257309,0.0756276490420371,-0.0029594423887242,-0.0336706357502323,-0.009669433897435,0,
2025-07-30,6362.89990234375,5375070000.0,15.479999542236328,3295.800048828125,19252.0,91.86192321777344,7425600.0,148.44200134277344,-0.0012494327466496,-0.0312891122855456,-0.0083047043168535,-0.0034684239507057,0.0002492107469951,6363.435756138393,6228.118343098959,15.525714193071638,16.954666550954183,3352.3714425223216,3343.47333984375,91.81764657156808,91.71539026896158,147.46885899135046,146.26406758626302,0.0763349769114377,0.7768771086888157,0.1336250692895146,0.0504237995074765,0.0741949010615552,-0.0042051775111416,-0.0416957153930197,-0.0131043201520211,0,
2025-07-31,6339.39013671875,6077080000.0,16.719999313354492,3293.199951171875,3704.0,91.939453125,10411800.0,149.2259979248047,-0.003694819341153,0.0801033467562382,-0.0007889124393861,0.0008439830618696,-0.0052815010235607,6367.688616071428,6240.007340494792,15.557142666407994,16.791999848683677,3331.5142996651784,3340.360001627604,91.8038090297154,91.73860677083331,147.72843061174666,146.41396738688152,0.0720317072231728,0.7112911239760582,0.1335016799199242,0.0486171700368784,0.0745776454109459,-0.0078844594810934,-0.0424517335638632,-0.0122713969143972,0,
2025-08-01,6238.009765625,5827150000.0,20.3799991607666,3347.699951171875,3420.0,92.9979019165039,11870100.0,150.77200317382812,-0.0159921331401484,0.218899521394646,0.0165492532515696,0.0115124547245766,-0.0103601602302734,6350.417131696428,6248.578662109375,16.272856848580496,16.79999984105428,3324.885707310268,3338.9566650390625,91.9882322038923,91.79517339070638,148.2980019705636,146.59383392333984,0.0887027366339691,0.9467243382993524,0.1427155242105837,0.0585556986250894,0.0787734414636855,-0.0237505032954821,-0.0266050248020102,-0.0009002160912048,1,"Gold daily return was 1.65%, used to evaluate commodity safe-haven behavior. || Market stress day identified on 2025-08-01 based on the project's is_stress flag. || S&P 500 daily return was -1.60%, representing equity market pressure. || US Treasury bond ETF IEF daily return was 1.15%, used to evaluate bond safe-haven behavior. || VIX closed at 20.38, showing elevated market fear and volatility."
2025-08-04,6329.93994140625,4842580000.0,17.520000457763672,3374.39990234375,351.0,93.124267578125,8449500.0,147.34300231933594,0.014737100330916,-0.1403336025895768,0.0079756105867638,0.0013588012096719,0.0227429548079879,6345.644252232143,6260.648665364583,16.577142579214915,16.69666649500529,3325.371407645089,3339.1666585286457,92.21008627755302,91.85402145385744,148.44000244140625,146.66466725667317,0.0959897989343514,1.0297883759791602,0.1435228153063548,0.058594805641357,0.104956078129615,-0.0093634165145413,-0.0188416055327184,0.0,0,
2025-08-05,6299.18994140625,5517410000.0,17.850000381469727,3381.89990234375,915.0,93.05623626708984,8218700.0,146.79299926757812,-0.0048578659963033,0.0188356115915409,0.0022226174185195,-0.0007305433138369,0.0037328074160304,6332.865652901785,6269.782666015625,16.994285447256907,16.630666510264078,3332.214250837053,3339.3066569010416,92.3917737688337,91.89997787475586,148.4097159249442,146.68363393147786,0.0951583036755812,1.0262872927903248,0.1434298761944839,0.0580891806438576,0.103829641933491,-0.0141757962881494,-0.0166608657948487,-0.0007305433138368,0,
2025-08-06,6345.06005859375,5408560000.0,16.770000457763672,3380.0,1492.0,92.98820495605467,10107500.0,147.55999755859375,0.0072819072950924,-0.0605041961134753,-0.0005617855047789,-0.0007310773975417,-0.0052250331748961,6326.478515625,6278.211995442708,17.242856979370117,16.60699987411499,3342.3428083147323,3341.3933268229166,92.59280504499164,91.9330436706543,148.37357221330916,146.7380340576172,0.092395509690101,0.9816388736972969,0.1330206516991577,0.0574954567289439,0.1046330204014655,-0.0069971158274613,-0.017213291466727,-0.0014610866276739,0,
2025-08-07,6340.0,5306090000.0,16.56999969482422,3400.300048828125,5464.0,92.92015838623048,5725900.0,147.1929931640625,-0.0007974800154801,-0.0119261036064469,0.0060059316059541,-0.0007317763565427,0.0024871537042789,6322.069963727678,6286.473323567709,17.3271427154541,16.600666522979736,3353.328543526786,3343.8333251953127,92.69830649239675,91.96255366007487,148.18985639299666,146.81256713867188,0.0925268856257207,0.9745043692754636,0.1337747662311356,0.0575825311096676,0.1028770281159685,-0.0077890157829031,-0.0113107417120354,-0.0021917937955676,0,
2025-08-08,6389.4501953125,4769910000.0,15.149999618530272,3439.10009765625,7657.0,92.7063217163086,5623800.0,146.83700561523438,0.0077997153489748,-0.0856970490311774,0.0114107720703933,-0.002301294720496,0.0024185087970277,6325.862862723215,6294.754329427084,17.27999986921038,16.552666505177815,3373.799979073661,3347.3533284505206,92.81893484933036,91.97399063110352,147.9605712890625,146.8770004272461,0.0923908510727764,1.0063438537140357,0.1372719801078634,0.0572222381189385,0.1032040013058533,-5.005253988365956e-05,-2.903393726525725e-05,-0.0044880445525735,0,
2025-08-11,6373.4501953125,4652400000.0,16.25,3353.10009765625,1488.0,92.73548889160156,4920200.0,147.66400146484375,-0.0025041278217863,0.0726072877338093,-0.0250065416992686,0.0003146190545906,-0.0056320669721119,6330.728585379465,6301.433675130208,17.21285711015974,16.55033318201701,3382.3571428571427,3350.0,92.93265424455916,91.99444808959962,147.73742893763952,146.9760004679362,0.0922840327398607,1.0274828811965244,0.1469651763126178,0.0566283391291636,0.1041010308578351,-0.0025540550237122,-0.025034849598171,-0.0041748375223169,0,
2025-08-12,6445.759765625,5135300000.0,14.729999542236328,3348.89990234375,1611.0,92.71604919433594,6724600.0,148.125,0.0113454358466127,-0.0935384897085336,-0.0012526304584333,-0.0002096252200529,-0.0031219425898194,6360.407156808035,6309.460660807292,16.405714307512557,16.483666515350343,3382.528564453125,3351.8166666666666,92.89238956996373,92.00202509562176,147.35928562709265,147.096267191569,0.0963111281144672,1.061098991959586,0.1461472888949663,0.0555044236662704,0.1041657566966146,0.0,-0.0262561206414753,-0.0043835875911356,0,
2025-08-13,6466.580078125,5195950000.0,14.489999771118164,3358.699951171875,1011.0,93.04652404785156,5925200.0,147.75799560546875,0.0032300788824048,-0.0162932639902666,0.0029263486858075,0.0035643759239885,0.0024776667985232,6379.927176339285,6318.413004557292,15.972857066563195,16.40566651026408,3380.285714285714,3352.55,92.88128335135325,92.02633336385092,147.41857038225447,147.22820027669272,0.0961915945403224,1.0615815578222862,0.141681638524438,0.0560759527681158,0.1032074183816035,0.0,-0.0234066065198013,-0.0008348364212176,0,
2025-08-14,6468.5400390625,4462050000.0,14.829999923706056,3335.199951171875,592.0,92.74520874023438,5527500.0,147.1199951171875,0.0003030908012924,0.0234644691482734,-0.0069967547984751,-0.0032383295421355,0.0043178745465983,6404.120047433035,6326.450341796875,15.54142842973982,16.345333194732667,3373.6142926897323,3352.123331705729,92.83685084751674,92.04705657958984,147.4652840750558,147.35213368733724,0.0957228008580601,1.0639659337864862,0.142880003254141,0.0565888294248888,0.1037856582561753,0.0,-0.030239591031793,-0.0040704624879075,0,
2025-08-15,6449.7998046875,4575060000.0,15.09000015258789,3336.0,1185.0,92.56053161621094,7428500.0,147.6909942626953,-0.0028971350972291,0.0175320451934877,0.0002398803189727,-0.0019912308843973,-0.0038811797475455,6419.082868303572,6332.131998697917,15.301428386143275,16.302333227793376,3367.3285784040177,3352.269995117188,92.7757546561105,92.07228088378906,147.48399788992745,147.490966796875,0.094052219394531,1.064541246350743,0.14215111791941,0.0559064973576684,0.1041508005740799,-0.0028971350972291,-0.0300069645955625,-0.0060535881416852,0,
2025-08-18,6449.14990234375,4162290000.0,14.989999771118164,3331.699951171875,646.0,92.47305297851562,9669600.0,147.26400756835938,-0.0001007631807854,-0.0066269304478818,-0.0012889834616681,-0.0009450965348603,0.0028910814533245,6434.675711495535,6339.437662760417,15.075714111328123,16.20899985631307,3357.528564453125,3352.2533284505207,92.71188245500836,92.10427754720052,147.49414280482702,147.58316701253256,0.0903799529894242,1.0323534361198985,0.1422061407596969,0.0550815322762173,0.1032383622838807,-0.002997606353467,-0.0312572695761322,-0.0069929634513694,0,
2025-08-19,6411.3701171875,4377440000.0,15.56999969482422,3313.39990234375,1655.0,92.7063217163086,6499300.0,147.91600036621094,-0.0058581031187567,0.038692457142232,-0.0054927061549129,0.0025225590621211,-0.0044273737257143,6437.80712890625,6345.632666015625,15.13571412222726,16.167666530609132,3339.571393694197,3352.466658528646,92.71188245500836,92.14857025146485,147.64828491210938,147.6506337483724,0.0925153289618383,1.027565680904152,0.1413694129090872,0.0551446149637052,0.1003548209556411,-0.0088381491850958,-0.0365782887340585,-0.0044880445525735,0,
2025-08-20,6395.77978515625,4470390000.0,15.6899995803833,3343.39990234375,1213.0,92.84239196777344,6270700.0,147.7310028076172,-0.0024316693228262,0.0077071218953825,0.0090541440466571,0.0014677559086124,0.0012506933539017,6440.9970703125,6350.05,15.055714062282018,16.159333197275796,3338.185651506697,3353.526652018229,92.72715432303292,92.18157501220703,147.65785653250558,147.6800338745117,0.0917467733864164,1.016223435942111,0.1437015744427854,0.0534103264640307,0.0987830858130521,-0.0112483270516781,-0.0278553297825798,-0.0030268759978712,0,
2025-08-21,6370.169921875,4013560000.0,16.600000381469727,3336.89990234375,142.0,92.57024383544922,5351300.0,147.3179931640625,-0.0040041815293089,0.0579987779110058,-0.001944128788017,-0.0029312916929012,0.0027956869966727,6430.198521205357,6353.04033203125,15.32285703931536,16.18666655222575,3336.471365792411,3354.176652018229,92.70632498604913,92.20712305704753,147.54256984165735,147.7201670328776,0.0925303320643698,1.0286255155284834,0.1437893944124201,0.0542070034102731,0.0979720565695418,-0.0152074682375711,-0.0297453042220668,-0.0059492950343044,0,
2025-08-22,6466.91015625,5046860000.0,14.220000267028809,3374.39990234375,1240.0,93.08538055419922,10867700.0,148.38600158691406,0.0151864448768934,-0.1433734975751969,0.0112379756952436,0.0055648197239892,-0.0072496807749895,6430.245675223215,6359.945670572916,15.28428568158831,16.1139999071757,3338.7142159598216,3354.7899820963544,92.71187591552734,92.2640510559082,147.63228498186385,147.79010060628255,0.1010708241840287,1.10691281233545,0.1435197766927373,0.0542199175069079,0.1000075966137085,-0.0002519707387845,-0.0188416055327184,-0.0004175820646659,0,
2025-08-25,6439.31982421875,4059070000.0,14.789999961853027,3373.800048828125,1044.0,92.90072631835938,9936400.0,147.21499633789062,-0.0042663855480634,0.0400843659719085,-0.0001777659829851,-0.0019837082336718,0.0078916153579187,6426.071358816965,6365.637662760417,15.27857140132359,16.033666547139486,3344.228515625,3355.533317057292,92.73409271240234,92.31611582438153,147.64585658482142,147.78743387858074,0.1022543192065067,1.1036995832230512,0.143449295174773,0.0546682156292832,0.1009681248805382,-0.0045172812825295,-0.019016022119175,-0.0024004619373579,0,
2025-08-26,6465.93994140625,4867680000.0,14.619999885559082,3388.60009765625,905.0,93.14370727539062,5871200.0,147.82200622558594,0.0041339951911349,-0.0114942580616914,0.0043867593259612,0.0026154903913084,-0.0041232884067197,6428.377092633928,6373.043668619792,15.21142850603376,15.941666571299235,3351.7428152901784,3357.493318684896,92.8174035208566,92.3882283528646,147.6645725795201,147.78843383789064,0.1015905755542616,1.1032563296496791,0.1424684654225943,0.0532628523448577,0.1012085984024403,-0.0004019605104936,-0.0147126815055878,0.0,0,
2025-08-27,6481.39990234375,4143680000.0,14.850000381469728,3404.60009765625,3222.0,93.31866455078124,5222800.0,147.46200561523438,0.0023909843081744,0.0157319081881683,0.0047217138461002,0.0018783585118995,0.0024353654746247,6432.984235491072,6380.300325520833,15.191428593226842,15.864666589101155,3362.1571219308034,3359.229988606771,92.9382051740374,92.45777689615883,147.69285801478796,147.74513397216796,0.1014793082039996,1.1042638120040422,0.1418046375922286,0.0530374035969204,0.0995082898363681,0.0,-0.0100604367314658,0.0,0,
2025-08-28,6501.85986328125,4283760000.0,14.43000030517578,3431.800048828125,1035.0,93.53250122070312,6544700.0,147.3159942626953,0.0031567194195349,-0.0282828326939329,0.0079891765234336,0.0022914673174039,0.0009901625298658,6445.911342075893,6387.1169921875,15.02857153756278,15.794999917348228,3379.0714285714284,3362.286653645833,93.05623081752232,92.5354217529297,147.60714285714286,147.72223358154298,0.1008808634476693,1.1021025523687928,0.1428021159042521,0.0531158593390891,0.0984856325945168,0.0,-0.0021516348129827,0.0,0,
2025-08-29,6460.259765625,4234840000.0,15.359999656677246,3473.699951171875,0.0,93.45474243164062,6818900.0,146.7899932861328,-0.0063981842935716,0.0644490181450581,0.0122093075784115,-0.0008313558180061,0.0035705625800857,6455.122767857143,6392.565983072916,14.981428691319056,15.759999910990397,3397.685721261161,3366.3099853515623,93.14370945521765,92.60207824707032,147.47271292550224,147.66716664632162,0.1031506427638029,1.118744553180786,0.1462917330913876,0.0530106765023817,0.0985184527360912,-0.0063981842935716,0.0,-0.0008313558180061,0,
2025-09-02,6415.5400390625,4784000000.0,17.170000076293945,3549.39990234375,658.0,93.17584228515624,8623200.0,147.08399963378906,-0.0069222799368615,0.1178385716193595,0.021792311436207,-0.0029843337986662,-0.0020029045650487,6461.604213169643,6396.230647786459,15.062857219151088,15.77733325958252,3428.0428641183034,3371.2266520182293,93.23022351946148,92.64878158569336,147.4392852783203,147.6222666422526,0.1055742803248789,1.1691870389173618,0.1533357302986795,0.0533948333538197,0.0987534062834319,-0.0132761742076654,0.0,-0.0038132085734059,0,
2025-09-03,6448.259765625,4465360000.0,16.350000381469727,3593.199951171875,72.0,93.49764251708984,7586100.0,148.54800415039062,0.0051000736279842,-0.0477576989621779,0.0123401279183004,0.0034536873940862,-0.0099535266939072,6458.939871651785,6400.851969401042,15.367142949785505,15.772333272298177,3459.3000139508927,3376.3599853515625,93.28911808558873,92.69749247233072,147.4624285016741,147.6602335611979,0.1063780974768049,1.1781812220493213,0.1541264138542628,0.0536526472251837,0.1010072178942039,-0.0082438100456382,0.0,-0.0003726908097007,0,
2025-09-04,6502.080078125,4670770000.0,15.300000190734863,3565.800048828125,237.0,93.91696166992188,6395300.0,147.97999572753906,0.0083464864096993,-0.064220193653627,-0.0076254877869554,0.0044848099004783,0.0038237364823596,6467.905622209822,6405.624300130208,15.440000125340053,15.76999994913737,3486.728585379464,3382.083317057292,93.43429456438336,92.77115987141929,147.57171412876673,147.70006663004557,0.1066974473958868,1.176016915082724,0.1503778490278428,0.0533749153329326,0.1008552731290605,0.0,-0.0076254877869554,0.0,0,
2025-09-05,6481.5,5066120000.0,15.18000030517578,3613.199951171875,925.0,94.37528228759766,9566300.0,148.375,-0.0031651529783888,-0.0078431296773284,0.0132929221197715,0.0048800622329179,-0.0026693085813316,6470.128487723215,6409.562630208334,15.520000185285296,15.762999947865804,3518.814278738839,3390.1566487630207,93.61023385184151,92.86462631225588,147.65071323939733,147.767599995931,0.1073040262139188,1.176394065749915,0.1517867361062262,0.0541916653694043,0.1005952433570035,-0.0031651529783888,0.0,0.0,0,
2025-09-08,6495.14990234375,5211500000.0,15.109999656677246,3638.10009765625,97.0,94.6678466796875,7599600.0,148.343994140625,0.0021059789159529,-0.0046113733261695,0.0068914388411576,0.0031000107761085,0.0002089695661331,6472.0927734375,6413.112955729167,15.55714293888637,15.768999926249188,3552.1714215959823,3400.293318684896,93.802974155971,92.96074040730794,147.7767116001674,147.8122329711914,0.1069348462688686,1.172685323628654,0.1469007344142182,0.054400524552072,0.0998888179156318,-0.0010658398078739,0.0,0.0,0,
2025-09-09,6512.60986328125,4798350000.0,15.039999961853027,3643.300048828125,535.0,94.44355010986328,8223100.0,147.36399841308594,0.0026881536531127,-0.0046326734887307,0.0014293040412012,-0.0023693004297766,0.0066062379755668,6473.628487723215,6417.2076171875,15.64428574698312,15.769333267211914,3582.385707310268,3411.433317057292,93.93312399727958,93.05615921020508,147.7835693359375,147.7972661336263,0.1071015362710182,1.1728348023709845,0.1436417575247643,0.0544816960173479,0.10059670939737,0.0,0.0,-0.0023693004297767,0,
2025-09-10,6532.0400390625,5253010000.0,15.350000381469728,3643.60009765625,136.0,94.69709014892578,8864500.0,147.39199829101562,0.0029834699435626,0.020611730079985,8.235633192543723e-05,0.0026845670113795,-0.0001900048738578,6483.8828125,6422.580289713542,15.642857279096331,15.74833329518636,3606.657156808036,3422.106656901042,94.11060224260602,93.14000727335612,147.86957005092077,147.7610326131185,0.106742225452582,1.160144033573431,0.143892689832866,0.052174882617942,0.0996597395379875,0.0,0.0,0.0,0,
2025-09-11,6587.47021484375,5426460000.0,14.710000038146973,3636.89990234375,307.0,94.84335327148438,8554300.0,147.33200073242188,0.0084858903879598,-0.0416938324050697,-0.0018388942619718,0.0015445366096105,0.0004070611653916,6508.444266183035,6430.065966796875,15.291428702218193,15.72266664505005,3619.157156808036,3433.4766520182293,94.34881809779576,93.23938827514648,147.90499877929688,147.72403259277343,0.1087840528997386,1.1630645924798415,0.1406183890525416,0.0505218853720296,0.0996611125907976,0.0,-0.0018388942619718,0.0,0,
2025-09-12,6584.2900390625,4641640000.0,14.760000228881836,3649.39990234375,1300.0,94.5703125,36502700.0,147.2239990234375,-0.0004827613146674,0.0033990612240109,0.0034369931358144,-0.0028788603741456,0.0007330499039412,6527.877162388393,6438.229296875,15.064285823277064,15.657333342234294,3627.185721261161,3445.3499837239583,94.50205666678292,93.32708358764648,147.71585518973214,147.6572992960612,0.1079283758870933,1.1386400084503354,0.1400761214428001,0.051802624956894,0.0982852504959377,-0.0004827613146673,0.0,-0.0028788603741456,0,
2025-09-15,6615.27978515625,5045020000.0,15.6899995803833,3682.199951171875,210.0,94.72634887695312,4990100.0,147.66600036621094,0.0047066192269626,0.0630080851680257,0.0089877924332326,0.0016499509500207,-0.0030022370381548,6544.048549107143,6450.804964192708,15.12000002179827,15.501000022888183,3643.814278738839,3456.4999837239584,94.61768341064452,93.38469848632812,147.6709987095424,147.55376586914062,0.0950354957104624,0.9502494341862872,0.1355817634009935,0.0411028839856472,0.0934599871069128,0.0,0.0,-0.0012336594025343,0,
2025-09-16,6606.759765625,5359510000.0,16.360000610351562,3688.89990234375,373.0,94.78484344482422,5847700.0,147.40499877929688,-0.0012879303382402,0.0427024249768586,0.0018195511543968,0.0006175110575312,0.0017675130786151,6561.942801339285,6460.032291666666,15.28857149396624,15.46233336130778,3654.6285574776784,3466.9833170572915,94.67619214739118,93.4400510152181,147.53242710658483,147.555832417806,0.0873785485323545,0.8717343702636648,0.1348755484954507,0.0410427790637801,0.0662308534894799,-0.0012879303382402,0.0,-0.0006169101433252,0,
2025-09-17,6600.35009765625,5805340000.0,15.720000267028809,3681.800048828125,183.0,94.58006286621094,10701700.0,146.41299438476562,-0.0009701681605103,-0.0391198239270115,-0.0019246533393638,-0.0021604781014644,0.0067297880176814,6576.971400669643,6470.070963541667,15.375714438302175,15.391333357493084,3660.871407645089,3476.979988606771,94.66365160260882,93.4908452351888,147.2565699986049,147.5431655883789,0.0856521541375918,0.8765632535132066,0.1356194103831492,0.0416481222021596,0.0682463693706102,-0.0022568489897434,-0.0019246533393638,-0.0027760554239344,0,
2025-09-18,6631.9599609375,5292400000.0,15.699999809265137,3643.699951171875,80.0,94.2680206298828,7589200.0,146.89100646972656,0.0047891191851283,-0.0012722937292578,-0.0103482256371789,-0.0032992390454374,-0.0032648200862879,6594.021414620535,6479.634293619792,15.47000013078962,15.355666669209798,3660.928536551339,3485.769986979167,94.6385759626116,93.53350575764972,147.18899972098214,147.52086588541667,0.0845051314348151,0.8592768445137043,0.1406451747038176,0.0429757859591441,0.0671505928350317,0.0,-0.0122529622295137,-0.006066135598925,0,
2025-09-19,6664.35986328125,9125960000.0,15.449999809265137,3671.5,211.0,94.22900390625,5528800.0,147.94700622558594,0.0048854188708296,-0.0159235670724318,0.0076296207702788,-0.0004138914063549,-0.0071890021127809,6612.924246651785,6490.4462890625,15.484285763331822,15.31833333969116,3664.914236886161,3494.8099853515623,94.5717064993722,93.5771339416504,147.2682865687779,147.5459996541341,0.0847737435432548,0.8598065098433926,0.1410704282469048,0.0429090529212177,0.0700102950408534,0.0,-0.0047168269143586,-0.0064775162838858,0,
2025-09-22,6693.75,5642620000.0,16.100000381469727,3740.699951171875,410.0,94.07299041748048,5282700.0,148.09500122070312,0.004410046474333,0.042071234966281,0.0188478690376889,-0.0016556843678909,-0.0010003243654117,6628.107073102678,6500.589615885417,15.68285724094936,15.350000031789143,3679.7428152901775,3504.863313802083,94.46165466308594,93.62268956502278,147.37728663853235,147.5879328409831,0.0832014952530268,0.8294986571417398,0.1466436444302346,0.0425863204162597,0.0696077937961914,0.0,0.0,-0.0081224759293228,0,
2025-09-23,6656.919921875,5633620000.0,16.639999389648438,3780.60009765625,627.0,94.3362808227539,7077500.0,147.72500610351562,-0.0055021591970121,0.0335403102723042,0.0106664921017991,0.0027987885162892,0.0024983633082665,6638.482770647322,6510.038606770833,15.951428549630302,15.363000011444091,3698.4857003348216,3519.113313802083,94.42822156633648,93.6760492960612,147.4488590785435,147.5899663289388,0.0849118497523372,0.8086295749904113,0.122169099464998,0.0431021982432984,0.0681630232832752,-0.0055021591970121,0.0,-0.0053464205053884,0,
2025-09-24,6637.97021484375,5459180000.0,16.18000030517578,3732.10009765625,588.0,94.0827407836914,5419700.0,147.61300659179688,-0.0028466178433332,-0.027644176763541,-0.0128286512054176,-0.0026876196183616,0.0007581621735744,6641.724260602678,6516.445621744791,16.021428653172084,15.41133337020874,3705.614292689732,3531.886653645833,94.3362775530134,93.72160568237304,147.4412885393415,147.5728998819987,0.0804052475079767,0.7621434588748459,0.1308242638708552,0.044081014962401,0.0675549164824454,-0.0083331144957983,-0.0128286512054176,-0.0080196709791117,0,
2025-09-25,6604.72021484375,5874670000.0,16.739999771118164,3736.89990234375,1899.0,93.87796783447266,6517500.0,148.75100708007812,-0.0050090613431266,0.0346105967478409,0.0012860868041868,-0.0021765198113175,-0.0077093510562264,6641.432896205357,6521.05029296875,16.075714247567312,15.48633337020874,3712.471435546875,3544.493318684896,94.20672389439174,93.74932047526042,147.63357543945312,147.6060002644857,0.0819438599392198,0.7644858938238185,0.1309894338190955,0.0437424704655521,0.0708209671431633,-0.0133004347572362,-0.0115590631602616,-0.0101787358176629,0,
2025-09-26,6643.7001953125,5103110000.0,15.289999961853027,3775.300048828125,19308.0,93.8292007446289,7295300.0,149.86099243164062,0.0059018367471712,-0.0866188667318172,0.0102759366019653,-0.0005194732158,-0.0074620358769399,6647.625767299107,6526.88896484375,16.0142856325422,15.50166670481364,3725.8285784040177,3559.163321940104,94.09945787702289,93.78545354207355,148.1261465890067,147.6973668416341,0.0832932362869031,0.8079312970959288,0.1283922473094373,0.042524036863215,0.0724539891564122,-0.0074770950046685,-0.0014019067585092,-0.010692921452835,0,
2025-09-29,6661.2099609375,5358760000.0,16.1200008392334,3820.89990234375,8860.0,94.10224151611328,6357500.0,149.40499877929688,0.0026355442163621,0.054283903168812,0.0120784713601187,0.0029099765245523,0.0030427774762785,6651.804338727678,6533.935970052084,16.074285779680526,15.536000061035155,3751.142857142857,3575.326652018229,94.07577514648438,93.83684387207032,148.48528834751673,147.75450032552084,0.0826399963661625,0.8208719880025025,0.1298187521476426,0.0425108240398764,0.0725294891353908,-0.0048612570028011,0.0,-0.0078140610786893,0,
2025-09-30,6688.4599609375,6057210000.0,16.280000686645508,3840.800048828125,1611.0,94.063232421875,9257800.0,148.59500122070312,0.0040908483833717,0.0099255483301647,0.0052082354924209,-0.0004145394797169,0.0054214890078094,6655.247209821428,6541.912972005209,16.192857333592006,15.579000091552734,3775.3285784040177,3592.2966552734374,94.05209350585938,93.88984985351564,148.5778590611049,147.79886678059896,0.0830078527447783,0.820495690688351,0.1286326192535276,0.0423758142716808,0.073883777696187,-0.0007902952847805,0.0,-0.0082253613215922,0,
2025-10-01,6711.2001953125,6037950000.0,16.290000915527344,3867.5,1778.0,94.38015747070312,8347000.0,147.9969940185547,0.0033999208349619,0.0006142646474234,0.0069516639326281,0.0033692766096609,0.0040244099548156,6657.740094866072,6551.907307942708,16.22000026702881,15.60300013224284,3793.44287109375,3610.7666585286456,94.0959745134626,93.94564437866212,148.56385803222656,147.80156656901042,0.0804367215053086,0.8139299882595485,0.1249994529877611,0.0427835949647122,0.0738520371386666,0.0,0.0,-0.0048837982294381,0,
2025-10-02,6715.35009765625,5416130000.0,16.6299991607666,3839.699951171875,3418.0,94.47795867919922,9420600.0,147.08299255371094,0.0006183547238911,0.0208715915365711,-0.0071881186368778,0.0010362475664067,0.0061758110082232,6666.087262834822,6562.559651692708,16.218571662902832,15.63433345158895,3801.885707310268,3627.309993489583,94.11621420724052,94.00016326904296,148.4721418108259,147.77996622721355,0.0796105403257718,0.8155119828530927,0.1294305141379019,0.0427257965391031,0.0759433327005805,0.0,-0.0071881186368778,-0.0038526114870615,0,
2025-10-03,6715.7900390625,5713110000.0,16.649999618530273,3880.800048828125,392.0,94.2921142578125,5154300.0,147.14999389648438,6.551280273581206e-05,0.0012026734078771,0.0107039868163933,-0.001967066435228,-0.0004555342640921,6677.204380580357,6574.080322265625,16.285714421953475,15.6360000928243,3823.1285574776784,3645.439998372396,94.14612470354352,94.05755894978842,148.40599714006697,147.7743662516276,0.0779605663104117,0.7988160648753165,0.12901624113373,0.0421232231051399,0.0755372024426435,0.0,0.0,-0.0058120995795454,0,
2025-10-06,6740.27978515625,5604460000.0,16.3700008392334,3948.5,1267.0,94.01824951171876,6319600.0,149.6060028076172,0.0036465919796933,-0.0168167438866038,0.0174448439291063,-0.0029044289466766,-0.016690513170259,6696.570033482143,6583.192643229167,16.23285743168422,15.707666778564452,3853.357142857143,3664.576668294271,94.16616494315012,94.08865458170573,148.52813938685827,147.81503295898438,0.0671312580831818,0.6740437167974604,0.1327904592370561,0.0406047946913632,0.0874556713988573,0.0,0.0,-0.0086996476959623,0,
2025-10-07,6714.58984375,5546150000.0,17.239999771118164,3976.60009765625,2903.0,94.25299072265624,5119900.0,150.33099365234375,-0.0038114057910215,0.0531459308053101,0.0071166512995441,0.0024967621941123,-0.0048460010368625,6706.697126116072,6592.368310546875,16.511428833007812,15.78933343887329,3882.114292689732,3684.670003255209,94.22670636858258,94.13373006184896,148.59528241838728,147.9188995361328,0.0668103338462409,0.6808843198543056,0.1318626920189253,0.0404570981367145,0.0848571083911052,-0.0038114057910215,0.0,-0.0062246064533194,0,
2025-10-08,6753.72021484375,5383130000.0,16.299999237060547,4043.300048828125,2179.0,94.27254486083984,5141900.0,152.05099487304688,0.005827663640568,-0.0545243936506532,0.0167731100774219,0.0002074643789409,-0.0114414278713597,6719.912876674107,6601.960986328125,16.53714288984026,15.845333417256674,3913.8857421875,3706.493334960937,94.25103541782924,94.17135798136393,148.97328186035156,148.05986582438152,0.0675873338221191,0.7015992561813061,0.1357603506921437,0.0399540045572414,0.0899134662660445,0.0,0.0,-0.0060184334584904,0,
2025-10-09,6735.10986328125,5385020000.0,16.43000030517578,3946.300048828125,3130.0,94.20408630371094,7130600.0,152.67999267578125,-0.0027555704071953,0.0079755260245446,-0.0239903046592135,-0.0007261770352117,-0.0041367555882125,6726.5771484375,6610.417985026042,16.558571406773158,15.898000081380207,3928.957170758928,3724.55,94.27115740094868,94.20087203979492,149.55685206821985,148.23379872639973,0.0686103924346381,0.7008865778147306,0.1611333251800917,0.0398321364461724,0.0897768296396807,-0.0027555704071952,-0.0239903046592136,-0.0067402400455366,0,
2025-10-10,6552.509765625,6596610000.0,21.65999984741211,3975.89990234375,1697.0,94.79097747802734,10417700.0,152.96499633789062,-0.0271116732114136,0.3183201123002275,0.0075006596430533,0.006229996992108,-0.0018666732760106,6703.907087053572,6612.106315104166,17.325714111328125,16.13900006612142,3944.44287109375,3742.686661783854,94.32984597342356,94.2428212483724,150.26656668526786,148.4220987955729,0.1068698333820925,1.1419441225331914,0.1610603491557495,0.0430347596160838,0.089559625450129,-0.0297925354942179,-0.016669588126142,-0.0005522347286383,1,"Gold daily return was 0.75%, used to evaluate commodity safe-haven behavior. || Market stress day identified on 2025-10-10 based on the project's is_stress flag. || S&P 500 daily return was -2.71%, representing equity market pressure. || US Treasury bond ETF IEF daily return was 0.62%, used to evaluate bond safe-haven behavior. || VIX closed at 21.66, showing elevated market fear and volatility."
2025-10-13,6654.72021484375,5303960000.0,19.030000686645508,4108.60009765625,1697.0,94.83988189697266,5607600.0,152.05599975585938,0.0155986717875575,-0.1214219381022215,0.0333761408918455,0.0005159185003302,0.0059425136717117,6695.245675223215,6618.588330078125,17.66857147216797,16.261333433787026,3982.857177734375,3763.85,94.38154929024832,94.28899256388348,150.97699628557478,148.5976323445638,0.1137201917473804,1.19887114621568,0.1799110339375399,0.0428632124364332,0.0909271425383198,-0.0146585876895539,0.0,-3.660113642104274e-05,0,
2025-10-14,6644.31005859375,5666920000.0,20.809999465942383,4138.7001953125,2424.0,95.08441162109376,7650600.0,152.4340057373047,-0.0015643266604626,0.0935364537609295,0.0073261200751615,0.0025783427734205,-0.0024859655788145,6685.034249441965,6626.213997395834,18.26285716465541,16.38266674677531,4019.700055803572,3783.493343098958,94.49473462785993,94.35261154174805,151.73185511997767,148.77596588134764,0.1115097088327087,1.1817641294129828,0.1734163887201602,0.0419631194626285,0.0909753734801098,-0.016199983530489,0.0,0.0,0,
2025-10-15,6671.06005859375,5633060000.0,20.63999938964844,4176.89990234375,3287.0,94.97679901123048,7769300.0,151.7310028076172,0.0040260011595036,-0.0081691533232455,0.0092298802108243,-0.0011317586976518,0.0046118510517857,6675.145717075893,6633.640673828125,18.872856957571848,16.5256667137146,4052.32861328125,3802.9500081380206,94.63167027064732,94.4019167582194,152.0354265485491,148.88206583658854,0.1112257484872976,1.170802735255945,0.1725341978861298,0.0414299798621719,0.0885699302233164,-0.0122392035234631,0.0,-0.0011317586976518,0,
2025-10-16,6629.06982421875,6048180000.0,25.309999465942383,4280.2001953125,4705.0,95.41697692871094,11627200.0,150.9739990234375,-0.0062943870998294,0.2262597003096851,0.0247313307438337,0.0046345836252956,0.0049891173865074,6662.928571428572,6637.873665364584,20.02571405683245,16.859333356221516,4095.700055803572,3826.7633463541674,94.79795401436942,94.4519172668457,152.12728445870536,148.98186594645182,0.1110961668359943,1.3053647512357802,0.1772393322191532,0.0415564030779717,0.0891521543955602,-0.0184565523385223,0.0,0.0,1,"Gold daily return was 2.47%, used to evaluate commodity safe-haven behavior. || Market stress day identified on 2025-10-16 based on the project's is_stress flag. || S&P 500 daily return was -0.63%, representing equity market pressure. || US Treasury bond ETF IEF daily return was 0.46%, used to evaluate bond safe-haven behavior. || VIX closed at 25.31, showing elevated market fear and volatility."
2025-10-17,6664.009765625,5358120000.0,20.780000686645508,4189.89990234375,4060.0,95.26046752929688,12491000.0,150.1199951171875,0.0052707155502571,-0.1789805956097521,-0.0210972124779684,-0.0016402678480476,0.0056566290339664,6650.11279296875,6643.95732421875,20.665714263916016,17.046000035603843,4116.64289202009,3845.986678059896,94.939085824149,94.481423441569,151.85142735072546,149.04003245035807,0.1112566336890561,1.4256196542571018,0.192583699234624,0.0398910902466342,0.0907909783614147,-0.01328311602568,-0.0210972124779684,-0.0016402678480475,0,
2025-10-20,6735.1298828125,4672170000.0,18.229999542236328,4336.39990234375,1750.0,95.38762664794922,10437800.0,150.89999389648438,0.0106722708532569,-0.1227141992371523,0.0349650357799837,0.0013348571758082,-0.005195835362824,6650.115652901785,6651.956656901041,20.92285701206752,17.150000031789144,4172.371442522322,3869.2633382161457,95.10816301618304,94.50541610717774,151.5971418108259,149.12523244222004,0.1147455370390752,1.479214571404623,0.2112396064166549,0.0391409436931213,0.0918186128781864,-0.0027526061844242,0.0,-0.0003076001955464,0,
2025-10-21,6735.35009765625,5245020000.0,17.8700008392334,4087.699951171875,2943.0,95.56369018554688,7642000.0,150.7740020751953,3.2696450934288634e-05,-0.0197475980275734,-0.0573517103525108,0.0018457691399269,0.0008349358938708,6676.235700334822,6659.381331380208,20.381428582327707,17.24433339436849,4188.342878069197,3884.076668294271,95.21855054582868,94.54275410970052,151.28414263044084,149.23889923095703,0.1147115204853392,1.48118059629828,0.2797665405292232,0.0385872861258138,0.0893816621579828,-0.0027199997339429,-0.0573517103525108,0.0,0,
2025-10-22,6699.39990234375,5710010000.0,18.600000381469727,4044.39990234375,1237.0,95.58325958251952,6523500.0,151.89300537109375,-0.0053375392208654,0.0408505600421473,-0.0105927659430363,0.0002047785820602,-0.0074217257650317,6682.618512834822,6664.959993489583,20.3199999673026,17.352666727701823,4179.171421595982,3897.436661783854,95.32474735804966,94.57229309082032,151.2608577183315,149.38893280029296,0.1160808746085332,1.4836339435437371,0.2827588986471254,0.0379736843700075,0.0914027884750061,-0.0080430208495476,-0.0673369630513502,0.0,0,
2025-10-23,6738.43994140625,5565750000.0,17.299999237060547,4125.5,354.0,95.27024841308594,6138300.0,151.95399475097656,0.0058273934429324,-0.0698925332122201,0.0200524427886699,-0.0032747488503815,-0.000401528561067,6696.065638950893,6669.992317708334,19.81857136317662,17.439000034332274,4177.285679408482,3913.7233317057294,95.3512954711914,94.58652292887368,151.1922847202846,149.54299926757812,0.1148139640329092,1.4944475676710265,0.2861707595186019,0.039165942490606,0.0913231599093605,-0.0022624972535753,-0.0486347908618303,-0.0032747488503815,0,
2025-10-24,6791.68994140625,5058220000.0,16.3700008392334,4118.39990234375,123.0,95.35828399658205,7555200.0,152.6020050048828,0.0079024225878738,-0.0537571351930975,-0.0017210271860986,0.0009240616557899,-0.0042645160791476,6713.298479352678,6676.905647786459,19.208571570260183,17.492666721343994,4168.92853655134,3929.356665039063,95.40579332624164,94.61278864542643,151.31671360560827,149.7222661336263,0.1165705242572686,1.5055977544134145,0.2867067951990431,0.0381457029443327,0.0916252556379753,0.0,-0.0502721162506656,-0.0023537132644366,0,
2025-10-27,6875.16015625,5290650000.0,15.789999961853027,4001.89990234375,220.0,95.35828399658205,7272300.0,153.06100463867188,0.0122900508656711,-0.035430717632604,-0.0282876852084472,0.0,-0.0030078217764857,6748.454241071428,6685.568326822917,17.848571641104563,17.496000067392984,4129.171351841518,3940.013330078125,95.3974086216518,94.63385314941408,151.61485726492745,149.902099609375,0.1206328712700475,1.501110972773875,0.301279098722536,0.0379296995481373,0.0916262048956563,0.0,-0.0771377196598515,-0.0023537132644366,0,
2025-10-28,6890.89013671875,5695930000.0,16.420000076293945,3966.199951171875,219.0,95.44631958007812,5539600.0,152.69200134277344,0.0022879438603986,0.039898677388406,-0.0089207506541997,0.0009232085541643,0.0024108249960173,6780.86572265625,6695.039339192708,17.225714411054337,17.498000049591063,4097.214215959822,3949.256665039063,95.42395891462054,94.65590235392251,151.98228672572546,150.07833302815754,0.1204078077535634,1.5005089531548534,0.3032326415484314,0.0379675590805046,0.0918267909305593,0.0,-0.0853703439509322,-0.0014326776784921,0,
2025-10-29,6890.58984375,6280130000.0,16.920000076293945,3983.699951171875,1344.0,94.83008575439452,11223300.0,151.7310028076172,-4.3578255173426506e-05,0.030450669773252,0.0044122838524138,-0.0064563393161178,0.0062937058045295,6803.074288504465,6704.713997395834,17.03857163020543,17.538000043233236,4046.8285086495534,3959.3199951171873,95.3443102155413,94.66423645019532,152.1010022844587,150.25559997558594,0.1202770144143859,1.4966106610659076,0.3029675925496862,0.0421351093134156,0.0915080514733315,-4.3578255173429765e-05,-0.0813347382886081,-0.0078797671413869,0,
2025-10-30,6822.33984375,6052700000.0,16.90999984741211,4001.300048828125,935.0,94.69315338134766,8958800.0,152.7220001220703,-0.0099048124395192,-0.0005910300730935,0.0044180279318155,-0.0014439760541976,-0.0065312776961583,6815.501395089285,6711.059993489584,16.901428631373815,17.578333377838135,4034.485665457589,3971.239998372396,95.2199478149414,94.6784075419108,152.37928771972656,150.44996643066406,0.1242213090927718,1.4965812663754523,0.3004073588126298,0.0411698302204492,0.0926295173628508,-0.0099479590602487,-0.0772760495023785,-0.0093123650005198,0,
2025-10-31,6840.2001953125,6398280000.0,17.440000534057617,3982.199951171875,559.0,94.7322769165039,9739900.0,153.89999389648438,0.0026179217059763,0.0313424418348897,-0.0047734729770749,0.0004131611817665,-0.0077133207623818,6835.61572265625,6716.921337890625,16.7357143674578,17.644666735331217,4025.5999581473216,3981.5966634114575,95.09837886265346,94.69518330891928,152.66600036621094,150.64839935302734,0.1237738601926602,1.4966940123146777,0.3010043995274414,0.04114059757587,0.0929304239032558,-0.0073560803322264,-0.0816806473453788,-0.0089030513264818,0,
2025-11-03,6851.97021484375,6065720000.0,17.170000076293945,4000.300048828125,0.0,94.68714904785156,8012500.0,154.19500732421875,0.0017207127269924,-0.015481677149975,0.0045452508357657,-0.0004763726801596,-0.0019169164355705,6851.834333147322,6722.195345052083,16.717143058776855,17.680333391825357,4007.714250837053,3990.25,95.01507895333428,94.71565526326498,152.98614501953125,150.8517328898112,0.1233554817291085,1.4946317020541449,0.2972450768159014,0.0408239021777374,0.0929399378434682,-0.0056480253062825,-0.0775066555402256,-0.0093751828362195,0,
2025-11-04,6771.5498046875,5739510000.0,19.0,3947.699951171875,657.0,94.80489349365234,6119000.0,154.20399475097656,-0.0117368300845838,0.1065812414428974,-0.0131490380756961,0.0012435103072041,-5.828610740232776e-05,6848.957170758928,6726.016341145833,17.092857224600657,17.759000078837076,3983.328543526786,3995.8199951171873,94.93602316720144,94.73127568562826,153.21500069754464,151.06769917805988,0.1273847250773691,1.521014217967798,0.2995025092462482,0.0402145421851276,0.0923101950105096,-0.017318565477533,-0.0896365556511034,-0.0081433306655041,0,
2025-11-05,6796.2900390625,5939600000.0,18.010000228881836,3980.300048828125,559.0,94.3535385131836,11749200.0,153.5570068359375,0.0036535556982648,-0.0521052511114823,0.0082579978365815,-0.004760882733326,0.0041956624799758,6837.690011160715,6731.293668619792,17.410000119890487,17.820000076293944,3980.242850167411,4004.093326822917,94.79248809814452,94.74030227661132,153.28585815429688,151.26583251953124,0.1272492150541591,1.52771707617334,0.296888945062244,0.0419072767601941,0.0935533837205876,-0.0137282841228544,-0.0821187762971674,-0.012865443956473,0,
2025-11-06,6720.31982421875,6051900000.0,19.5,3979.89990234375,650.0,94.83434295654295,7665000.0,154.072998046875,-0.011178189042419,0.0827318018979654,-0.0001005317386795,0.0050957754307452,-0.0033602583273115,6813.322823660715,6735.146988932292,17.85000010899135,17.91200008392334,3982.1999860491073,4012.193326822917,94.70506286621094,94.772181447347,153.48314339773995,151.44323221842447,0.1309072951822734,1.541364212539983,0.2969580741458635,0.0437360809304786,0.0918107096861929,-0.0247530158101201,-0.0822110524924875,-0.0078352279389468,0,
2025-11-07,6728.7998046875,5926070000.0,19.07999992370605,3999.39990234375,245.0,94.8735809326172,11460300.0,152.947998046875,0.001261841800771,-0.0215384654509717,0.0048996207137059,0.0004137528120189,0.0073017336863772,6790.2099609375,6737.983642578125,18.15857151576451,18.038333415985107,3984.4428362165177,4019.663321940104,94.71127646309988,94.80699412027997,153.65699986049108,151.54613240559897,0.1299652446064008,1.5174942965264389,0.2961066483310783,0.0436599932926297,0.0930079006647801,-0.0235224083993933,-0.0777142347544693,-0.0074247169745203,0,
2025-11-10,6832.43017578125,5366050000.0,17.600000381469727,4111.7998046875,189.0,94.74601745605467,9097300.0,153.81700134277344,0.0154010186217099,-0.0775681104902673,0.0281041919008602,-0.0013445626833999,-0.0056816912087473,6791.651436941965,6743.690983072916,18.257143020629883,18.087666734059653,4000.228515625,4029.3599853515625,94.71882847377232,94.828453318278,153.8134286063058,151.69319915771484,0.1369055881713874,1.5332717804753166,0.3043309205063203,0.0432508421952803,0.0933964063189348,-0.00848365882747,-0.0517941386205772,-0.0087592966605415,0,
2025-11-11,6846.60986328125,4983490000.0,17.280000686645508,4106.7998046875,569.0,95.04037475585938,4937700.0,154.14599609375,0.0020753505173405,-0.0181818004482052,-0.0012160125097286,0.0031068039344368,-0.0021388711787679,6792.567103794643,6748.962646484375,18.23428589957101,18.121000067392984,4018.028494698661,4038.226643880209,94.7628424508231,94.8610247294108,153.84857177734375,151.87823232014975,0.1366194697175312,1.5349952259660904,0.3044272041454812,0.0439919942902747,0.0914382656574849,-0.0064259148758661,-0.0529471688098127,-0.0056797061434325,0,
2025-11-12,6850.919921875,5293610000.0,17.510000228881836,4204.39990234375,396.0,95.0600128173828,7188200.0,154.0749969482422,0.0006295171887717,0.0133101581653338,0.023765487069725,0.000206628620456,0.0004605967544212,6792.417061941965,6753.619970703125,18.28285734994071,18.161666711171467,4047.185616629464,4049.456640625,94.81610870361328,94.88368657430011,153.8314274379185,152.080832417806,0.1363998019283372,1.5350327380410902,0.3104458061321705,0.0430495754049133,0.0902309763906596,-0.0058004429109622,-0.0304399969958158,-0.0054742511128215,0,
2025-11-13,6737.490234375,5473720000.0,20.0,4186.89990234375,167.0,94.78526306152344,46965300.0,154.71299743652344,-0.0165568549615969,0.1422044396670561,-0.0041623062521347,-0.0028902768652806,-0.0041408437508883,6787.551409040178,6754.357975260416,18.42571449279785,18.274000072479247,4081.357038225447,4061.0299723307294,94.8133043561663,94.89393005371092,153.90414210728235,152.33516591389974,0.1453066367928409,1.5842892110336133,0.3097080709420426,0.0439161816901009,0.08766342110769,-0.0222612607805694,-0.0344756026581399,-0.008348705876756,1,"Gold daily return was -0.42%, used to evaluate commodity safe-haven behavior. || Market stress day identified on 2025-11-13 based on the project's is_stress flag. || S&P 500 daily return was -1.66%, representing equity market pressure. || US Treasury bond ETF IEF daily return was -0.29%, used to evaluate bond safe-haven behavior. || VIX closed at 20.00, showing elevated market fear and volatility."
2025-11-14,6734.10986328125,5042660000.0,19.82999992370605,4087.60009765625,483.0,94.62828063964844,11288500.0,154.63299560546875,-0.0005017255648851,-0.0085000038146973,-0.023716784973033,-0.0016561901798289,0.0005170983199876,6778.668526785715,6754.968636067709,18.68571444920131,18.38000008265177,4096.685616629465,4067.923307291667,94.85255323137557,94.90513559977214,154.05785478864397,152.58459930419923,0.1453188168687053,1.5850438377319964,0.3182888544467565,0.0437973775472651,0.087828758179186,-0.0227518173018144,-0.0573747371761142,-0.0099910690118976,0,
2025-11-17,6672.41015625,5204220000.0,22.3799991607666,4068.300048828125,1552.0,94.7362060546875,6648500.0,154.5850067138672,-0.0091622661768078,0.1285930028679485,-0.0047216088577723,0.0011405196661034,0.0003103405674427,6771.824288504465,6752.706315104167,19.0971429007394,18.580333360036214,4109.314208984375,4071.916642252604,94.83853367396765,94.92906748453775,154.13099888392858,152.7505661010742,0.1473541035710303,1.6190312075565962,0.3153687826920882,0.0429286922737443,0.075522081548846,-0.0317056252724969,-0.0618254449666234,-0.0088619443564877,0,
2025-11-18,6617.31982421875,5159390000.0,24.690000534057617,4061.300048828125,1375.0,94.89320373535156,8769000.0,155.2729949951172,-0.0082564366909679,0.1032172234099355,-0.0017206203859069,0.0016572088666231,-0.0044505498681606,6755.898577008928,6749.463981119791,19.89857155936105,18.828666718800864,4118.157087053572,4074.739973958333,94.84133693150112,94.95040791829427,154.46314130510603,152.91529947916666,0.1488314983378252,1.635642200842666,0.3149652362931011,0.0426159057030037,0.075360286549718,-0.039700286475655,-0.0634396872315531,-0.0072194215826277,0,
2025-11-19,6642.16015625,5021610000.0,23.65999984741211,4077.699951171875,486.0,94.8245086669922,13075900.0,155.54800415039062,0.0037538357962292,-0.0417173213595,0.0040380917801141,-0.0007239197925169,-0.0017711331921053,6728.717145647322,6745.7453125,20.764285768781388,19.074000072479247,4113.285679408482,4075.886637369792,94.85254996163503,94.96880671183268,154.7104274204799,153.03186645507813,0.1481921515433641,1.6311983782907593,0.3115302180514794,0.0427054258668921,0.0687382183808424,-0.0360954790359186,-0.0596577707309817,-0.0079381150929705,0,
2025-11-20,6538.759765625,5596080000.0,26.420000076293945,4056.5,202.0,95.0501937866211,9076400.0,156.99200439453125,-0.0155672835632704,0.1166525886171432,-0.005198997333235,0.0023800294122424,-0.0092833093682416,6684.738560267857,6739.200309244791,22.0699999673026,19.407000064849854,4106.099993024553,4079.5599690755207,94.85395268031527,94.99701029459636,155.11700003487724,153.17560017903645,0.1543990770866815,1.656012304960967,0.3033627772054956,0.0430686000100046,0.0724486701261872,-0.0511008540416847,-0.0645466074732796,-0.0055769786281269,1,"Gold daily return was -0.52%, used to evaluate commodity safe-haven behavior. || Market stress day identified on 2025-11-20 based on the project's is_stress flag. || S&P 500 daily return was -1.56%, representing equity market pressure. || US Treasury bond ETF IEF daily return was 0.24%, used to evaluate bond safe-haven behavior. || VIX closed at 26.42, showing elevated market fear and volatility."
2025-11-21,6602.990234375,5929930000.0,23.43000030517578,4076.699951171875,171.0,95.36418151855467,12551100.0,157.36900329589844,0.0098230354153194,-0.1131718305255048,0.0049796502334216,0.0033033886562972,-0.0024013891842527,6649.320033482143,6740.882991536459,22.915714263916016,19.466000080108643,4087.857142857143,4082.919970703125,94.89740535191127,95.01611709594728,155.5875723702567,153.32240041097006,0.1360088456258822,1.4409226351689577,0.3029880663162771,0.0403152656016135,0.0725247115930143,-0.0417797841253698,-0.0598883767688288,-0.0022920128997662,0,
2025-11-24,6705.1201171875,6039740000.0,20.520000457763672,4091.89990234375,591.0,95.51136016845705,6903900.0,156.68800354003906,0.0154672170012934,-0.1241997357878513,0.0037284939666717,0.0015433325967753,0.0043274071869089,6644.695731026785,6742.56298828125,22.99000004359654,19.515666739145917,4074.285714285714,4082.3632975260416,95.00113351004464,95.03849970499674,155.86971609933036,153.47680053710937,0.135880757476836,1.4430873546053409,0.2872448572049117,0.0404938916507385,0.0713308450000391,-0.0269587841114106,-0.0563831762536134,-0.0007522176412115,0,
2025-11-25,6765.8798828125,5003330000.0,18.559999465942383,4139.2001953125,132704.0,95.75666809082033,9193400.0,156.93899536132812,0.0090616968172205,-0.0955166154043495,0.0115594941463883,0.0025683638253148,-0.0016018572935925,6649.234305245535,6746.615315755208,22.80857140677316,19.440666739145914,4081.657156808036,4082.379964192709,95.16233171735492,95.06090825398763,156.1991446358817,153.62696685791016,0.1380947454205674,1.447976368167663,0.2884395598729876,0.0404888908039176,0.071217867473022,-0.0181413796223685,-0.0454754431030834,0.0,0,
2025-11-26,6812.60986328125,4485000000.0,17.190000534057617,4165.2001953125,25088.0,95.83517456054688,7747100.0,156.22999572753906,0.0069067115110126,-0.0738145997470913,0.006281406738781,0.0008198538158417,0.0045176766434416,6669.262834821428,6751.333642578125,22.067143031529017,19.325666777292888,4095.500034877232,4081.989973958333,95.31932721819196,95.08952077229816,156.43414306640625,153.7769332885742,0.1389580025701188,1.4636726017259685,0.2877601606595037,0.0403098572829233,0.0711540957073304,-0.0113599653868193,-0.0394796861190591,0.0,0,
2025-11-28,6849.08984375,2558540000.0,16.350000381469727,4218.2998046875,3615.0,95.66836547851562,7798000.0,156.28399658203125,0.0053547731634202,-0.048865626904644,0.0127483930867855,-0.0017405830666679,-0.0003456497213656,6702.372837611607,6758.667643229167,20.87571443830217,19.0270001411438,4117.928571428572,4079.926627604167,95.43006461007256,95.097900390625,156.57857186453683,153.953933207194,0.137933518581705,1.2986975547496935,0.2808479764311924,0.0385534580819895,0.0689068605093123,-0.0060660222611899,-0.0272345955898622,-0.0017405830666678,0,
2025-12-01,6812.6298828125,4549370000.0,17.239999771118164,4239.2998046875,913.0,95.15465545654295,9898100.0,155.92799377441406,-0.0053233293429156,0.0544342121641243,0.0049783090278847,-0.0053696958174542,0.0022779223426777,6726.725655691965,6763.621647135416,19.958571570260183,18.90900011062622,4141.014264787947,4081.573291015625,95.47722843715124,95.0943733215332,156.63285609654017,154.14753316243488,0.1385828810543103,1.209811330521164,0.2741842017816218,0.0414172094514995,0.0666607794049072,-0.0113570601698078,-0.0223918687950733,-0.0071009324825091,0,
2025-12-02,6829.3701171875,4582290000.0,16.59000015258789,4186.60009765625,366.0,95.2333755493164,7317200.0,155.5570068359375,0.0024572352619998,-0.0377029946148378,-0.0124312290848075,0.0008272857738358,0.0023792195967921,6768.241420200893,6766.76298828125,18.55428586687361,18.85433346430461,4159.599993024553,4076.579964192708,95.5033972603934,95.08923161824544,156.4278564453125,154.30276692708333,0.1354942028725885,1.1610754995858763,0.2562960529139235,0.0412974150954527,0.0664036142334875,-0.0089277318765299,-0.0345447394292523,-0.006279521209097,0,
2025-12-03,6849.72021484375,4736780000.0,16.079999923706055,4199.2998046875,1897.0,95.43020629882812,6855100.0,155.8070068359375,0.0029797912994984,-0.0307414240018726,0.0030334177459079,0.0020668252949807,-0.001607127863187,6803.488560267857,6770.575325520834,17.50428581237793,18.79466676712036,4177.1142578125,4080.299959309896,95.51282937186105,95.08478215535482,156.20471409388952,154.4705337524414,0.1356752612056367,1.1630877419253838,0.1929352965340612,0.04139049063493,0.0661869966108033,-0.0059745433548014,-0.0316161103089569,-0.0042256745873916,0,
2025-12-04,6857.1201171875,4872440000.0,15.779999732971191,4211.7998046875,616.0,95.13495635986328,8928900.0,155.10699462890625,0.0010803218396737,-0.0186567283680508,0.0029766867290701,-0.0030938834821366,0.0044928159602497,6825.202845982143,6775.832666015625,16.82714285169329,18.700666745503742,4194.242815290178,4085.879956054688,95.4590573992048,95.0698387145996,155.9788556780134,154.57766672770182,0.1345059936594728,1.157276192163035,0.1898525241909099,0.042312556954753,0.0653059306749886,-0.004900675944796,-0.0287335348358682,-0.0073064843247215,0,
2025-12-05,6870.39990234375,4944560000.0,15.40999984741211,4212.89990234375,533.0,94.93814086914062,9118700.0,155.14199829101562,0.001936641757662,-0.0234473949188981,0.0002611941942316,-0.0020688030798917,-0.0002256742978814,6840.13427734375,6780.231331380209,16.377142906188965,18.637666765848795,4204.771344866072,4088.7932861328127,95.34212493896484,95.05876846313475,155.7221418108259,154.6839335123698,0.1337153674774466,1.1416480574669496,0.1814555113630894,0.0416790935895031,0.0653150521558885,-0.0029735250408094,-0.0284798456741156,-0.0093601717273392,0,
2025-12-08,6846.509765625,4757130000.0,16.65999984741211,4187.2001953125,318.0,94.74131774902344,14728300.0,155.33999633789062,-0.003477255626794,0.0811161591419431,-0.006100241550233,-0.0020731722605404,-0.0012762375698138,6844.977120535715,6782.058658854166,16.301428522382462,18.64733339945475,4207.914202008928,4091.086629231771,95.18585968017578,95.03820292154948,155.5949990408761,154.77519989013672,0.1324363589605368,1.1547312391060578,0.1824176291775891,0.0419354744661452,0.0644668355297267,-0.0064404409609239,-0.0344063532864231,-0.0114139387395006,0,
2025-12-09,6840.509765625,4508050000.0,16.93000030517578,4206.7001953125,660.0,94.60354614257812,8509200.0,155.843994140625,-0.0008763589340257,0.0162065102182826,0.0046570498400888,-0.0014541871457844,-0.0032444818759882,6843.751395089285,6780.903645833333,16.38428565434047,18.68533341089885,4206.257114955357,4097.913305664062,95.03374263218473,95.01304499308269,155.53214154924666,154.8679662068685,0.1274847082993982,1.149441079714006,0.160760726032248,0.0420828337866825,0.064547215005957,-0.0073111557569744,-0.0299095355484049,-0.0128515278822874,0,
2025-12-10,6886.68017578125,5526570000.0,15.770000457763672,4196.39990234375,692.0,94.90861511230467,13356900.0,156.83799743652344,0.0067495569392015,-0.0685174144419523,-0.0024485445813865,0.0032247096664512,-0.0063781944333478,6854.330008370535,6780.763313802084,16.174285752432688,18.66366675694784,4200.128557477678,4105.586637369792,94.99859401157924,94.99512151082357,155.66214207240515,155.00616607666015,0.1288704998259025,1.163561314544351,0.1581126461696975,0.0431606659390794,0.0659846824286834,-0.000610945879846,-0.0322848452985925,-0.0096682606620267,0,
2025-12-11,6901.0,5021060000.0,14.850000381469728,4285.5,528.0,94.91845703125,8672800.0,155.7899932861328,0.0020793508415142,-0.0583386207729006,0.0212325087526779,0.0001036988995537,0.0066820806661649,6864.562848772322,6781.110319010417,15.925714356558665,18.59466676712036,4214.257114955357,4115.646638997396,94.95360565185548,94.99806722005208,155.69542585100447,155.14146575927734,0.1290094181212189,1.17259836025713,0.1676356536169665,0.0388498291846776,0.0663612273373704,0.0,-0.0117378248062959,-0.0095655643504641,0,
2025-12-12,6827.41015625,4910160000.0,15.739999771118164,4300.10009765625,1531.0,94.66259002685548,8348700.0,155.56700134277344,-0.010663649289958,0.0599326172919836,0.0034068597961147,-0.0026956506921543,0.0014313624299977,6861.375697544643,6781.279329427083,15.877142906188965,18.55566676457723,4228.657156808035,4125.606640625,94.8439461844308,94.997048441569,155.66113935198103,155.23629913330078,0.1295375524733706,1.1861567996921265,0.1675602404600883,0.0394286569365929,0.0644637111933185,-0.0106636492899579,-0.0083709541336075,-0.0122354296224563,0,
2025-12-15,6816.509765625,4975600000.0,16.5,4306.7001953125,854.0,94.74131774902344,6117000.0,155.88800048828125,-0.0015965630269072,0.0482846404023706,0.0015348707021605,0.0008316666821139,-0.0020634141092719,6855.57421875,6780.4896484375,15.98000008719308,18.524333413441976,4242.21435546875,4136.423315429687,94.78771209716795,94.997349802653,155.77271161760603,155.302566019694,0.129389345705783,1.1910191519156932,0.1661866004314962,0.0394860969443847,0.0610535828027677,-0.012243187128677,-0.0068489317636959,-0.0114139387395006,0,
2025-12-16,6800.259765625,4983180000.0,16.479999542236328,4304.5,1796.0,95.0070343017578,7456400.0,155.01499938964844,-0.0023839179519623,-0.001212148955374,-0.0005108772871849,0.0028046533344434,0.0056001815142817,6845.55419921875,6778.765966796875,16.132857186453684,18.501333395640057,4255.300083705357,4146.563313802083,94.79755401611328,95.00801264444986,155.75456891741072,155.32989908854168,0.1294388745249384,1.1900375392350897,0.1663361654802304,0.0402748467916588,0.0633135439768129,-0.014597918327054,-0.0073563100872012,-0.0086412975464021,0,
2025-12-17,6721.43017578125,5122120000.0,17.6200008392334,4347.5,2169.0,94.98733520507812,5673200.0,154.7779998779297,-0.0115921439122413,0.069174837904296,0.0099895458241374,-0.0002073435596053,0.0015288811576421,6827.685686383928,6777.0953125,16.270000185285294,18.4553334236145,4278.200055803572,4159.889982096354,94.83269936697825,95.01409403483072,155.67428370884485,155.34903259277343,0.1293276430571385,1.165980288727735,0.1608492602014455,0.0401410450767324,0.0635078470725028,-0.026020841069229,0.0,-0.0088468493886146,0,
2025-12-18,6774.759765625,5101190000.0,16.8700008392334,4339.5,705.0,95.2333755493164,7357600.0,155.4949951171875,0.0079342622699418,-0.0425652647149721,-0.0018401380103507,0.0025902436751918,-0.0046324105481612,6818.292829241072,6776.37763671875,16.261428833007812,18.417333443959556,4297.171456473215,4171.863313802083,94.92267499651228,95.04342193603516,155.62442670549666,155.41363220214845,0.1310244429858419,1.162593723560044,0.1607908507099686,0.0380579895698674,0.0634349059440867,-0.0182930349768149,-0.0018401380103507,-0.006279521209097,0,
2025-12-19,6834.5,8554470000.0,14.90999984741211,4361.39990234375,1065.0,95.01912689208984,5806600.0,155.58599853515625,0.0088180594503322,-0.1161826256263751,0.0050466418582209,-0.0022497223897688,-0.0005852498204212,6810.838518415178,6780.183642578125,16.13857160295759,18.26433343887329,4320.742885044643,4184.57998046875,94.93846239362443,95.04958140055338,155.44556971958704,155.4640655517578,0.1290999076030302,1.1829285756480603,0.160638811731988,0.0359301556147978,0.0628263759862605,-0.0096362845964352,0.0,-0.0085151164194047,0,
2025-12-22,6878.490234375,4465030000.0,14.079999923706056,4444.60009765625,449.0,94.9203872680664,4672800.0,157.67599487304688,0.0064364963603775,-0.0556673328102088,0.019076488553088,-0.0010391552443496,-0.0134330618279792,6807.622837611607,6785.173323567708,16.02857153756278,18.097666772206622,4343.471470424107,4199.419986979166,94.93873814174108,95.05114161173502,155.71499851771765,155.62166544596354,0.1301990643108591,1.190871956135263,0.1671383220257053,0.0360549793388113,0.0693341570191485,-0.0032618121467903,0.0,-0.0095454231358708,0,
2025-12-23,6909.7900390625,3820560000.0,14.0,4482.7998046875,694.0,94.88089752197266,5093900.0,156.8769989013672,0.0045503887657032,-0.0056818127940017,0.0085946330810264,-0.0004160301830862,0.0050673279234609,6819.391392299107,6787.751985677083,15.780000141688756,17.977666759490965,4369.571428571428,4211.786653645833,94.9699249267578,95.05563761393228,155.90214102608817,155.72366536458333,0.123211219663995,1.1721337354692871,0.1510511094774395,0.0358496954942591,0.070055437354847,0.0,0.0,-0.0099574821348222,0,
2025-12-24,6932.0498046875,1798270000.0,13.470000267028809,4480.60009765625,500.0,95.1277313232422,3967700.0,156.17599487304688,0.0032214822012188,-0.0378571237836565,-0.0004906993680489,0.0026015120821594,0.0044684946373881,6835.897112165178,6790.599983723959,15.347143036978585,17.850666745503744,4394.414271763393,4224.246663411458,95.02512686593192,95.05854949951171,155.9432830810547,155.79133199055988,0.1233909223099425,1.1754411056404734,0.1508927673888563,0.0355035301868867,0.0714519319736084,0.0,-0.0004906993680489,-0.0073818745627444,0,
2025-12-26,6929.93994140625,2586550000.0,13.600000381469728,4529.10009765625,263.0,95.21659088134766,3491500.0,156.08999633789062,-0.0003043635491226,0.0096510847708835,0.010824442919012,0.0009341078239688,0.0005506514315862,6854.4228515625,6793.233984375,14.9357145854405,17.720333417256672,4426.5,4235.070003255209,95.05506352015904,95.06376876831057,156.09685407366072,155.8584986368815,0.1234083238938732,1.174976218101216,0.1396216223550084,0.0355969212843543,0.0714623366990944,-0.0003043635491226,0.0,-0.0064546622055601,0,
2025-12-29,6905.740234375,3541750000.0,14.199999809265137,4325.10009765625,2044.0,95.35482025146484,5034600.0,156.46299743652344,-0.0034920514803681,0.044117603747491,-0.0450420603654945,0.0014517361820844,-0.0023896540930488,6880.752859933035,6798.842317708333,14.447143009730748,17.52700007756551,4423.300013950893,4239.676676432292,95.10756138392856,95.08275400797524,156.33756801060267,155.91683197021484,0.1131838604680152,1.0996128484645924,0.195651636693114,0.0346854368173584,0.0708525423446501,-0.0037953521763085,-0.0450420603654945,-0.0050122964901425,0,
2025-12-30,6896.240234375,3309930000.0,14.329999923706056,4370.10009765625,1837.0,95.2560806274414,4108600.0,156.01300048828125,-0.0013756671519022,0.0091549377596538,0.0104043834787512,-0.0010354969341145,0.002876059871119,6898.107212611607,6804.246663411458,14.084285736083984,17.343666744232177,4427.671456473215,4249.093343098958,95.11080496651786,95.10368067423502,156.41156877790178,155.96283213297525,0.1133026428202966,1.1008769544406405,0.1825068776196275,0.0344422809549469,0.0714408369402408,-0.005165798186892,-0.0351063117554589,-0.0060426032066087,0,
2025-12-31,6845.5,3261830000.0,14.949999809265137,4325.60009765625,785.0,94.94014739990234,6802100.0,156.41299438476562,-0.0073576663008461,0.0432658680293094,-0.0101828331172244,-0.0033166725468657,-0.0025638497768294,6899.678641183035,6810.016324869792,14.090000016348702,17.096000099182127,4422.557198660715,4257.670011393229,95.09952218191964,95.11047871907552,156.5297110421317,156.02376505533854,0.1120349788711611,1.0343462760861843,0.1850006619687674,0.0358057832778476,0.0717105287881101,-0.0124854562685014,-0.0449316631587163,-0.0093392344173074,0,
2026-01-02,6858.47021484375,4184120000.0,14.510000228881836,4314.39990234375,589.0,94.86115264892578,6611800.0,156.7310028076172,0.0018947067188299,-0.029431410434575,-0.0025892812695673,-0.0008320479074445,-0.0020331330149545,6896.818638392857,6818.054671223958,14.151428631373816,16.75666675567627,4403.957170758928,4266.106673177083,95.091060093471,95.109410349528,156.39471217564173,156.0723653157552,0.1086549575741957,0.9765763913663652,0.1851741250848664,0.0355755249667777,0.0708617476659084,-0.0106144058275511,-0.0474046037144563,-0.0101635116342979,0,
2026-01-05,6902.0498046875,5771930000.0,14.899999618530272,4436.89990234375,618.0,95.1474838256836,8693200.0,156.98899841308594,0.0063541268648263,0.0268779726737806,0.0283932882377113,0.0030184239676858,-0.0016461044773983,6895.712890625,6826.717659505209,14.280000005449567,16.464666748046874,4397.400041852678,4278.080004882812,95.12914385114398,95.12017618815104,156.41071210588728,156.12039845784506,0.1094411324122227,0.9809289621062272,0.2002480605833322,0.0365616229165141,0.0708404403979818,-0.0043277242439478,-0.0203572880538039,-0.007175765453725,0,
2026-01-06,6944.81982421875,5509680000.0,14.75,4482.2001953125,459.0,95.078369140625,12834100.0,156.62600708007812,0.0061967126783413,-0.010067088749702,0.0102098974432172,-0.0007263953000082,0.0023122087323129,6897.537179129465,6840.252994791666,14.462857110159735,16.075666745503742,4397.628627232143,4292.270011393229,95.12209211077008,95.12111536661784,156.4749995640346,156.1081985473633,0.0978522400159795,0.9003562565722921,0.1998148839142174,0.0359941270650999,0.065885461161642,0.0,-0.0103552364338381,-0.0078969483114338,0,
2026-01-07,6920.93017578125,5214480000.0,15.380000114440918,4449.2998046875,972.0,95.2560806274414,7990900.0,156.67999267578125,-0.0034399234310139,0.042711872165486,-0.0073402322947125,0.0018691053330286,-0.0003446783628693,6896.250069754465,6850.850992838542,14.71714278629848,15.807333405812582,4386.228585379465,4304.690006510416,95.1277335030692,95.11751200358071,156.55928475516183,156.0852315266927,0.0962084115822822,0.8694647327817634,0.2021502559064885,0.0350830805503355,0.0654836371445433,-0.0034399234310139,-0.0176194588876597,-0.0060426032066087,0,
2026-01-08,6921.4599609375,5333200000.0,15.449999809265137,4449.7001953125,2423.0,94.96976470947266,6931700.0,156.7310028076172,7.65482590914246e-05,0.0045513455333783,8.998958096251286e-05,-0.0030057495131314,-0.0003255688934162,6898.495744977678,6858.062320963541,14.895714214869908,15.638333384195963,4404.028599330357,4316.616682942708,95.07272556849888,95.0994588216146,156.59757123674666,156.08666483561197,0.0867928594333079,0.8032219032767267,0.2023111086763624,0.0357747878741213,0.0642743634844882,-0.0033636384920724,-0.0175310548744194,-0.0090301901680939,0,
2026-01-09,6966.27978515625,5163900000.0,14.489999771118164,4490.2998046875,237.0,95.078369140625,10277300.0,156.8800048828125,0.0064754870318832,-0.0621359255662433,0.0091241224336349,0.0011435684976643,-0.0009506866703214,6908.501395089285,6864.742317708334,14.91857133592878,15.502666727701824,4421.199986049107,4328.320003255209,95.0473382132394,95.07684885660808,156.72142900739397,156.08469848632814,0.0850302494391087,0.777075640068807,0.2015245319565254,0.0350522125603818,0.0641624538418098,0.0,-0.0085668879318495,-0.0078969483114338,0,
2026-01-12,6977.27001953125,5019040000.0,15.119999885559082,4604.2998046875,156.0,94.95988464355467,6360600.0,158.1490020751953,0.0015776332151369,0.0434782694542652,0.0253880598086109,-0.0012461772129798,-0.0080889670632706,6927.32568359375,6870.230989583333,14.94285706111363,15.433666706085203,4461.014229910715,4342.956656901041,95.05015781947544,95.04767252604168,156.96943010602678,156.14866536458334,0.083189346892287,0.7637450885847716,0.2117450199129388,0.0350235978849702,0.0668059289662826,0.0,0.0,-0.0091332845273758,0,
2026-01-13,6963.740234375,5091730000.0,15.979999542236328,4589.2001953125,239.0,95.078369140625,7622500.0,157.98599243164062,-0.0019391230550597,0.0568782846022783,-0.003279458335799,0.001247732108301,0.0010307345693979,6942.3642578125,6874.052669270834,15.152856963021415,15.421333344777423,4500.271414620535,4355.320003255209,95.08118874686105,95.02800598144532,157.14871433803015,156.2053985595703,0.0824087814429465,0.7701919130020689,0.2107108417909155,0.0350289433400538,0.0669374170020963,-0.0019391230550597,-0.0032794583357989,-0.0078969483114338,0,
2026-01-14,6926.60009765625,5530830000.0,16.75,4626.2998046875,1313.0,95.27582550048828,7331200.0,159.1790008544922,-0.0053333604454995,0.048185261565778,0.0080841122191388,0.0020767747874517,-0.0075513556897632,6945.871442522322,6877.851676432291,15.417142731802803,15.405000019073489,4527.328543526785,4368.220003255208,95.09952327183316,95.03204498291016,157.4615718296596,156.3137654622396,0.0824150162892435,0.7665859466504594,0.2111689499058952,0.0320041908724991,0.0695693965939041,-0.0072621414583585,0.0,-0.005836573707133,0,
2026-01-15,6944.47021484375,5114050000.0,15.84000015258789,4616.2998046875,4358.0,95.078369140625,6172500.0,158.40199279785156,0.0025799262171273,-0.0543283490992304,-0.0021615546813174,-0.0020724707324868,0.0048813477435437,6945.821498325893,6881.688346354166,15.57285703931536,15.380000019073488,4546.485630580357,4382.543326822916,95.09952327183316,95.02687810262044,157.7152840750558,156.40859832763672,0.0824402421544519,0.7751912191652495,0.2066969910136827,0.0324876206594615,0.0708962257664506,-0.0047009510303721,-0.0021615546813173,-0.0078969483114338,0,
2026-01-16,6940.009765625,5356550000.0,15.859999656677246,4588.39990234375,352.0,94.71306610107422,11979300.0,158.5959930419922,-0.0006423023039563,0.0012625949429734,-0.0060437804137893,-0.0038421256364892,-0.0012247336079174,6948.547154017857,6884.697998046875,15.64142840249198,15.372666676839192,4566.357073102678,4395.513330078125,95.0219497680664,95.00297342936196,157.98899841308594,156.5015645345052,0.0821883358114211,0.769827918054446,0.2084823294116118,0.0336321237482362,0.0708583272056673,-0.0053402339026508,-0.0081922711332604,-0.0117087328803656,0,
2026-01-20,6796.85986328125,5769500000.0,20.09000015258789,4759.60009765625,175.0,94.33788299560548,13607700.0,158.177001953125,-0.0206267580562774,0.2667087381764075,0.0373115244870114,-0.0039612602665439,0.0026418768900186,6930.747140066965,6882.689322916666,16.30428559439523,15.516333357493084,4610.628487723215,4413.77333984375,94.93168095179966,94.97640431722006,158.19556971958704,156.60389811197916,0.102347591635419,1.0866079095445649,0.2309294446200431,0.0343557967816454,0.0698986189867241,-0.0258568402462544,0.0,-0.015623611808579,1,"Gold daily return was 3.73%, used to evaluate commodity safe-haven behavior. || Market stress day identified on 2026-01-20 based on the project's is_stress flag. || S&P 500 daily return was -2.06%, representing equity market pressure. || US Treasury bond ETF IEF daily return was -0.40%, used to evaluate bond safe-haven behavior. || VIX closed at 20.09, showing elevated market fear and volatility."
2026-01-21,6875.6201171875,5835520000.0,16.899999618530273,4831.7998046875,1706.0,94.58470916748048,11969000.0,158.16200256347656,0.0115877413232745,-0.1587854907829206,0.0151692800970406,0.0026164056690407,9.48266148885768e-05,6917.795758928572,6882.863330078125,16.648571286882675,15.566000016530356,4659.414202008928,4434.403336588542,94.8611580984933,94.96462326049804,158.3787122453962,156.7045649210612,0.1078342477306054,1.189002041206588,0.2327622354768883,0.0349128284875181,0.0699222070303683,-0.0145687212991907,0.0,-0.0130480838460451,0,
2026-01-22,6913.35009765625,5307580000.0,15.640000343322754,4908.7998046875,1175.0,94.57483673095705,10209500.0,158.45599365234375,0.0054875021926288,-0.0745561718135172,0.0159360907141268,-0.0001043766652171,-0.0018587972085721,6908.664341517857,6885.091341145833,16.722857066563197,15.53200003306071,4702.914202008928,4458.456656901041,94.80615125383648,94.95907389322916,158.42256818498885,156.80843149820964,0.1084163832401759,1.188795415761828,0.2326528368813508,0.0344195091921234,0.0699877413278797,-0.0091611649966349,0.0,-0.013151098595783,0,
2026-01-23,6915.60986328125,4871930000.0,16.09000015258789,4976.2001953125,169.0,94.73280334472656,8147500.0,158.50100708007812,0.0003268698377891,0.0287723656897014,0.0137305234083162,0.0016702816439313,-0.0002840752608774,6901.78857421875,6887.594677734375,16.738571439470565,15.504000027974447,4758.199916294643,4484.106656901042,94.75678471156527,94.96338246663412,158.4961417061942,156.8969985961914,0.1083545153278291,1.19079391377112,0.2338779158553719,0.0345079977166965,0.0695667147539801,-0.0088372896673622,0.0,-0.0115027829904337,0,
2026-01-26,6950.22998046875,4968050000.0,16.149999618530273,5079.7001953125,180.0,94.87103271484376,6803800.0,155.16600036621094,0.0050060830312763,0.0037289910113973,0.0207990024391493,0.0014591500012324,0.0210409181323515,6905.164271763393,6889.713004557291,16.652857099260604,15.516666666666667,4822.971400669643,4513.55,94.69895717075892,94.96212972005208,157.922855922154,156.8412653605143,0.1075799046366263,1.1724528923150077,0.2365123665796079,0.03345901040471,0.091587977349442,-0.0038754468419321,0.0,-0.0100604172750161,0,
2026-01-27,6978.60009765625,5331720000.0,16.350000381469727,5079.89990234375,34.0,94.7624282836914,9857200.0,154.33599853515625,0.0040818961771371,0.0123839484621395,3.931472795071223e-05,-0.001144758605915,0.0053491217734282,6910.039969308035,6892.299674479166,16.72571427481515,15.566666666666666,4889.199986049107,4540.029996744792,94.65382276262557,94.95692876180011,157.34199959891183,156.7927988688151,0.1080187717075134,1.1579556474974366,0.2329871145187674,0.0336170816334876,0.0908646608832817,0.0,0.0,-0.0111936591316764,0,
2026-01-28,6978.02978515625,5507670000.0,16.350000381469727,5301.60009765625,112054.0,94.68344116210938,17032400.0,152.4530029296875,-8.172305219089626e-05,0.0,0.0436426306766817,-0.000833527833896,0.0122006247624711,6915.471400669643,6897.320328776042,16.795714378356934,15.587000020345052,4991.085728236607,4573.413330078125,94.64959062848772,94.95762379964192,156.4644295828683,156.68899892171223,0.1028341049644689,1.1465309606730727,0.2573248747655708,0.0327673912950193,0.0971749799005334,-8.172305219087398e-05,0.0,-0.012017856739123,0,
2026-01-29,6969.009765625,6877780000.0,16.8799991607666,5318.39990234375,23709.0,94.78216552734376,11049100.0,153.0959930419922,-0.0012926312740076,0.0324158267236218,0.0031688177867144,0.0010426782552754,-0.0042176283834909,6940.064243861607,6902.403662109375,16.33714280809675,15.599666659037272,5070.914271763393,4607.136653645834,94.7130595615932,94.9589853922526,155.7385711669922,156.59593200683594,0.1027776471481319,1.1420814230131215,0.2570595761070063,0.0328190705094416,0.0978966495594679,-0.0013742486884254,0.0,-0.0109877092417444,0,
2026-01-30,6939.02978515625,6697340000.0,17.440000534057617,4713.89990234375,8374.0,94.72293090820312,8238500.0,153.16200256347656,-0.0043018996208942,0.0331754384557436,-0.1136620056971655,-0.0006249553258366,-0.0004311642661103,6949.122767857143,6907.029329427083,16.414285796029226,15.631666692097982,5054.071428571428,4620.783317057291,94.73280552455356,94.94951527913412,155.0242854527065,156.53416544596354,0.10343539233189,1.1452812374116883,0.4344647763083866,0.0317758463193478,0.0967651755011502,-0.0056702364294079,-0.1136620056971655,-0.0116057977401716,0,
2026-02-02,6976.43994140625,5772050000.0,16.34000015258789,4622.5,3588.0,94.5367202758789,8987100.0,155.20199584960938,0.0053912661291679,-0.0630734144372069,-0.019389444883695,-0.0019658453400758,-0.0133191865605659,6958.135602678572,6915.529654947916,16.514285768781388,15.589000002543132,5013.171456473215,4629.949983723958,94.72736031668526,94.93449478149414,154.55942862374442,156.54829864501954,0.0974438549371989,1.144330648501488,0.4389214157430985,0.0322339137571262,0.1044970969361889,-0.0003095400538462,-0.1308476073860252,-0.0135488278768421,0,
2026-02-03,6917.81005859375,7017660000.0,18.0,4903.7001953125,1213.0,94.62586212158205,7313800.0,155.4429931640625,-0.0084039830206983,0.1015911769835082,0.0608329248918333,0.0009429335547395,-0.0015527977790095,6958.449916294643,6920.297998046875,16.78714288984026,15.626666641235351,5002.814313616072,4648.756656901041,94.7120829990932,94.914244333903,154.12256949288505,156.54656524658202,0.0992095689786615,1.1737396495982555,0.4700971416607618,0.0313557460552038,0.1037177927649979,-0.0087109217051878,-0.077974525166582,-0.0126186699665351,0,
2026-02-04,6882.72021484375,7475750000.0,18.63999938964844,4920.39990234375,3886.0,94.6060562133789,7268600.0,155.7989959716797,-0.0050723919062231,0.0355555216471357,0.0034055318159975,-0.000209307558833,-0.0022902467352867,6948.8056640625,6921.905338541666,17.142857142857142,15.750999959309896,4980.05712890625,4667.389990234375,94.67422921316964,94.9004753112793,154.21299743652344,156.5536651611328,0.0975054634510453,1.1190520292623518,0.4701053136556996,0.0307550635918715,0.1039175558093582,-0.0137391284026578,-0.0748345380768765,-0.0128253363423617,0,
2026-02-05,6798.39990234375,6989120000.0,21.770000457763672,4861.39990234375,793.0,95.16075134277344,12086800.0,156.91700744628906,-0.0122510155676747,0.167918517736296,-0.0119908952871689,0.0058632095195201,-0.0071759863896208,6923.062779017857,6919.235660807291,17.917142868041992,16.00733331044515,4948.842843191965,4681.283317057291,94.73113250732422,94.90848744710289,154.5817129952567,156.5283655802409,0.1021393196884875,1.1907781408688831,0.4703392896558787,0.0351940132274281,0.0983574361596821,-0.0258218256943853,-0.085928100254102,-0.0070373244569753,0,
2026-02-06,6932.2998046875,6283680000.0,20.3700008392334,4951.2001953125,1386.0,95.16075134277344,7759900.0,156.78399658203125,0.0196957966973359,-0.0643086627970649,0.0184721057252368,0.0,0.0008476510381026,6916.529924665178,6919.985986328125,18.49142864772252,16.21966667175293,4898.785714285715,4696.896663411459,94.79931967599052,94.91781590779622,155.20042637416296,156.5252655029297,0.1168522429519378,1.2124992181291447,0.4721490569713374,0.0351630159232304,0.0972757279607739,-0.0066346104262801,-0.0690432674815276,-0.0070373244569753,0,
2026-02-09,6964.81982421875,5650260000.0,17.360000610351562,5050.89990234375,170.0,95.18055725097656,8165100.0,157.24400329589844,0.0046910867168872,-0.1477663281723809,0.0201364725921686,0.0002081310616368,-0.002934015740736,6915.931361607143,6921.0783203125,18.560000283377512,16.349333349863688,4860.571428571428,4715.906656901042,94.85623277936664,94.91957677205404,155.79299926757812,156.5608657836914,0.1172664865497745,1.2934801029510543,0.4743145651463833,0.0343587953246047,0.0966860178890818,-0.0019746472422353,-0.0502970827526745,-0.0068306580811488,0,
2026-02-10,6941.81005859375,5595950000.0,17.790000915527344,5003.7998046875,281.0,95.5965805053711,9752300.0,156.1320037841797,-0.0033037129754581,0.0247696019618441,-0.0093250902941858,0.0043708848362542,0.007071808707555,6916.328543526785,6921.473990885416,18.610000337873185,16.489000034332275,4901.985700334822,4731.72998046875,94.98103986467632,94.93224309285482,156.21728515625,156.56226603190103,0.1176963588374582,1.2940244485669523,0.4755547090659063,0.0365280101218225,0.0989727179106277,-0.0052718365499773,-0.0591531482086576,-0.002489629264723,0,
2026-02-11,6941.47021484375,6175510000.0,17.649999618530273,5071.60009765625,2681.0,95.32913970947266,9106600.0,154.48199462890625,-4.895607156218951e-05,-0.0078696621580763,0.0135497613044461,-0.0027975979316897,0.0105680393211006,6911.332868303572,6922.664990234375,18.797143118722097,16.604000027974447,4966.142857142857,4756.613313802083,95.094242640904,94.93138707478842,156.1144278390067,156.49623260498046,0.1172094266264489,1.2916173193570577,0.4530750797653977,0.0372660113922272,0.1033155627028525,-0.0053205345331322,-0.0464048979428452,-0.0052802622147311,0,
2026-02-12,6832.759765625,7118700000.0,20.81999969482422,4923.7001953125,484.0,95.91355895996094,13099900.0,153.2689971923828,-0.0156610121277019,0.1796034076378021,-0.0291623746935605,0.0061305415350372,0.0078520311667212,6899.182826450893,6920.548974609375,19.2000002179827,16.820333353678386,4969.0,4775.066650390625,95.278199332101,94.95330301920572,155.8038569859096,156.4047658284505,0.1258691454340544,1.3815650618581528,0.4639112977977327,0.0411331777086136,0.1053369195121324,-0.0208982217049849,-0.0742139956149801,0.0,1,"Gold daily return was -2.92%, used to evaluate commodity safe-haven behavior. || Market stress day identified on 2026-02-12 based on the project's is_stress flag. || S&P 500 daily return was -1.57%, representing equity market pressure. || US Treasury bond ETF IEF daily return was 0.61%, used to evaluate bond safe-haven behavior. || VIX closed at 20.82, showing elevated market fear and volatility."
2026-02-13,6836.169921875,5718360000.0,20.600000381469727,5022.0,232.0,96.28995513916016,11681500.0,152.8209991455078,0.0004990891480125,-0.0105667299029396,0.0199646202628429,0.0039243271053714,0.0029229528155173,6892.532784598215,6920.237972005209,19.480000359671457,17.008666706085204,4983.514299665178,4798.27998046875,95.51875632149832,94.99829661051432,155.37842886788505,156.2850326538086,0.124075934721833,1.3811599238668029,0.4638980569064672,0.0410575285986812,0.1051186010445591,-0.0204095626326381,-0.0557310295927785,0.0,0,
2026-02-17,6843.22021484375,5418480000.0,20.290000915527344,4882.89990234375,540.0,96.2800521850586,8623800.0,153.60899353027344,0.0010313220779065,-0.0150485174855257,-0.0276981476814516,-0.0001028451419179,-0.0051563226858328,6898.935686383928,6919.729638671875,19.26857185363769,17.201333395640056,4986.585728236607,4817.22998046875,95.67865644182476,95.04559326171876,154.9058554513114,156.18096567789715,0.1239856074066069,1.377831670039222,0.4732767498313077,0.0409101048384308,0.1062218230416102,-0.0193992893872751,-0.08188553098613,-0.0001028451419179,0,
2026-02-18,6881.31005859375,5098160000.0,19.6200008392334,4986.5,544.0,96.08194732666016,7778800.0,153.1490020751953,0.0055660701474107,-0.0330211949759555,0.0212169202171281,-0.0020575898527522,0.0029945606992566,6891.651436941965,6919.038313802083,19.16142899649484,17.358666769663493,4991.628557477678,4835.549983723959,95.8102558680943,95.07674204508464,154.3865705217634,156.05296579996744,0.1236527821610696,1.3841669303944166,0.4705884216327478,0.0408380268304882,0.1062021393485483,-0.0139411970454038,-0.0624059695468717,-0.0021602233815498,0,
2026-02-19,6861.89013671875,5151690000.0,20.229999542236328,4975.89990234375,37.0,96.1710968017578,4993000.0,154.6929931640625,-0.0028221256867719,0.0310906563155255,-0.002125759080768,0.0009278483375712,-0.0100816268336445,6876.947195870535,6916.273990885416,19.571428843906947,17.54133342107137,4980.914271763393,4852.006640625,95.95176151820591,95.11316630045572,154.0221405029297,155.98853200276693,0.1224371872485923,1.38341406173809,0.4706095960858789,0.0407478625595744,0.1106535414533195,-0.0167239789218896,-0.0643990685711814,-0.001234379403652,0,
2026-02-20,6909.509765625,5432480000.0,19.09000015258789,5059.2998046875,134.0,96.1710968017578,11200200.0,155.16000366210938,0.0069397247635067,-0.0563519236502373,0.0167607676964054,0.0,-0.0030189505581004,6872.332868303572,6915.893310546875,19.757143020629883,17.665000089009602,4988.842843191965,4872.339973958334,96.03383527483258,95.1436668395996,153.88328334263392,155.9378657023112,0.1238642389666366,1.3953592798854555,0.4707782936756337,0.0405154014257892,0.1110785300784229,-0.0099003139690514,-0.0487176787029625,-0.001234379403652,0,
2026-02-23,6837.75,5638350000.0,21.01000022888184,5204.7001953125,779.0,96.5177764892578,9862900.0,154.33900451660156,-0.0103856522472848,0.1005762211077649,0.0287392319566206,0.0036048220206392,0.0052913065618102,6857.515694754465,6913.102978515625,20.237143107822963,17.85033343633016,5007.857142857143,4897.506640625,96.2036405290876,95.19526723225913,153.86285618373327,155.858132425944,0.127448919276245,1.419168655682768,0.475620721679222,0.0403270988977285,0.1119923014078031,-0.0201831449983148,-0.0213785554149743,0.0,0,
2026-02-24,6890.06982421875,5266090000.0,19.549999237060547,5155.7998046875,88.0,96.49797058105467,9493300.0,154.63499450683594,0.0076516140863223,-0.0694907651554553,-0.0093954288988712,-0.0002052047708054,-0.0019177912359966,6865.702845982143,6910.562646484375,20.055714470999582,18.019000085194907,5041.014229910715,4919.689973958333,96.28712790352958,95.24258728027344,154.05799865722656,155.7832987467448,0.1280424077497381,1.4227533562841468,0.477483024471173,0.0403417887555189,0.1121352719449033,-0.0126859645485679,-0.0305731236164836,-0.0002052047708054,0,
2026-02-25,6946.1298828125,5328060000.0,17.93000030517578,5206.39990234375,1772.0,96.4187240600586,8762700.0,155.8800048828125,0.0081363556573399,-0.082864398726613,0.0098142091572768,-0.000821224742022,-0.008051284768672,6881.411411830357,6909.524641927083,19.674285888671875,18.1126667658488,5067.357073102678,4939.759977213542,96.30552346365792,95.29121526082356,154.4949994768415,155.7076655069987,0.1302851667839276,1.446743707606196,0.4738440636248983,0.0402007576166149,0.1121103698059016,-0.0046528264106514,-0.0210589654889702,-0.0010262609935925,0,
2026-02-26,6908.85986328125,5889550000.0,18.6299991607666,5176.5,1520.0,96.67626953125,8177300.0,156.1999969482422,-0.0053655805693283,0.0390406493963502,-0.0057429131270323,0.0026711146999931,-0.002052810209175,6890.788504464285,6907.695296223958,19.437142780848912,18.201000086466472,5109.299944196428,4959.336637369792,96.36212594168526,95.34447860717772,154.86514282226562,155.64813232421875,0.131077776279959,1.4425910414800809,0.4742514455800148,0.0406366077853142,0.1123293331318678,-0.0099934418649984,-0.0266809388066543,0.0,0,
2026-02-27,6878.8798828125,6665660000.0,19.86000061035156,5230.5,354.0,97.06257629394533,9970300.0,155.85899353027344,-0.0043393528110311,0.066022625066739,0.0104317589104607,0.0039958799048451,0.0021831205162042,6890.441336495535,6906.104622395834,19.47142846243722,18.30466677347819,5144.157087053572,4979.476643880208,96.50221579415458,95.40403696695964,155.25228445870536,155.53746541341147,0.1307728320960575,1.4477230300157913,0.4744557084906377,0.0416280812599595,0.1098924204382218,-0.0142894296059808,-0.0165275090173293,0.0,0,
2026-03-02,6881.6201171875,6079080000.0,21.440000534057617,5294.39990234375,72.0,96.47945404052734,17709600.0,156.63299560546875,0.0003983547353176,0.0795568920014293,0.0122167866062039,-0.0060076939607707,-0.0049660405066389,6893.259905133928,6904.009619140625,19.64428574698312,18.491333452860516,5189.657087053572,5002.07998046875,96.5462668282645,95.45073979695638,155.52942766462053,155.47849884033204,0.1305228149357313,1.4483899023219655,0.4745190392416893,0.0452472702063515,0.1103255342351764,-0.0138967671326116,-0.0045126354619222,-0.0060076939607707,0,
2026-03-03,6816.6298828125,6442080000.0,23.56999969482422,5107.39990234375,1776.0,96.37017822265624,13708500.0,157.2570037841797,-0.0094440310956254,0.0993469733073504,-0.0353203391223276,-0.0011326330456348,-0.0039838871516106,6879.991350446428,6899.896956380208,20.284285681588308,18.74833345413208,5196.528529575893,5019.37998046875,96.57470703125,95.50597686767578,155.82899911063058,155.43386586507162,0.1332060986290771,1.4686410428980057,0.4878533141259869,0.0436452578608074,0.1109559578761907,-0.023209556727308,-0.0396735867693993,-0.0071335224936975,0,
2026-03-04,6869.5,5252170000.0,21.14999961853028,5120.2001953125,679.0,96.17149353027344,12535500.0,157.7729949951172,0.0077560492642863,-0.102672893832296,0.002506224931178,-0.0020616823175708,-0.0032811970120303,6884.527064732143,6902.318294270834,20.30428559439523,18.78366676966349,5184.457101004465,5031.399983723958,96.52523803710938,95.56709721883138,156.31956917898995,155.42039896647137,0.1208891039156247,1.3045408128744191,0.4775537445590118,0.0422519996586211,0.1111783089377412,-0.0156335219284009,-0.0372667927704921,-0.009180497754081,0,
2026-03-05,6830.7099609375,5989300000.0,23.75,5065.2998046875,1701.0,95.87346649169922,12599700.0,156.98300170898438,-0.005646704863891,0.1229314623340118,-0.0107223132945584,-0.003098912449357,0.0050071514846837,6876.047084263393,6900.8212890625,20.90428570338658,19.012000115712485,5171.528529575893,5039.183317057292,96.43602316720144,95.61005579630532,156.65499877929688,155.38109893798827,0.1172729611909141,1.2516875449421498,0.4776647652302097,0.043172093339149,0.1120989147190179,-0.0211919489079792,-0.0475895198374819,-0.0122509606446566,0,
2026-03-06,6740.02001953125,5793120000.0,29.489999771118164,5146.10009765625,148.0,95.81385803222656,12758200.0,157.53399658203125,-0.0132767958125692,0.2416842008891859,0.0159517296279236,-0.0006217409430774,-0.0035099014991974,6846.602818080357,6895.043619791667,22.555714198521205,19.473666763305665,5162.914271763393,5047.093326822916,96.349613734654,95.65135650634764,156.8912833077567,155.3503657023112,0.1218950941940395,1.384949626984184,0.4776687243538456,0.0432562796646318,0.1124671783897702,-0.0341873835420268,-0.0323969253631284,-0.0128650846639093,1,"Gold daily return was 1.60%, used to evaluate commodity safe-haven behavior. || Market stress day identified on 2026-03-06 based on the project's is_stress flag. || S&P 500 daily return was -1.33%, representing equity market pressure. || US Treasury bond ETF IEF daily return was -0.06%, used to evaluate bond safe-haven behavior. || VIX closed at 29.49, showing elevated market fear and volatility."
2026-03-09,6795.990234375,6709410000.0,25.5,5091.5,639.0,96.11188507080078,12134400.0,158.427001953125,0.0083041615131052,-0.1353000950181722,-0.0106099952624546,0.0031104794723324,-0.0056686517860844,6830.478585379465,6891.056298828125,23.53714288984026,19.787333424886068,5150.771414620535,5050.936653645834,96.26898738316127,95.6973258972168,157.2094268798828,155.3478988647461,0.1247061591691348,1.4605416776554194,0.4776962721009909,0.0438107723442859,0.1137317858096095,-0.026167119583565,-0.0426631894009621,-0.0097946217733337,1,"Gold daily return was -1.06%, used to evaluate commodity safe-haven behavior. || Market stress day identified on 2026-03-09 based on the project's is_stress flag. || S&P 500 daily return was 0.83%, representing equity market pressure. || US Treasury bond ETF IEF daily return was 0.31%, used to evaluate bond safe-haven behavior. || VIX closed at 25.50, showing elevated market fear and volatility."
2026-03-10,6781.47998046875,5944950000.0,24.93000030517578,5229.7001953125,4300.0,95.8039321899414,10571300.0,157.84800720214844,-0.0021351198877325,-0.0223529292087928,0.0271433163728762,-0.0032041082185884,0.0036546468962902,6816.564313616072,6885.431298828125,24.261428560529435,20.08000011444092,5150.657156808035,5055.936653645834,96.08918108258928,95.72842254638672,157.49357169015067,155.4372990926107,0.1236536966531061,1.46492854966212,0.4803029881426223,0.0449793873306565,0.0954647365290524,-0.02824636953387,-0.016677893475472,-0.0129673469638002,0,
2026-03-11,6775.7998046875,5511090000.0,24.229999542236328,5167.39990234375,633.0,95.36682891845705,12197600.0,158.11399841308594,-0.0008376012017449,-0.0280786503959297,-0.0119127847949278,-0.0045624773586303,-0.0016851097182168,6801.447126116072,6878.6712890625,24.65999984741211,20.342666753133138,5132.514299665178,5058.8533203125,95.93023463657924,95.74856923421224,157.70514351981026,155.563232421875,0.1227885291381758,1.4710933042507237,0.4818500159805108,0.0469985905219417,0.0938255286165318,-0.0290603115425484,-0.0283919981145938,-0.0174706610955066,0,
2026-03-12,6672.6201171875,6292170000.0,27.290000915527344,5115.7998046875,410.0,95.05887603759766,11401400.0,159.0749969482422,-0.0152276765067085,0.1262897825465081,-0.009985698539191,-0.0032291404081675,-0.0060778839622128,6780.874302455357,6868.490966796875,25.19142859322684,20.70733343760173,5133.714285714285,5052.659977213541,95.74290575299943,95.76108373006186,157.96485682896204,155.78396555582682,0.1295162883452729,1.5034292236466864,0.4654264025842717,0.0479664314957487,0.086443055508625,-0.0438454670259029,-0.0380941827196873,-0.0206433862859733,1,"Gold daily return was -1.00%, used to evaluate commodity safe-haven behavior. || Market stress day identified on 2026-03-12 based on the project's is_stress flag. || S&P 500 daily return was -1.52%, representing equity market pressure. || US Treasury bond ETF IEF daily return was -0.32%, used to evaluate bond safe-haven behavior. || VIX closed at 27.29, showing elevated market fear and volatility."
2026-03-13,6632.18994140625,5337120000.0,27.190000534057617,5052.5,479.0,94.95953369140624,11839700.0,159.20599365234375,-0.0060591154705643,-0.0036643597696923,-0.0123733936244924,-0.0010450612329155,-0.0008234902191712,6746.972865513393,6857.263639322917,26.05428586687361,21.05100015004476,5124.042829241072,5043.796647135417,95.56976863316127,95.76699600219726,158.16957092285156,155.98763224283854,0.1301981967128399,1.5047736376031973,0.4664656801660444,0.0480052683497004,0.0860516766333689,-0.0496389177488965,-0.0499962220265857,-0.0216668739161653,1,"Gold daily return was -1.24%, used to evaluate commodity safe-haven behavior. || Market stress day identified on 2026-03-13 based on the project's is_stress flag. || S&P 500 daily return was -0.61%, representing equity market pressure. || US Treasury bond ETF IEF daily return was -0.10%, used to evaluate bond safe-haven behavior. || VIX closed at 27.19, showing elevated market fear and volatility."
2026-03-16,6699.3798828125,5176290000.0,23.51000022888184,4994.0,130.0,95.38670349121094,9092100.0,159.5679931640625,0.0101308831622519,-0.1353438849905974,-0.0115784265215239,0.0044984403692722,-0.0022737806750494,6728.21142578125,6849.275309244792,26.02000018528529,21.253333473205565,5113.857142857143,5053.133317057292,95.50023106166294,95.7891217549642,158.53885541643416,156.20116526285807,0.1342682948312396,1.5700197571663803,0.3251738200365206,0.0496327489962085,0.0860520970871574,-0.0400109206626592,-0.0609957709650211,-0.0172659006871933,0,
2026-03-17,6716.08984375,5063390000.0,22.3700008392334,5001.0,239.0,95.55558776855467,7209700.0,159.10499572753906,0.0024942548757938,-0.0484899778200751,0.0014016820184221,0.0017705222128709,0.002901568336749,6724.792829241072,6840.59697265625,25.00285748073033,21.45433349609375,5093.128557477678,5065.749983723958,95.46333530970982,95.82308400472006,158.7632838657924,156.33126525878907,0.1333034999325683,1.5643083045788957,0.3187388316499215,0.0493720669352147,0.0790547225288469,-0.0376164632208132,-0.0596795856219604,-0.0155259481350141,0,
2026-03-18,6624.7001953125,5275480000.0,25.09000015258789,4889.89990234375,1461.0,95.11848449707033,13048700.0,158.88900756835938,-0.0136075678800734,0.1215913818198901,-0.0222155764159668,-0.0045743350199787,0.0013575196567023,6700.322823660715,6830.826643880208,24.94428607395717,21.690666834513348,5064.328543526785,5065.289973958334,95.32142094203404,95.83950475056966,158.82928466796875,156.44613240559897,0.136549588252077,1.574956018379487,0.2753146779917936,0.0513575861200868,0.0792764504197878,-0.0507121625242011,-0.0805693456430693,-0.0200292622667205,1,"Gold daily return was -2.22%, used to evaluate commodity safe-haven behavior. || Market stress day identified on 2026-03-18 based on the project's is_stress flag. || S&P 500 daily return was -1.36%, representing equity market pressure. || US Treasury bond ETF IEF daily return was -0.46%, used to evaluate bond safe-haven behavior. || VIX closed at 25.09, showing elevated market fear and volatility."
2026-03-19,6606.490234375,5973390000.0,24.059999465942383,4600.7001953125,627.0,95.1085433959961,18464600.0,159.7949981689453,-0.0027487977418789,-0.0410522391543018,-0.059142255016843,-0.0001045128202661,-0.0057020344859046,6675.324288504465,6821.618977864583,24.82000023978097,21.871333503723143,4974.471400669643,5054.633317057292,95.22207968575614,95.85625432332355,159.107426234654,156.57933247884114,0.1361730423263885,1.582222427633177,0.3240604299566884,0.0513516137080453,0.0804628127709058,-0.0533215627882478,-0.1349465478733498,-0.0201316817722993,0,
2026-03-20,6506.47998046875,10025820000.0,26.780000686645508,4570.39990234375,235.0,94.25421905517578,20761500.0,157.9239959716797,-0.0151381823567792,0.1130507598120842,-0.006586017710874,-0.0089826245920224,0.0117087657229889,6636.850027901785,6811.888313802084,25.18428611755371,22.03833351135254,4889.185686383928,5044.933317057292,95.0631354195731,95.82603658040364,159.08028302873885,156.61289876302084,0.13842383401966,1.5431096797608492,0.3229941047560906,0.0549766891882483,0.0860003189729956,-0.0676525536039901,-0.1406438052299087,-0.0289334710245552,1,"Gold daily return was -0.66%, used to evaluate commodity safe-haven behavior. || Market stress day identified on 2026-03-20 based on the project's is_stress flag. || S&P 500 daily return was -1.51%, representing equity market pressure. || US Treasury bond ETF IEF daily return was -0.90%, used to evaluate bond safe-haven behavior. || VIX closed at 26.78, showing elevated market fear and volatility."
2026-03-23,6581.0,6020650000.0,26.14999961853028,4404.10009765625,544.0,94.55223846435548,28336300.0,159.23399353027344,0.0114532004639904,-0.0235250579522723,-0.0363862699634269,0.0031618681069889,-0.0082951140549196,6623.761439732143,6800.1783203125,25.02142878941128,22.2310001373291,4787.514299665178,5026.696647135416,94.99075862339564,95.80575281778972,159.10299682617188,156.69456532796224,0.1292527529072427,1.530200601243936,0.3320037637070264,0.0558894086413281,0.0890358534441505,-0.0569741913983269,-0.1719125717275566,-0.0258630867368233,1,"Gold daily return was -3.64%, used to evaluate commodity safe-haven behavior. || Market stress day identified on 2026-03-23 based on the project's is_stress flag. || S&P 500 daily return was 1.15%, representing equity market pressure. || US Treasury bond ETF IEF daily return was 0.32%, used to evaluate bond safe-haven behavior. || VIX closed at 26.15, showing elevated market fear and volatility."
2026-03-24,6556.3701171875,5278580000.0,26.950000762939453,4399.2998046875,378.0,94.2343521118164,19785600.0,158.47900390625,-0.0037425745042546,0.0305927784351582,-0.0010899600059736,-0.003362018263152,0.0047413847212209,6612.930036272322,6786.563330078125,24.98714310782297,22.55066680908203,4694.199986049107,5004.976643880208,94.8871612548828,95.77421264648436,158.9991411481585,156.73573201497396,0.1279336116989718,1.4530018811599963,0.3243835602050655,0.0566116937097581,0.0900103224691137,-0.0605035357464536,-0.1728151539058231,-0.0291381528300247,1,"Gold daily return was -0.11%, used to evaluate commodity safe-haven behavior. || Market stress day identified on 2026-03-24 based on the project's is_stress flag. || S&P 500 daily return was -0.37%, representing equity market pressure. || US Treasury bond ETF IEF daily return was -0.34%, used to evaluate bond safe-haven behavior. || VIX closed at 26.95, showing elevated market fear and volatility."
2026-03-25,6591.89990234375,4936720000.0,25.32999992370605,4549.7998046875,388.0,94.7310562133789,15939200.0,158.71800231933594,0.0054191243815093,-0.0601113466928416,0.0342099894714247,0.0052709451535584,-0.0015080761942907,6597.575753348215,6774.899658203125,25.247143064226425,22.80200010935465,4630.742815290178,4989.843310546875,94.79349735804966,95.7453618367513,158.8777138846261,156.82193196614585,0.1296365129117871,1.470630486830949,0.3426524358434413,0.057316422805808,0.0873184662361636,-0.0554122875506754,-0.1445171690300193,-0.0240207932819094,1,"Gold daily return was 3.42%, used to evaluate commodity safe-haven behavior. || Market stress day identified on 2026-03-25 based on the project's is_stress flag. || S&P 500 daily return was 0.54%, representing equity market pressure. || US Treasury bond ETF IEF daily return was 0.53%, used to evaluate bond safe-haven behavior. || VIX closed at 25.33, showing elevated market fear and volatility."
2026-03-26,6477.16015625,4845560000.0,27.440000534057617,4375.5,1070.0,93.96612548828124,12897300.0,159.38400268554688,-0.0174061723924167,0.0833004586145631,-0.038309334953139,-0.0080747619173028,-0.0041961236688889,6563.442940848215,6759.42265625,25.9714287349156,23.128333473205565,4541.385672433035,4966.639973958333,94.5664313180106,95.69992802937826,158.91757202148438,156.9853322347005,0.1372633237752704,1.4815490894850247,0.3537532090163438,0.061224622213336,0.0812378603314115,-0.0718539441133269,-0.1772901473483079,-0.0319015930123961,1,"Gold daily return was -3.83%, used to evaluate commodity safe-haven behavior. || Market stress day identified on 2026-03-26 based on the project's is_stress flag. || S&P 500 daily return was -1.74%, representing equity market pressure. || US Treasury bond ETF IEF daily return was -0.81%, used to evaluate bond safe-haven behavior. || VIX closed at 27.44, showing elevated market fear and volatility."
2026-03-27,6368.85009765625,5303490000.0,31.049999237060547,4492.0,74348.0,93.97606658935548,11401900.0,159.70399475097656,-0.0167218435210743,0.1315597169366786,0.0266255285110272,0.0001057945192759,-0.0020076799430179,6526.892926897322,6743.959000651042,26.82285717555455,23.469333457946775,4484.542829241072,4952.249967447917,94.40322875976562,95.63534495035807,159.03399876185827,157.1998321533203,0.1381939902886222,1.4422855100407408,0.3571198943375588,0.0579823475472593,0.0767463867692932,-0.0873742572245662,-0.1553850627102272,-0.0317991735068171,1,"Gold daily return was 2.66%, used to evaluate commodity safe-haven behavior. || Market stress day identified on 2026-03-27 based on the project's is_stress flag. || S&P 500 daily return was -1.67%, representing equity market pressure. || US Treasury bond ETF IEF daily return was 0.01%, used to evaluate bond safe-haven behavior. || VIX closed at 31.05, showing elevated market fear and volatility."
2026-03-30,6343.72021484375,5458640000.0,30.61000061035156,4526.0,10816.0,94.6416473388672,15430000.0,160.23399353027344,-0.0039457488286226,-0.0141706485513795,0.0075690115761353,0.0070824495392012,-0.0033186319485827,6489.354352678572,6727.544010416666,27.75857162475586,23.80300013224284,4473.871372767857,4935.716634114583,94.33652932303292,95.58040135701498,159.09671238490515,157.44693196614585,0.1380108276271847,1.4429280510848868,0.3520222297212957,0.0608119322401682,0.075829722272719,-0.0909752491800931,-0.1489921624725041,-0.0249419400093663,1,"Gold daily return was 0.76%, used to evaluate commodity safe-haven behavior. || Market stress day identified on 2026-03-30 based on the project's is_stress flag. || S&P 500 daily return was -0.39%, representing equity market pressure. || US Treasury bond ETF IEF daily return was 0.71%, used to evaluate bond safe-haven behavior. || VIX closed at 30.61, showing elevated market fear and volatility."
2026-03-31,6528.52001953125,6396100000.0,25.25,4647.60009765625,4264.0,94.81053161621094,18649700.0,159.84100341796875,0.0291311404710259,-0.1751061909008566,0.0268670122970062,0.0017844604578685,0.0024526013715712,6492.5029296875,6717.05400390625,27.54000009809221,23.968333435058597,4484.899972098215,4927.873307291667,94.41600254603794,95.5314173380534,159.37057059151786,157.654665629069,0.1654716933095058,1.5449459554806808,0.3545658414556353,0.0611823303735925,0.0759277835260875,-0.0644943214723191,-0.1261281244368042,-0.0232019874571871,1,"Gold daily return was 2.69%, used to evaluate commodity safe-haven behavior. || Market stress day identified on 2026-03-31 based on the project's is_stress flag. || S&P 500 daily return was 2.91%, representing equity market pressure. || US Treasury bond ETF IEF daily return was 0.18%, used to evaluate bond safe-haven behavior. || VIX closed at 25.25, showing elevated market fear and volatility."
2026-04-01,6575.31982421875,5637260000.0,24.540000915527344,4783.2001953125,1637.0,94.72779846191406,13557600.0,158.57899475097656,0.0071685166848673,-0.0281187756226795,0.0291763694825275,-0.0008726156565789,0.0078954000538407,6491.691476004465,6706.854329427083,27.31000028337751,24.132333437601726,4539.05712890625,4921.096647135417,94.44108254568916,95.48627904256185,159.2769993373326,157.83566538492838,0.1661314932903649,1.5437739941110245,0.3596913780197188,0.0610172603069864,0.0795975115749297,-0.0577881334070053,-0.100631715714983,-0.0240543566962471,0,
2026-04-02,6582.68994140625,4740740000.0,23.8700008392334,4651.5,0.0,94.94708251953124,13171300.0,158.68800354003906,0.0011208758485563,-0.0273023655785608,-0.0275339082486166,0.00231488603322,-0.0006874100143823,6495.451450892857,6697.54765625,26.870000294276643,24.25366681416829,4575.085728236607,4910.283317057291,94.54290117536272,95.44547856648764,159.3068564278739,157.96883239746094,0.1662440428824463,1.546772190142825,0.3677468170368585,0.0614236375472337,0.0749853785364042,-0.0567320308815181,-0.1253948395362026,-0.0217951537573812,0,
2026-04-06,6611.830078125,3906440000.0,24.170000076293945,4656.7998046875,148.0,94.6978988647461,6104900.0,159.77999877929688,0.0044267825126402,0.0125680446800595,0.0011393754030957,-0.0026244477257516,-0.0068813975530437,6498.298618861607,6687.625,26.70428603036063,24.423000144958497,4590.371442522322,4896.866650390625,94.53816441127232,95.39637196858725,159.4585702078683,158.12283223470052,0.1653146275600584,1.5339057988937712,0.3635915559316903,0.061737995455459,0.0767657023450296,-0.0525563887310907,-0.1243983359289495,-0.024362401241422,0,
2026-04-07,6616.85009765625,4555680000.0,25.780000686645508,4657.10009765625,327.0,94.9371109008789,6737500.0,159.68299865722656,0.0007592481161695,0.0666115269039928,6.44848353685834e-05,0.002526054315888,0.0006070855101476,6518.254324776785,6680.261669921875,26.467143195016043,24.582000160217284,4630.600027901785,4878.613313802083,94.67687661307198,95.34368311564128,159.50128391810827,158.30096537272135,0.1632013041344425,1.5200257124595329,0.3514765855610708,0.0611903903247846,0.074605276795444,-0.0518370439540579,-0.1243418728997933,-0.0218978876743353,1,"Gold daily return was 0.01%, used to evaluate commodity safe-haven behavior. || Market stress day identified on 2026-04-07 based on the project's is_stress flag. || S&P 500 daily return was 0.08%, representing equity market pressure. || US Treasury bond ETF IEF daily return was 0.25%, used to evaluate bond safe-haven behavior. || VIX closed at 25.78, showing elevated market fear and volatility."
2026-04-08,6782.81005859375,5904880000.0,21.040000915527344,4749.5,405.0,95.14642333984376,12107400.0,158.71600341796875,0.0250814146441498,-0.1838634462711076,0.0198406519950584,0.0022047483537117,0.0060557181878425,6577.391462053572,6676.686344401041,25.037143434797013,24.63166688283285,4667.3857421875,4865.069986979167,94.84407043457033,95.29863154093424,159.36014229910714,158.43699900309244,0.1783825833579305,1.606481655677028,0.3573508784561895,0.0617025219012837,0.0774147158988136,-0.0280557757032468,-0.1069682447333535,-0.0197414186524234,0,
2026-04-09,6824.66015625,4912410000.0,19.489999771118164,4792.2001953125,1277.0,95.11651611328124,11065900.0,158.64199829101562,0.0061700235292931,-0.0736692527073652,0.0089904611669648,-0.000314328437294,0.0004662738813945,6646.09716796875,6672.637353515625,23.4485718863351,24.68366686503093,4705.414341517857,4851.263330078125,94.91190883091518,95.255224609375,159.1327144077846,158.52906545003256,0.1776484888763067,1.602207263295893,0.3571124082788116,0.0616944203837362,0.0744373248004546,-0.0220588569701752,-0.0989394774167622,-0.0200495418004424,0,
2026-04-10,6816.89013671875,4393220000.0,19.229999542236328,4761.89990234375,812.0,94.95703887939452,4404800.0,159.11199951171875,-0.0011385210916523,-0.0133401863486486,-0.0063228353853806,-0.001676651336733,-0.0029626531799034,6687.292898995535,6669.571695963542,22.58857182094029,24.70366687774658,4721.742885044643,4837.443326822917,94.9328384399414,95.19791692097982,159.02857099260603,158.62613220214843,0.1770696606280389,1.6004982857432803,0.3571619456423098,0.0610693531752231,0.0746384651740937,-0.0231722635879092,-0.1046367347733211,-0.0216925770461148,0,
2026-04-13,6886.240234375,4785840000.0,19.1200008392334,4742.39990234375,32.0,95.1663589477539,4300200.0,159.67999267578125,0.0101732749487482,-0.0057201614987734,-0.0040950041789837,0.0022043660041384,-0.0035697695070489,6731.710100446428,6669.817041015625,21.81428609575544,24.67900021870931,4715.914271763393,4821.173323567708,94.99548993791852,95.13470967610677,159.18585641043526,158.75349884033204,0.179237029472875,1.5905808051857782,0.3550555284813346,0.0601133857788732,0.0746189379795681,-0.0132347264478256,-0.1083032510861329,-0.019536029421359,0,
2026-04-14,6967.3798828125,5032380000.0,18.36000061035156,4825.0,288.0,95.47533416748048,5239800.0,159.21400451660156,0.0117828663647927,-0.0397489642010031,0.0174173623813183,0.0032466853113104,0.002918262653768,6786.665806361607,6672.675699869792,21.027143205915177,24.576333554585776,4740.699986049107,4805.52666015625,95.07095445905414,95.10123901367189,159.26099940708704,158.83953247070312,0.1824122565149553,1.578595477123217,0.3573071440865363,0.0589185927139349,0.0743089333085507,-0.0016078030961422,-0.0927722456760566,-0.0163527714498121,0,
2026-04-15,7022.9501953125,5278610000.0,18.170000076293945,4800.0,182.0,95.26602935791016,5592900.0,158.79200744628906,0.0079757833553877,-0.0103486126220763,-0.005181347150259,-0.0021922396124131,0.0026505022067232,6845.397251674107,6679.553043619791,20.170000348772323,24.396333567301436,4761.157156808035,4795.279996744792,95.15211595807756,95.06443405151369,159.11985778808594,158.8906992594401,0.1811624195670879,1.550120732870459,0.3439287518579604,0.0591218341806772,0.0741367195179159,0.0,-0.0974729076155589,-0.0185091618688802,0,
2026-04-16,7041.27978515625,5173650000.0,17.940000534057617,4785.39990234375,805.0,95.09658813476562,6618900.0,158.8090057373047,0.0026099558353673,-0.0126582026015731,-0.0030416870117186,-0.0017786111616759,-0.0001070475226618,6906.030064174107,6685.279036458333,19.05000032697405,24.28933359781901,4779.485700334822,4784.119986979166,95.17489842006138,95.0286038716634,158.9950016566685,158.92523295084635,0.1801198368990058,1.5220601668992064,0.3436955938174768,0.0590574132854903,0.073609282341373,0.0,-0.1002181125501889,-0.0202548524286629,0,
2026-04-17,7126.06005859375,6145300000.0,17.479999542236328,4857.60009765625,1902.0,95.61487579345705,6912900.0,159.19500732421875,0.0120404636691509,-0.0256410801631814,0.0150875991110248,0.0054501183360746,-0.0024306026293783,6955.065778459822,6695.124039713542,18.54142870221819,24.080333582560225,4794.928571428572,4777.196663411459,95.241820199149,95.019984181722,159.0634307861328,158.99896647135418,0.1818323293292847,1.4771362288042518,0.3461505181881301,0.0607942076376335,0.0721541919153391,0.0,-0.0866425641449849,-0.0149151254352042,0,
2026-04-20,7109.14013671875,4661130000.0,18.8700008392334,4806.60009765625,724.0,95.5251693725586,3868800.0,159.16099548339844,-0.0023743726176704,0.0795195270822781,-0.0104990116466373,-0.0009382056939782,0.0002136489164578,6995.705775669643,6707.428043619791,18.45285742623465,23.726333618164062,4796.985700334822,4765.879996744791,95.30019923618862,95.01036122639974,159.1375732421875,159.0531997680664,0.1768227480305795,1.3056588082321148,0.3432633966418558,0.0608254911786721,0.0715988380070594,-0.0023743726176704,-0.0962319145015696,-0.0158393376735729,0,
2026-04-21,7064.009765625,5160270000.0,19.5,4698.39990234375,1197.0,95.10655212402344,4872900.0,158.843994140625,-0.0063482179596729,0.0333862815446592,-0.022510754611198,-0.0043822717225708,0.0019917024382176,7031.008579799107,6716.362027994792,18.49142892020089,23.526333618164063,4787.914271763393,4752.77666015625,95.3215582711356,94.97685012817382,159.09928676060267,159.06709950764974,0.1772660732351634,1.257213861438328,0.3475500550999356,0.0612708078790106,0.0700824734380709,-0.0087075175424489,-0.1165764160996569,-0.0201521971145526,0,
2026-04-22,7137.89990234375,4919460000.0,18.920000076293945,4732.5,765.0,95.20622253417967,4121400.0,159.3730010986328,0.0104600841689539,-0.0297435858310797,0.0072578108217735,0.0010479867888204,-0.0033303554274735,7066.9599609375,6728.242692057292,18.462857382638116,23.32600027720133,4786.5,4736.2033203125,95.32725306919644,94.95692647298178,159.05543082101005,159.11793263753256,0.1788656062480991,1.2582417698385493,0.337473601919449,0.0607829942922502,0.0697563967019787,0.0,-0.1101646948522151,-0.0191253295620739,0,
2026-04-23,7108.39990234375,5307260000.0,19.309999465942383,4705.10009765625,292.0,95.05671691894533,6795600.0,159.48800659179688,-0.0041328682670813,0.0206130754796927,-0.0057897310816165,-0.0015703344934273,-0.0007216121449133,7087.105678013393,6739.329361979167,18.59857150486537,23.162000274658205,4769.371442522322,4720.793326822916,95.26745060511998,94.94658940633138,159.09457397460938,159.16373291015626,0.1795367864652101,1.258744928809811,0.3365501004372593,0.0595231050654475,0.0696495498712336,-0.0041328682670814,-0.1153166019759489,-0.0206656308907918,0,
2026-04-24,7165.080078125,4608830000.0,18.709999084472656,4722.2998046875,45.0,95.24608612060548,5490000.0,159.7469940185547,0.0079736897979756,-0.0310720040426705,0.003655545402704,0.0019921706513557,-0.0016238677270616,7107.409946986607,6755.744694010416,18.675714220319477,22.876000213623048,4758.271414620535,4707.67666015625,95.2646015712193,94.95282974243165,159.23100062779017,159.1861328125,0.1730479999297271,1.197907097830528,0.3363765427169148,0.0590611080273414,0.06760381658695,0.0,-0.1120826016474534,-0.0187146297027884,0,
2026-04-27,7173.91015625,4783750000.0,18.020000457763672,4675.39990234375,538.0,95.0268096923828,4055500.0,159.5760040283203,0.0012323767534654,-0.0368786029114032,-0.0099315808575295,-0.0023022093311532,0.0010703800173824,7126.357142857143,6773.802034505208,18.687142780848912,22.57033354441325,4742.55712890625,4695.106656901042,95.25463322230748,94.95507227579752,159.340571812221,159.1984664916992,0.1712191545459277,1.200327200134119,0.3358242625663276,0.0593793074869871,0.0676625043938652,0.0,-0.120901025083999,-0.0209737540388109,0,
2026-04-28,7138.7998046875,4900650000.0,17.829999923706055,4591.5,2660.0,94.9371109008789,4867700.0,159.35699462890625,-0.0048941721875219,-0.0105438695466713,-0.0179449681516422,-0.0009439314209774,0.0013724456928699,7128.177106584822,6788.449365234375,18.73714283534459,22.38100020090739,4704.542829241072,4681.689990234375,95.15780966622488,94.9400858561198,159.36371285574776,159.19143320719402,0.1710725786859366,1.140799498497595,0.3378431374816475,0.0578972794998746,0.0674630732573869,-0.0048941721875219,-0.1366764281910081,-0.0218978876743353,0,
2026-04-29,7135.9501953125,5123100000.0,18.809999465942383,4545.2001953125,507.0,94.48859405517578,7200300.0,159.552001953125,-0.0003991720531409,0.0549635191491706,-0.0100838080556463,-0.0047243574345906,-0.0012237136165429,7132.007114955357,6802.444710286459,18.72857121058873,22.26233348846436,4667.199986049107,4666.496663411458,95.00972747802734,94.90451939900716,159.41957092285156,159.20633341471355,0.1712312401882118,1.1471826754113164,0.3383077251230939,0.0590723062646385,0.0669979530315489,-0.0052913906239024,-0.1453820173790449,-0.0265187916604899,0,
2026-04-30,7209.009765625,5723790000.0,16.889999389648438,4614.7001953125,77.0,94.66799926757812,10382400.0,160.1840057373047,0.0102382399418219,-0.1020733721853804,0.0152908556308863,0.0018986970247178,-0.0039611147239968,7152.721400669643,6821.921695963541,18.355713980538503,21.989000129699708,4655.242885044643,4657.32333984375,94.94707706996373,94.88950322469076,159.61100115094865,159.24950002034504,0.1661190388138347,1.1186207581883167,0.3372186023418531,0.0580365955361305,0.0677600232556717,0.0,-0.1323141771872285,-0.0246704457865968,0,
2026-05-01,7230.1201171875,4847390000.0,16.989999771118164,4629.89990234375,113.0,94.73999786376952,5359200.0,156.97799682617188,0.0029283288896571,0.0059206859137612,0.0032937582915331,0.0007605378454009,0.0200145382578991,7165.895717075893,6842.709358723959,18.07999965122768,21.753333473205565,4640.585728236607,4658.296663411458,94.88047354561942,94.87721837361654,159.26885768345423,159.15559997558594,0.1652618322715991,1.115796101753852,0.2900701871048481,0.0580968381814172,0.0878813843152544,0.0,-0.1294562298138932,-0.0239286707488794,0,
2026-05-04,7200.75,5215480000.0,18.290000915527344,4519.5,20.0,94.38999938964844,6593900.0,156.8459930419922,-0.0040621893843342,0.0765156657988361,-0.0238449868619974,-0.0036943052777387,0.0008409062852665,7179.088588169643,6865.851692708334,17.93428557259696,21.47033348083496,4614.071428571428,4656.6,94.7852281842913,94.88174438476562,158.89142717633928,159.11966654459636,0.157601636865332,1.0856720822940036,0.2978759551323693,0.0528761622651655,0.0813196822343733,-0.0040621893843341,-0.1502143345767747,-0.0275345762119813,0,
2026-05-05,7259.22021484375,5279760000.0,17.3799991607666,4555.7998046875,426.0,94.52999877929688,11281600.0,157.19400024414062,0.0081200173376037,-0.0497540573652018,0.008031818716119,0.0014832015102628,-0.0022187828671866,7192.537179129465,6888.459033203125,17.744285583496094,21.17800013224284,4590.285714285715,4661.656656901042,94.68292999267578,94.88100306193034,158.52671377999442,159.05166676839193,0.1564192542150854,1.0911027381230176,0.2781561564766114,0.0522385962534711,0.0776162985017364,0.0,-0.1433890101645387,-0.0260922140267405,0,
2026-05-06,7365.1201171875,6579640000.0,17.389999389648438,4681.89990234375,212.0,95.0,9031100.0,157.677001953125,0.0145883303177942,0.000575387190145,0.0276790252123249,0.0049719795490579,-0.0030726472272111,7219.852887834822,6915.417366536459,17.654285430908203,20.859333419799803,4591.214285714285,4671.07666015625,94.6791000366211,94.90652465820312,158.25542776925224,159.02493336995445,0.1582374543600153,1.0845739989716825,0.2883387276884136,0.0531575298076124,0.0771366897459382,0.0,-0.1196788529797284,-0.0212499644322132,0,
2026-05-07,7337.10986328125,6237040000.0,17.079999923706055,4699.7998046875,254.0,94.70999908447266,5610100.0,156.50799560546875,-0.0038030953277848,-0.0178263068903218,0.0038232133785665,-0.0030526412160772,0.0074139305870604,7248.182896205357,6940.257698567709,17.547142573765345,20.584333419799805,4606.685686383928,4676.07666015625,94.6466554914202,94.90582275390624,157.84842790876115,158.95126647949218,0.1597349320549875,1.0752069362943375,0.2720485226852873,0.0518171415772661,0.0797524330180863,-0.0038030953277848,-0.1163131973930055,-0.0242377371310246,0,
2026-05-08,7398.93017578125,5302740000.0,17.190000534057617,4720.39990234375,120.0,94.95999908447266,3215100.0,156.82899475097656,0.0084257035334009,0.0064403167940818,0.0043831862020387,0.0026396368114947,-0.0020510079645834,7285.75146484375,6970.983365885417,17.315714154924667,20.24266675313314,4631.714215959822,4687.573323567708,94.71399906703404,94.9389518737793,157.4594268798828,158.86609954833983,0.1472366647316557,1.0392702505943991,0.2449249561036707,0.0463265656590271,0.0789031465854939,0.0,-0.1124398335928949,-0.0216620791426883,0,
2026-05-11,7412.83984375,3378815000.0,18.3799991607666,4734.39990234375,24479.0,94.63999938964844,4023904.0,156.85800170898438,0.0018799566475542,0.0692262123175218,0.0029658504130229,-0.0033698367513625,-0.0001849591528266,7314.870047433035,7005.783024088541,17.528571265084402,19.820333417256677,4648.814174107143,4695.6533203125,94.70999908447266,94.9610829671224,156.98428344726562,158.77123311360677,0.1331502115903631,0.9776479437675988,0.234159629263828,0.0475675206278413,0.0785705862971297,0.0,-0.1098074629067736,-0.024958918223645,0,
